Type,Name,DisplayName,ResponsibleTeam,Manufacturer,Supplier,SerialNumber,ParentName,StationIdentifier,ClientPcHostname,Metadata,PinnedObjectHandle,OrganizationId,StorageLocation,EquipmentStatus,MachineId,StockQuantity,MinStockThreshold,IsStockItem,Technology,MachineType,GroupId
Machine,L01-OP010,L01-OP010 – Hyper-Conveyor Pallet Infeed 9000,Plant Maintenance (Synthetic AI Guild),Bosch Rexroth,Insight Industrial,SN-SYNTH-MCH-01-OP010,,LINE-01-OP010,,"{""Line"": ""Line 01 \u2013 Synthetic Audi E-Tron Module Line (AI Sim)"", ""Technology"": ""Assembly"", ""MachineType"": ""ConveyorTransfer"", ""StationIdentifier"": ""LINE-01-OP010"", ""CycleTimeTarget"": ""16s"", ""SafetyRating"": ""SIL2 / PLd"", ""PowerSupply"": ""400V 3Ph 50Hz"", ""ConveyorLoop"": ""Conveyor Loop L01"", ""PalletCarrierType"": ""Pallet RFID High-Speed 400x400""}",L01-OP010,org-line-01,Line 01 – Synthetic Audi E-Tron Module Line (AI Sim) – Cell OP010,InMachine,,,,False,Assembly,ConveyorTransfer,Line 01 – Synthetic Audi E-Tron Module Line (AI Sim)
Machine,L01-OP020,L01-OP020 – Robo-RFID Pallet Scanner AI-X,Robotics & Cybernetics (Synthetic AI Guild),Balluff,Direct Automation Europe,SN-SYNTH-MCH-01-OP020,,LINE-01-OP020,,"{""Line"": ""Line 01 \u2013 Synthetic Audi E-Tron Module Line (AI Sim)"", ""Technology"": ""Test"", ""MachineType"": ""ConveyorTransfer"", ""StationIdentifier"": ""LINE-01-OP020"", ""CycleTimeTarget"": ""21s"", ""SafetyRating"": ""SIL3 / PLe"", ""PowerSupply"": ""48V High Current"", ""ConveyorLoop"": ""Conveyor Loop L01"", ""PalletCarrierType"": ""Pallet RFID High-Speed 400x400""}",L01-OP020,org-line-01,Line 01 – Synthetic Audi E-Tron Module Line (AI Sim) – Cell OP020,InMachine,,,,False,Test,ConveyorTransfer,Line 01 – Synthetic Audi E-Tron Module Line (AI Sim)
Machine,L01-OP030,L01-OP030 – Giga-Gluer 2K Thermal Dispenser Bot,SMT & Microchips (Synthetic AI Guild),Nordson,Insight Industrial,SN-SYNTH-MCH-01-OP030,,LINE-01-OP030,,"{""Line"": ""Line 01 \u2013 Synthetic Audi E-Tron Module Line (AI Sim)"", ""Technology"": ""Dispensing"", ""MachineType"": ""Dispenser"", ""StationIdentifier"": ""LINE-01-OP030"", ""CycleTimeTarget"": ""16s"", ""SafetyRating"": ""SIL3 / PLe"", ""PowerSupply"": ""400V 3Ph 50Hz"", ""ConveyorLoop"": ""Conveyor Loop L01"", ""PalletCarrierType"": ""Pallet RFID High-Speed 400x400""}",L01-OP030,org-line-01,Line 01 – Synthetic Audi E-Tron Module Line (AI Sim) – Cell OP030,InMachine,,,,False,Dispensing,Dispenser,Line 01 – Synthetic Audi E-Tron Module Line (AI Sim)
Machine,L01-OP040,L01-OP040 – Auto-Bolt Torquinator 3000,Robotics & Cybernetics (Synthetic AI Guild),Atlas Copco,MISUMI Industrial,SN-SYNTH-MCH-01-OP040,,LINE-01-OP040,,"{""Line"": ""Line 01 \u2013 Synthetic Audi E-Tron Module Line (AI Sim)"", ""Technology"": ""Fastening"", ""MachineType"": ""FasteningStation"", ""StationIdentifier"": ""LINE-01-OP040"", ""CycleTimeTarget"": ""53s"", ""SafetyRating"": ""SIL3 / PLe"", ""PowerSupply"": ""48V High Current"", ""ConveyorLoop"": ""Conveyor Loop L01"", ""PalletCarrierType"": ""Pallet RFID High-Speed 400x400""}",L01-OP040,org-line-01,Line 01 – Synthetic Audi E-Tron Module Line (AI Sim) – Cell OP040,InMachine,,,,False,Fastening,FasteningStation,Line 01 – Synthetic Audi E-Tron Module Line (AI Sim)
Machine,L01-OP050,L01-OP050 – Pallet-Lift Elevator Mech-Tron,Robotics & Cybernetics (Synthetic AI Guild),Bosch Rexroth,Conrad Electronic,SN-SYNTH-MCH-01-OP050,,LINE-01-OP050,,"{""Line"": ""Line 01 \u2013 Synthetic Audi E-Tron Module Line (AI Sim)"", ""Technology"": ""Assembly"", ""MachineType"": ""ConveyorTransfer"", ""StationIdentifier"": ""LINE-01-OP050"", ""CycleTimeTarget"": ""56s"", ""SafetyRating"": ""SIL2 / PLd"", ""PowerSupply"": ""400V 3Ph 50Hz"", ""ConveyorLoop"": ""Conveyor Loop L01"", ""PalletCarrierType"": ""Pallet RFID High-Speed 400x400""}",L01-OP050,org-line-01,Line 01 – Synthetic Audi E-Tron Module Line (AI Sim) – Cell OP050,InMachine,,,,False,Assembly,ConveyorTransfer,Line 01 – Synthetic Audi E-Tron Module Line (AI Sim)
Machine,L01-OP060,L01-OP060 – Laser-Zapper Seam Welder Omni-9,SMT & Microchips (Synthetic AI Guild),Trumpf,MISUMI Industrial,SN-SYNTH-MCH-01-OP060,,LINE-01-OP060,,"{""Line"": ""Line 01 \u2013 Synthetic Audi E-Tron Module Line (AI Sim)"", ""Technology"": ""Welding"", ""MachineType"": ""LaserWelder"", ""StationIdentifier"": ""LINE-01-OP060"", ""CycleTimeTarget"": ""32s"", ""SafetyRating"": ""SIL3 / PLe"", ""PowerSupply"": ""400V 3Ph 50Hz"", ""ConveyorLoop"": ""Conveyor Loop L01"", ""PalletCarrierType"": ""Pallet RFID High-Speed 400x400""}",L01-OP060,org-line-01,Line 01 – Synthetic Audi E-Tron Module Line (AI Sim) – Cell OP060,InMachine,,,,False,Welding,LaserWelder,Line 01 – Synthetic Audi E-Tron Module Line (AI Sim)
Machine,L01-OP070,L01-OP070 – High-Voltage Sparky Insulation Tester,Plant Maintenance (Synthetic AI Guild),Chroma,RS Components,SN-SYNTH-MCH-01-OP070,,LINE-01-OP070,,"{""Line"": ""Line 01 \u2013 Synthetic Audi E-Tron Module Line (AI Sim)"", ""Technology"": ""Test"", ""MachineType"": ""EOLTester"", ""StationIdentifier"": ""LINE-01-OP070"", ""CycleTimeTarget"": ""36s"", ""SafetyRating"": ""SIL2 / PLd"", ""PowerSupply"": ""400V 3Ph 50Hz"", ""ConveyorLoop"": ""Conveyor Loop L01"", ""PalletCarrierType"": ""Pallet RFID High-Speed 400x400""}",L01-OP070,org-line-01,Line 01 – Synthetic Audi E-Tron Module Line (AI Sim) – Cell OP070,InMachine,,,,False,Test,EOLTester,Line 01 – Synthetic Audi E-Tron Module Line (AI Sim)
Machine,L01-OP080,L01-OP080 – Cell-Loader Gantry Manipulator AI,Robotics & Cybernetics (Synthetic AI Guild),KUKA,Farnell Components,SN-SYNTH-MCH-01-OP080,,LINE-01-OP080,,"{""Line"": ""Line 01 \u2013 Synthetic Audi E-Tron Module Line (AI Sim)"", ""Technology"": ""Robotics"", ""MachineType"": ""RobotCell"", ""StationIdentifier"": ""LINE-01-OP080"", ""CycleTimeTarget"": ""21s"", ""SafetyRating"": ""SIL3 / PLe"", ""PowerSupply"": ""24V DC Industrial Spool"", ""ConveyorLoop"": ""Conveyor Loop L01"", ""PalletCarrierType"": ""Pallet RFID High-Speed 400x400""}",L01-OP080,org-line-01,Line 01 – Synthetic Audi E-Tron Module Line (AI Sim) – Cell OP080,InMachine,,,,False,Robotics,RobotCell,Line 01 – Synthetic Audi E-Tron Module Line (AI Sim)
Machine,L01-OP090,L01-OP090 – Deep-Vision AOI Flaw-Finder 4000,Controls Engineering (Synthetic AI Guild),Cognex,Farnell Components,SN-SYNTH-MCH-01-OP090,,LINE-01-OP090,,"{""Line"": ""Line 01 \u2013 Synthetic Audi E-Tron Module Line (AI Sim)"", ""Technology"": ""Test"", ""MachineType"": ""VisionInspection"", ""StationIdentifier"": ""LINE-01-OP090"", ""CycleTimeTarget"": ""37s"", ""SafetyRating"": ""SIL2 / PLd"", ""PowerSupply"": ""400V 3Ph 50Hz"", ""ConveyorLoop"": ""Conveyor Loop L01"", ""PalletCarrierType"": ""Pallet RFID High-Speed 400x400""}",L01-OP090,org-line-01,Line 01 – Synthetic Audi E-Tron Module Line (AI Sim) – Cell OP090,InMachine,,,,False,Test,VisionInspection,Line 01 – Synthetic Audi E-Tron Module Line (AI Sim)
Machine,L01-OP100,L01-OP100 – Multi-Spindle Cover Fastener Cyber,Plant Maintenance (Synthetic AI Guild),Atlas Copco,RS Components,SN-SYNTH-MCH-01-OP100,,LINE-01-OP100,,"{""Line"": ""Line 01 \u2013 Synthetic Audi E-Tron Module Line (AI Sim)"", ""Technology"": ""Fastening"", ""MachineType"": ""FasteningStation"", ""StationIdentifier"": ""LINE-01-OP100"", ""CycleTimeTarget"": ""49s"", ""SafetyRating"": ""SIL3 / PLe"", ""PowerSupply"": ""24V DC Industrial Spool"", ""ConveyorLoop"": ""Conveyor Loop L01"", ""PalletCarrierType"": ""Pallet RFID High-Speed 400x400""}",L01-OP100,org-line-01,Line 01 – Synthetic Audi E-Tron Module Line (AI Sim) – Cell OP100,InMachine,,,,False,Fastening,FasteningStation,Line 01 – Synthetic Audi E-Tron Module Line (AI Sim)
Machine,L01-OP110,L01-OP110 – Pallet Accumulator Buffer Loop-1,Controls Engineering (Synthetic AI Guild),Bosch Rexroth,MISUMI Industrial,SN-SYNTH-MCH-01-OP110,,LINE-01-OP110,,"{""Line"": ""Line 01 \u2013 Synthetic Audi E-Tron Module Line (AI Sim)"", ""Technology"": ""Assembly"", ""MachineType"": ""ConveyorTransfer"", ""StationIdentifier"": ""LINE-01-OP110"", ""CycleTimeTarget"": ""33s"", ""SafetyRating"": ""SIL2 / PLd"", ""PowerSupply"": ""48V High Current"", ""ConveyorLoop"": ""Conveyor Loop L01"", ""PalletCarrierType"": ""Pallet RFID High-Speed 400x400""}",L01-OP110,org-line-01,Line 01 – Synthetic Audi E-Tron Module Line (AI Sim) – Cell OP110,InMachine,,,,False,Assembly,ConveyorTransfer,Line 01 – Synthetic Audi E-Tron Module Line (AI Sim)
Machine,L01-OP120,L01-OP120 – Outfeed Barcode Check & Gate Bot,Robotics & Cybernetics (Synthetic AI Guild),Keyence,Conrad Electronic,SN-SYNTH-MCH-01-OP120,,LINE-01-OP120,,"{""Line"": ""Line 01 \u2013 Synthetic Audi E-Tron Module Line (AI Sim)"", ""Technology"": ""Test"", ""MachineType"": ""ConveyorTransfer"", ""StationIdentifier"": ""LINE-01-OP120"", ""CycleTimeTarget"": ""19s"", ""SafetyRating"": ""SIL3 / PLe"", ""PowerSupply"": ""48V High Current"", ""ConveyorLoop"": ""Conveyor Loop L01"", ""PalletCarrierType"": ""Pallet RFID High-Speed 400x400""}",L01-OP120,org-line-01,Line 01 – Synthetic Audi E-Tron Module Line (AI Sim) – Cell OP120,InMachine,,,,False,Test,ConveyorTransfer,Line 01 – Synthetic Audi E-Tron Module Line (AI Sim)
Machine,L02-OP010,L02-OP010 – Pack-Tray Roller Infeed Infeed-Bot,Robotics & Cybernetics (Synthetic AI Guild),Bosch Rexroth,Farnell Components,SN-SYNTH-MCH-02-OP010,,LINE-02-OP010,,"{""Line"": ""Line 02 \u2013 Synthetic Audi Battery Pack Line (AI Sim)"", ""Technology"": ""Assembly"", ""MachineType"": ""ConveyorTransfer"", ""StationIdentifier"": ""LINE-02-OP010"", ""CycleTimeTarget"": ""20s"", ""SafetyRating"": ""SIL3 / PLe"", ""PowerSupply"": ""400V 3Ph 50Hz"", ""ConveyorLoop"": ""Conveyor Loop L02"", ""PalletCarrierType"": ""Pallet RFID High-Speed 400x400""}",L02-OP010,org-line-02,Line 02 – Synthetic Audi Battery Pack Line (AI Sim) – Cell OP010,InMachine,,,,False,Assembly,ConveyorTransfer,Line 02 – Synthetic Audi Battery Pack Line (AI Sim)
Machine,L02-OP020,L02-OP020 – Cooling-Plate Adhesive Applicator AI,SMT & Microchips (Synthetic AI Guild),Nordson,Farnell Components,SN-SYNTH-MCH-02-OP020,,LINE-02-OP020,,"{""Line"": ""Line 02 \u2013 Synthetic Audi Battery Pack Line (AI Sim)"", ""Technology"": ""Dispensing"", ""MachineType"": ""Dispenser"", ""StationIdentifier"": ""LINE-02-OP020"", ""CycleTimeTarget"": ""44s"", ""SafetyRating"": ""SIL2 / PLd"", ""PowerSupply"": ""400V 3Ph 50Hz"", ""ConveyorLoop"": ""Conveyor Loop L02"", ""PalletCarrierType"": ""Pallet RFID High-Speed 400x400""}",L02-OP020,org-line-02,Line 02 – Synthetic Audi Battery Pack Line (AI Sim) – Cell OP020,InMachine,,,,False,Dispensing,Dispenser,Line 02 – Synthetic Audi Battery Pack Line (AI Sim)
Machine,L02-OP030,L02-OP030 – Heavy-Module Unload Robot Gantry 1,Vision & Photons (Synthetic AI Guild),Fanuc,Farnell Components,SN-SYNTH-MCH-02-OP030,,LINE-02-OP030,,"{""Line"": ""Line 02 \u2013 Synthetic Audi Battery Pack Line (AI Sim)"", ""Technology"": ""Robotics"", ""MachineType"": ""RobotCell"", ""StationIdentifier"": ""LINE-02-OP030"", ""CycleTimeTarget"": ""28s"", ""SafetyRating"": ""SIL2 / PLd"", ""PowerSupply"": ""48V High Current"", ""ConveyorLoop"": ""Conveyor Loop L02"", ""PalletCarrierType"": ""Pallet RFID High-Speed 400x400""}",L02-OP030,org-line-02,Line 02 – Synthetic Audi Battery Pack Line (AI Sim) – Cell OP030,InMachine,,,,False,Robotics,RobotCell,Line 02 – Synthetic Audi Battery Pack Line (AI Sim)
Machine,L02-OP040,L02-OP040 – Dual-Arm Battery Tray Inserter Mech,Plant Maintenance (Synthetic AI Guild),Fanuc,Conrad Electronic,SN-SYNTH-MCH-02-OP040,,LINE-02-OP040,,"{""Line"": ""Line 02 \u2013 Synthetic Audi Battery Pack Line (AI Sim)"", ""Technology"": ""Robotics"", ""MachineType"": ""RobotCell"", ""StationIdentifier"": ""LINE-02-OP040"", ""CycleTimeTarget"": ""19s"", ""SafetyRating"": ""SIL3 / PLe"", ""PowerSupply"": ""48V High Current"", ""ConveyorLoop"": ""Conveyor Loop L02"", ""PalletCarrierType"": ""Pallet RFID High-Speed 400x400""}",L02-OP040,org-line-02,Line 02 – Synthetic Audi Battery Pack Line (AI Sim) – Cell OP040,InMachine,,,,False,Robotics,RobotCell,Line 02 – Synthetic Audi Battery Pack Line (AI Sim)
Machine,L02-OP050,L02-OP050 – Busbar Torque Tightening Station 8X,Plant Maintenance (Synthetic AI Guild),Atlas Copco,Direct Automation Europe,SN-SYNTH-MCH-02-OP050,,LINE-02-OP050,,"{""Line"": ""Line 02 \u2013 Synthetic Audi Battery Pack Line (AI Sim)"", ""Technology"": ""Fastening"", ""MachineType"": ""FasteningStation"", ""StationIdentifier"": ""LINE-02-OP050"", ""CycleTimeTarget"": ""25s"", ""SafetyRating"": ""SIL2 / PLd"", ""PowerSupply"": ""24V DC Industrial Spool"", ""ConveyorLoop"": ""Conveyor Loop L02"", ""PalletCarrierType"": ""Pallet RFID High-Speed 400x400""}",L02-OP050,org-line-02,Line 02 – Synthetic Audi Battery Pack Line (AI Sim) – Cell OP050,InMachine,,,,False,Fastening,FasteningStation,Line 02 – Synthetic Audi Battery Pack Line (AI Sim)
Machine,L02-OP060,L02-OP060 – Laser Seam Seal Chamber Hermetic-X,Vision & Photons (Synthetic AI Guild),Trumpf,Conrad Electronic,SN-SYNTH-MCH-02-OP060,,LINE-02-OP060,,"{""Line"": ""Line 02 \u2013 Synthetic Audi Battery Pack Line (AI Sim)"", ""Technology"": ""Welding"", ""MachineType"": ""LaserWelder"", ""StationIdentifier"": ""LINE-02-OP060"", ""CycleTimeTarget"": ""59s"", ""SafetyRating"": ""SIL3 / PLe"", ""PowerSupply"": ""48V High Current"", ""ConveyorLoop"": ""Conveyor Loop L02"", ""PalletCarrierType"": ""Pallet RFID High-Speed 400x400""}",L02-OP060,org-line-02,Line 02 – Synthetic Audi Battery Pack Line (AI Sim) – Cell OP060,InMachine,,,,False,Welding,LaserWelder,Line 02 – Synthetic Audi Battery Pack Line (AI Sim)
Machine,L02-OP070,L02-OP070 – Laser Bead Profilometer Checker AI,Vision & Photons (Synthetic AI Guild),Cognex,Insight Industrial,SN-SYNTH-MCH-02-OP070,,LINE-02-OP070,,"{""Line"": ""Line 02 \u2013 Synthetic Audi Battery Pack Line (AI Sim)"", ""Technology"": ""Test"", ""MachineType"": ""VisionInspection"", ""StationIdentifier"": ""LINE-02-OP070"", ""CycleTimeTarget"": ""29s"", ""SafetyRating"": ""SIL3 / PLe"", ""PowerSupply"": ""24V DC Industrial Spool"", ""ConveyorLoop"": ""Conveyor Loop L02"", ""PalletCarrierType"": ""Pallet RFID High-Speed 400x400""}",L02-OP070,org-line-02,Line 02 – Synthetic Audi Battery Pack Line (AI Sim) – Cell OP070,InMachine,,,,False,Test,VisionInspection,Line 02 – Synthetic Audi Battery Pack Line (AI Sim)
Machine,L02-OP080,L02-OP080 – Helium Leak Sniffer Chamber Zero-P,SMT & Microchips (Synthetic AI Guild),Pfeiffer,Farnell Components,SN-SYNTH-MCH-02-OP080,,LINE-02-OP080,,"{""Line"": ""Line 02 \u2013 Synthetic Audi Battery Pack Line (AI Sim)"", ""Technology"": ""Test"", ""MachineType"": ""EOLTester"", ""StationIdentifier"": ""LINE-02-OP080"", ""CycleTimeTarget"": ""19s"", ""SafetyRating"": ""SIL3 / PLe"", ""PowerSupply"": ""48V High Current"", ""ConveyorLoop"": ""Conveyor Loop L02"", ""PalletCarrierType"": ""Pallet RFID High-Speed 400x400""}",L02-OP080,org-line-02,Line 02 – Synthetic Audi Battery Pack Line (AI Sim) – Cell OP080,InMachine,,,,False,Test,EOLTester,Line 02 – Synthetic Audi Battery Pack Line (AI Sim)
Machine,L02-OP090,L02-OP090 – Pack Lid Structural Servo Press 50kN,Plant Maintenance (Synthetic AI Guild),TOX Pressotechnik,Farnell Components,SN-SYNTH-MCH-02-OP090,,LINE-02-OP090,,"{""Line"": ""Line 02 \u2013 Synthetic Audi Battery Pack Line (AI Sim)"", ""Technology"": ""Fastening"", ""MachineType"": ""ServoPress"", ""StationIdentifier"": ""LINE-02-OP090"", ""CycleTimeTarget"": ""28s"", ""SafetyRating"": ""SIL2 / PLd"", ""PowerSupply"": ""24V DC Industrial Spool"", ""ConveyorLoop"": ""Conveyor Loop L02"", ""PalletCarrierType"": ""Pallet RFID High-Speed 400x400""}",L02-OP090,org-line-02,Line 02 – Synthetic Audi Battery Pack Line (AI Sim) – Cell OP090,InMachine,,,,False,Fastening,ServoPress,Line 02 – Synthetic Audi Battery Pack Line (AI Sim)
Machine,L02-OP100,L02-OP100 – Perimeter Hex Bolt Nutrunner Gantry,Plant Maintenance (Synthetic AI Guild),Atlas Copco,RS Components,SN-SYNTH-MCH-02-OP100,,LINE-02-OP100,,"{""Line"": ""Line 02 \u2013 Synthetic Audi Battery Pack Line (AI Sim)"", ""Technology"": ""Fastening"", ""MachineType"": ""FasteningStation"", ""StationIdentifier"": ""LINE-02-OP100"", ""CycleTimeTarget"": ""24s"", ""SafetyRating"": ""SIL2 / PLd"", ""PowerSupply"": ""400V 3Ph 50Hz"", ""ConveyorLoop"": ""Conveyor Loop L02"", ""PalletCarrierType"": ""Pallet RFID High-Speed 400x400""}",L02-OP100,org-line-02,Line 02 – Synthetic Audi Battery Pack Line (AI Sim) – Cell OP100,InMachine,,,,False,Fastening,FasteningStation,Line 02 – Synthetic Audi Battery Pack Line (AI Sim)
Machine,L02-OP110,L02-OP110 – Optical Topographic Seal Inspector,Robotics & Cybernetics (Synthetic AI Guild),Keyence,Conrad Electronic,SN-SYNTH-MCH-02-OP110,,LINE-02-OP110,,"{""Line"": ""Line 02 \u2013 Synthetic Audi Battery Pack Line (AI Sim)"", ""Technology"": ""Test"", ""MachineType"": ""VisionInspection"", ""StationIdentifier"": ""LINE-02-OP110"", ""CycleTimeTarget"": ""50s"", ""SafetyRating"": ""SIL2 / PLd"", ""PowerSupply"": ""48V High Current"", ""ConveyorLoop"": ""Conveyor Loop L02"", ""PalletCarrierType"": ""Pallet RFID High-Speed 400x400""}",L02-OP110,org-line-02,Line 02 – Synthetic Audi Battery Pack Line (AI Sim) – Cell OP110,InMachine,,,,False,Test,VisionInspection,Line 02 – Synthetic Audi Battery Pack Line (AI Sim)
Machine,L02-OP120,L02-OP120 – Final Pack Discharge Pallet Elevator,Tooling & Mechanoids (Synthetic AI Guild),Bosch Rexroth,RS Components,SN-SYNTH-MCH-02-OP120,,LINE-02-OP120,,"{""Line"": ""Line 02 \u2013 Synthetic Audi Battery Pack Line (AI Sim)"", ""Technology"": ""Assembly"", ""MachineType"": ""ConveyorTransfer"", ""StationIdentifier"": ""LINE-02-OP120"", ""CycleTimeTarget"": ""52s"", ""SafetyRating"": ""SIL2 / PLd"", ""PowerSupply"": ""24V DC Industrial Spool"", ""ConveyorLoop"": ""Conveyor Loop L02"", ""PalletCarrierType"": ""Pallet RFID High-Speed 400x400""}",L02-OP120,org-line-02,Line 02 – Synthetic Audi Battery Pack Line (AI Sim) – Cell OP120,InMachine,,,,False,Assembly,ConveyorTransfer,Line 02 – Synthetic Audi Battery Pack Line (AI Sim)
Machine,L02-OP130,L02-OP130 – Battery Pack EOL High-Voltage Gate,Robotics & Cybernetics (Synthetic AI Guild),Chroma,Direct Automation Europe,SN-SYNTH-MCH-02-OP130,,LINE-02-OP130,,"{""Line"": ""Line 02 \u2013 Synthetic Audi Battery Pack Line (AI Sim)"", ""Technology"": ""Test"", ""MachineType"": ""EOLTester"", ""StationIdentifier"": ""LINE-02-OP130"", ""CycleTimeTarget"": ""47s"", ""SafetyRating"": ""SIL2 / PLd"", ""PowerSupply"": ""400V 3Ph 50Hz"", ""ConveyorLoop"": ""Conveyor Loop L02"", ""PalletCarrierType"": ""Pallet RFID High-Speed 400x400""}",L02-OP130,org-line-02,Line 02 – Synthetic Audi Battery Pack Line (AI Sim) – Cell OP130,InMachine,,,,False,Test,EOLTester,Line 02 – Synthetic Audi Battery Pack Line (AI Sim)
Machine,L03-OP010,L03-OP010 – Hairpin Stator Raw Infeed Track,Platform Operations (Synthetic AI Guild),Bosch Rexroth,Insight Industrial,SN-SYNTH-MCH-03-OP010,,LINE-03-OP010,,"{""Line"": ""Line 03 \u2013 Synthetic Audi Powertrain Line (AI Sim)"", ""Technology"": ""Assembly"", ""MachineType"": ""ConveyorTransfer"", ""StationIdentifier"": ""LINE-03-OP010"", ""CycleTimeTarget"": ""22s"", ""SafetyRating"": ""SIL3 / PLe"", ""PowerSupply"": ""48V High Current"", ""ConveyorLoop"": ""Conveyor Loop L03"", ""PalletCarrierType"": ""Pallet RFID High-Speed 400x400""}",L03-OP010,org-line-03,Line 03 – Synthetic Audi Powertrain Line (AI Sim) – Cell OP010,InMachine,,,,False,Assembly,ConveyorTransfer,Line 03 – Synthetic Audi Powertrain Line (AI Sim)
Machine,L03-OP020,L03-OP020 – Precision Stator Iron Core Press 80kN,Robotics & Cybernetics (Synthetic AI Guild),TOX Pressotechnik,Conrad Electronic,SN-SYNTH-MCH-03-OP020,,LINE-03-OP020,,"{""Line"": ""Line 03 \u2013 Synthetic Audi Powertrain Line (AI Sim)"", ""Technology"": ""Assembly"", ""MachineType"": ""ServoPress"", ""StationIdentifier"": ""LINE-03-OP020"", ""CycleTimeTarget"": ""42s"", ""SafetyRating"": ""SIL3 / PLe"", ""PowerSupply"": ""24V DC Industrial Spool"", ""ConveyorLoop"": ""Conveyor Loop L03"", ""PalletCarrierType"": ""Pallet RFID High-Speed 400x400""}",L03-OP020,org-line-03,Line 03 – Synthetic Audi Powertrain Line (AI Sim) – Cell OP020,InMachine,,,,False,Assembly,ServoPress,Line 03 – Synthetic Audi Powertrain Line (AI Sim)
Machine,L03-OP030,L03-OP030 – Hairpin Wire Crown Insertion Robot,SMT & Microchips (Synthetic AI Guild),KUKA,MISUMI Industrial,SN-SYNTH-MCH-03-OP030,,LINE-03-OP030,,"{""Line"": ""Line 03 \u2013 Synthetic Audi Powertrain Line (AI Sim)"", ""Technology"": ""Robotics"", ""MachineType"": ""RobotCell"", ""StationIdentifier"": ""LINE-03-OP030"", ""CycleTimeTarget"": ""44s"", ""SafetyRating"": ""SIL2 / PLd"", ""PowerSupply"": ""48V High Current"", ""ConveyorLoop"": ""Conveyor Loop L03"", ""PalletCarrierType"": ""Pallet RFID High-Speed 400x400""}",L03-OP030,org-line-03,Line 03 – Synthetic Audi Powertrain Line (AI Sim) – Cell OP030,InMachine,,,,False,Robotics,RobotCell,Line 03 – Synthetic Audi Powertrain Line (AI Sim)
Machine,L03-OP040,L03-OP040 – Crown Head Twist & Chamfer Tooling,Platform Operations (Synthetic AI Guild),Atlas Copco,Insight Industrial,SN-SYNTH-MCH-03-OP040,,LINE-03-OP040,,"{""Line"": ""Line 03 \u2013 Synthetic Audi Powertrain Line (AI Sim)"", ""Technology"": ""Fastening"", ""MachineType"": ""FasteningStation"", ""StationIdentifier"": ""LINE-03-OP040"", ""CycleTimeTarget"": ""58s"", ""SafetyRating"": ""SIL3 / PLe"", ""PowerSupply"": ""48V High Current"", ""ConveyorLoop"": ""Conveyor Loop L03"", ""PalletCarrierType"": ""Pallet RFID High-Speed 400x400""}",L03-OP040,org-line-03,Line 03 – Synthetic Audi Powertrain Line (AI Sim) – Cell OP040,InMachine,,,,False,Fastening,FasteningStation,Line 03 – Synthetic Audi Powertrain Line (AI Sim)
Machine,L03-OP050,L03-OP050 – Rotor Shaft Cryogenic Insertion Press,Tooling & Mechanoids (Synthetic AI Guild),TOX Pressotechnik,Farnell Components,SN-SYNTH-MCH-03-OP050,,LINE-03-OP050,,"{""Line"": ""Line 03 \u2013 Synthetic Audi Powertrain Line (AI Sim)"", ""Technology"": ""Assembly"", ""MachineType"": ""ServoPress"", ""StationIdentifier"": ""LINE-03-OP050"", ""CycleTimeTarget"": ""56s"", ""SafetyRating"": ""SIL2 / PLd"", ""PowerSupply"": ""400V 3Ph 50Hz"", ""ConveyorLoop"": ""Conveyor Loop L03"", ""PalletCarrierType"": ""Pallet RFID High-Speed 400x400""}",L03-OP050,org-line-03,Line 03 – Synthetic Audi Powertrain Line (AI Sim) – Cell OP050,InMachine,,,,False,Assembly,ServoPress,Line 03 – Synthetic Audi Powertrain Line (AI Sim)
Machine,L03-OP060,L03-OP060 – Trickle Resin Trickler & Varnish Bot,Vision & Photons (Synthetic AI Guild),Nordson,RS Components,SN-SYNTH-MCH-03-OP060,,LINE-03-OP060,,"{""Line"": ""Line 03 \u2013 Synthetic Audi Powertrain Line (AI Sim)"", ""Technology"": ""Dispensing"", ""MachineType"": ""Dispenser"", ""StationIdentifier"": ""LINE-03-OP060"", ""CycleTimeTarget"": ""25s"", ""SafetyRating"": ""SIL2 / PLd"", ""PowerSupply"": ""400V 3Ph 50Hz"", ""ConveyorLoop"": ""Conveyor Loop L03"", ""PalletCarrierType"": ""Pallet RFID High-Speed 400x400""}",L03-OP060,org-line-03,Line 03 – Synthetic Audi Powertrain Line (AI Sim) – Cell OP060,InMachine,,,,False,Dispensing,Dispenser,Line 03 – Synthetic Audi Powertrain Line (AI Sim)
Machine,L03-OP070,L03-OP070 – Infrared Resin Curing Tunnel EOL,Plant Maintenance (Synthetic AI Guild),Heraeus,Conrad Electronic,SN-SYNTH-MCH-03-OP070,,LINE-03-OP070,,"{""Line"": ""Line 03 \u2013 Synthetic Audi Powertrain Line (AI Sim)"", ""Technology"": ""Test"", ""MachineType"": ""EOLTester"", ""StationIdentifier"": ""LINE-03-OP070"", ""CycleTimeTarget"": ""31s"", ""SafetyRating"": ""SIL3 / PLe"", ""PowerSupply"": ""48V High Current"", ""ConveyorLoop"": ""Conveyor Loop L03"", ""PalletCarrierType"": ""Pallet RFID High-Speed 400x400""}",L03-OP070,org-line-03,Line 03 – Synthetic Audi Powertrain Line (AI Sim) – Cell OP070,InMachine,,,,False,Test,EOLTester,Line 03 – Synthetic Audi Powertrain Line (AI Sim)
Machine,L03-OP080,L03-OP080 – High-Speed Dynamic Balancing Rig 3D,Controls Engineering (Synthetic AI Guild),Schenck,Conrad Electronic,SN-SYNTH-MCH-03-OP080,,LINE-03-OP080,,"{""Line"": ""Line 03 \u2013 Synthetic Audi Powertrain Line (AI Sim)"", ""Technology"": ""Test"", ""MachineType"": ""VisionInspection"", ""StationIdentifier"": ""LINE-03-OP080"", ""CycleTimeTarget"": ""34s"", ""SafetyRating"": ""SIL3 / PLe"", ""PowerSupply"": ""400V 3Ph 50Hz"", ""ConveyorLoop"": ""Conveyor Loop L03"", ""PalletCarrierType"": ""Pallet RFID High-Speed 400x400""}",L03-OP080,org-line-03,Line 03 – Synthetic Audi Powertrain Line (AI Sim) – Cell OP080,InMachine,,,,False,Test,VisionInspection,Line 03 – Synthetic Audi Powertrain Line (AI Sim)
Machine,L03-OP090,L03-OP090 – End-Shield Bearing Fastener Torquer,Vision & Photons (Synthetic AI Guild),Atlas Copco,Direct Automation Europe,SN-SYNTH-MCH-03-OP090,,LINE-03-OP090,,"{""Line"": ""Line 03 \u2013 Synthetic Audi Powertrain Line (AI Sim)"", ""Technology"": ""Fastening"", ""MachineType"": ""FasteningStation"", ""StationIdentifier"": ""LINE-03-OP090"", ""CycleTimeTarget"": ""49s"", ""SafetyRating"": ""SIL3 / PLe"", ""PowerSupply"": ""48V High Current"", ""ConveyorLoop"": ""Conveyor Loop L03"", ""PalletCarrierType"": ""Pallet RFID High-Speed 400x400""}",L03-OP090,org-line-03,Line 03 – Synthetic Audi Powertrain Line (AI Sim) – Cell OP090,InMachine,,,,False,Fastening,FasteningStation,Line 03 – Synthetic Audi Powertrain Line (AI Sim)
Machine,L03-OP100,L03-OP100 – Stator Rotor Magnetization Gate AI,Vision & Photons (Synthetic AI Guild),KUKA,RS Components,SN-SYNTH-MCH-03-OP100,,LINE-03-OP100,,"{""Line"": ""Line 03 \u2013 Synthetic Audi Powertrain Line (AI Sim)"", ""Technology"": ""Robotics"", ""MachineType"": ""RobotCell"", ""StationIdentifier"": ""LINE-03-OP100"", ""CycleTimeTarget"": ""16s"", ""SafetyRating"": ""SIL3 / PLe"", ""PowerSupply"": ""24V DC Industrial Spool"", ""ConveyorLoop"": ""Conveyor Loop L03"", ""PalletCarrierType"": ""Pallet RFID High-Speed 400x400""}",L03-OP100,org-line-03,Line 03 – Synthetic Audi Powertrain Line (AI Sim) – Cell OP100,InMachine,,,,False,Robotics,RobotCell,Line 03 – Synthetic Audi Powertrain Line (AI Sim)
Machine,L03-OP110,L03-OP110 – Powertrain Conveyor Turn-Table Loop,Platform Operations (Synthetic AI Guild),Bosch Rexroth,Farnell Components,SN-SYNTH-MCH-03-OP110,,LINE-03-OP110,,"{""Line"": ""Line 03 \u2013 Synthetic Audi Powertrain Line (AI Sim)"", ""Technology"": ""Assembly"", ""MachineType"": ""ConveyorTransfer"", ""StationIdentifier"": ""LINE-03-OP110"", ""CycleTimeTarget"": ""30s"", ""SafetyRating"": ""SIL3 / PLe"", ""PowerSupply"": ""400V 3Ph 50Hz"", ""ConveyorLoop"": ""Conveyor Loop L03"", ""PalletCarrierType"": ""Pallet RFID High-Speed 400x400""}",L03-OP110,org-line-03,Line 03 – Synthetic Audi Powertrain Line (AI Sim) – Cell OP110,InMachine,,,,False,Assembly,ConveyorTransfer,Line 03 – Synthetic Audi Powertrain Line (AI Sim)
Machine,L03-OP120,L03-OP120 – Powertrain Full Dynamometer Dyno-X,Tooling & Mechanoids (Synthetic AI Guild),AVL,Insight Industrial,SN-SYNTH-MCH-03-OP120,,LINE-03-OP120,,"{""Line"": ""Line 03 \u2013 Synthetic Audi Powertrain Line (AI Sim)"", ""Technology"": ""Test"", ""MachineType"": ""EOLTester"", ""StationIdentifier"": ""LINE-03-OP120"", ""CycleTimeTarget"": ""20s"", ""SafetyRating"": ""SIL2 / PLd"", ""PowerSupply"": ""400V 3Ph 50Hz"", ""ConveyorLoop"": ""Conveyor Loop L03"", ""PalletCarrierType"": ""Pallet RFID High-Speed 400x400""}",L03-OP120,org-line-03,Line 03 – Synthetic Audi Powertrain Line (AI Sim) – Cell OP120,InMachine,,,,False,Test,EOLTester,Line 03 – Synthetic Audi Powertrain Line (AI Sim)
Machine,L04-OP010,L04-OP010 – SMT Magazine Unloader Pallet Shuttle,Platform Operations (Synthetic AI Guild),ASM,MISUMI Industrial,SN-SYNTH-MCH-04-OP010,,LINE-04-OP010,,"{""Line"": ""Line 04 \u2013 Synthetic Electronics SMT Placement (AI Sim)"", ""Technology"": ""Assembly"", ""MachineType"": ""ConveyorTransfer"", ""StationIdentifier"": ""LINE-04-OP010"", ""CycleTimeTarget"": ""23s"", ""SafetyRating"": ""SIL3 / PLe"", ""PowerSupply"": ""48V High Current"", ""ConveyorLoop"": ""Conveyor Loop L04"", ""PalletCarrierType"": ""Pallet RFID High-Speed 400x400""}",L04-OP010,org-line-04,Line 04 – Synthetic Electronics SMT Placement (AI Sim) – Cell OP010,InMachine,,,,False,Assembly,ConveyorTransfer,Line 04 – Synthetic Electronics SMT Placement (AI Sim)
Machine,L04-OP020,L04-OP020 – DEK Solder Paste Jet Printer 0.1mm,SMT & Microchips (Synthetic AI Guild),ASM,MISUMI Industrial,SN-SYNTH-MCH-04-OP020,,LINE-04-OP020,,"{""Line"": ""Line 04 \u2013 Synthetic Electronics SMT Placement (AI Sim)"", ""Technology"": ""Test"", ""MachineType"": ""VisionInspection"", ""StationIdentifier"": ""LINE-04-OP020"", ""CycleTimeTarget"": ""25s"", ""SafetyRating"": ""SIL2 / PLd"", ""PowerSupply"": ""48V High Current"", ""ConveyorLoop"": ""Conveyor Loop L04"", ""PalletCarrierType"": ""Pallet RFID High-Speed 400x400""}",L04-OP020,org-line-04,Line 04 – Synthetic Electronics SMT Placement (AI Sim) – Cell OP020,InMachine,,,,False,Test,VisionInspection,Line 04 – Synthetic Electronics SMT Placement (AI Sim)
Machine,L04-OP030,L04-OP030 – Koh Young 3D Solder Paste Inspector,Platform Operations (Synthetic AI Guild),Koh Young,MISUMI Industrial,SN-SYNTH-MCH-04-OP030,,LINE-04-OP030,,"{""Line"": ""Line 04 \u2013 Synthetic Electronics SMT Placement (AI Sim)"", ""Technology"": ""Test"", ""MachineType"": ""VisionInspection"", ""StationIdentifier"": ""LINE-04-OP030"", ""CycleTimeTarget"": ""42s"", ""SafetyRating"": ""SIL3 / PLe"", ""PowerSupply"": ""48V High Current"", ""ConveyorLoop"": ""Conveyor Loop L04"", ""PalletCarrierType"": ""Pallet RFID High-Speed 400x400""}",L04-OP030,org-line-04,Line 04 – Synthetic Electronics SMT Placement (AI Sim) – Cell OP030,InMachine,,,,False,Test,VisionInspection,Line 04 – Synthetic Electronics SMT Placement (AI Sim)
Machine,L04-OP040,L04-OP040 – Siplace Dual-Gantry Chip Shooter AI,Platform Operations (Synthetic AI Guild),ASM,Conrad Electronic,SN-SYNTH-MCH-04-OP040,,LINE-04-OP040,,"{""Line"": ""Line 04 \u2013 Synthetic Electronics SMT Placement (AI Sim)"", ""Technology"": ""Robotics"", ""MachineType"": ""RobotCell"", ""StationIdentifier"": ""LINE-04-OP040"", ""CycleTimeTarget"": ""59s"", ""SafetyRating"": ""SIL3 / PLe"", ""PowerSupply"": ""48V High Current"", ""ConveyorLoop"": ""Conveyor Loop L04"", ""PalletCarrierType"": ""Pallet RFID High-Speed 400x400""}",L04-OP040,org-line-04,Line 04 – Synthetic Electronics SMT Placement (AI Sim) – Cell OP040,InMachine,,,,False,Robotics,RobotCell,Line 04 – Synthetic Electronics SMT Placement (AI Sim)
Machine,L04-OP050,L04-OP050 – Odd-Form Component Inserter Gantry,Vision & Photons (Synthetic AI Guild),Fuji,RS Components,SN-SYNTH-MCH-04-OP050,,LINE-04-OP050,,"{""Line"": ""Line 04 \u2013 Synthetic Electronics SMT Placement (AI Sim)"", ""Technology"": ""Dispensing"", ""MachineType"": ""Dispenser"", ""StationIdentifier"": ""LINE-04-OP050"", ""CycleTimeTarget"": ""57s"", ""SafetyRating"": ""SIL2 / PLd"", ""PowerSupply"": ""24V DC Industrial Spool"", ""ConveyorLoop"": ""Conveyor Loop L04"", ""PalletCarrierType"": ""Pallet RFID High-Speed 400x400""}",L04-OP050,org-line-04,Line 04 – Synthetic Electronics SMT Placement (AI Sim) – Cell OP050,InMachine,,,,False,Dispensing,Dispenser,Line 04 – Synthetic Electronics SMT Placement (AI Sim)
Machine,L04-OP060,L04-OP060 – Pre-Reflow 3D Optical Vision Checker,Tooling & Mechanoids (Synthetic AI Guild),Cognex,RS Components,SN-SYNTH-MCH-04-OP060,,LINE-04-OP060,,"{""Line"": ""Line 04 \u2013 Synthetic Electronics SMT Placement (AI Sim)"", ""Technology"": ""Test"", ""MachineType"": ""VisionInspection"", ""StationIdentifier"": ""LINE-04-OP060"", ""CycleTimeTarget"": ""22s"", ""SafetyRating"": ""SIL3 / PLe"", ""PowerSupply"": ""400V 3Ph 50Hz"", ""ConveyorLoop"": ""Conveyor Loop L04"", ""PalletCarrierType"": ""Pallet RFID High-Speed 400x400""}",L04-OP060,org-line-04,Line 04 – Synthetic Electronics SMT Placement (AI Sim) – Cell OP060,InMachine,,,,False,Test,VisionInspection,Line 04 – Synthetic Electronics SMT Placement (AI Sim)
Machine,L04-OP070,L04-OP070 – 10-Zone Nitrogen Reflow Convection Oven,Controls Engineering (Synthetic AI Guild),Heller,Farnell Components,SN-SYNTH-MCH-04-OP070,,LINE-04-OP070,,"{""Line"": ""Line 04 \u2013 Synthetic Electronics SMT Placement (AI Sim)"", ""Technology"": ""Test"", ""MachineType"": ""EOLTester"", ""StationIdentifier"": ""LINE-04-OP070"", ""CycleTimeTarget"": ""16s"", ""SafetyRating"": ""SIL3 / PLe"", ""PowerSupply"": ""48V High Current"", ""ConveyorLoop"": ""Conveyor Loop L04"", ""PalletCarrierType"": ""Pallet RFID High-Speed 400x400""}",L04-OP070,org-line-04,Line 04 – Synthetic Electronics SMT Placement (AI Sim) – Cell OP070,InMachine,,,,False,Test,EOLTester,Line 04 – Synthetic Electronics SMT Placement (AI Sim)
Machine,L04-OP080,L04-OP080 – Post-Reflow Automated Optical Inspector,Robotics & Cybernetics (Synthetic AI Guild),Koh Young,Insight Industrial,SN-SYNTH-MCH-04-OP080,,LINE-04-OP080,,"{""Line"": ""Line 04 \u2013 Synthetic Electronics SMT Placement (AI Sim)"", ""Technology"": ""Test"", ""MachineType"": ""VisionInspection"", ""StationIdentifier"": ""LINE-04-OP080"", ""CycleTimeTarget"": ""19s"", ""SafetyRating"": ""SIL3 / PLe"", ""PowerSupply"": ""400V 3Ph 50Hz"", ""ConveyorLoop"": ""Conveyor Loop L04"", ""PalletCarrierType"": ""Pallet RFID High-Speed 400x400""}",L04-OP080,org-line-04,Line 04 – Synthetic Electronics SMT Placement (AI Sim) – Cell OP080,InMachine,,,,False,Test,VisionInspection,Line 04 – Synthetic Electronics SMT Placement (AI Sim)
Machine,L04-OP090,L04-OP090 – Flying-Probe ICT Circuit Board Tester,Controls Engineering (Synthetic AI Guild),Spea,Insight Industrial,SN-SYNTH-MCH-04-OP090,,LINE-04-OP090,,"{""Line"": ""Line 04 \u2013 Synthetic Electronics SMT Placement (AI Sim)"", ""Technology"": ""Test"", ""MachineType"": ""EOLTester"", ""StationIdentifier"": ""LINE-04-OP090"", ""CycleTimeTarget"": ""36s"", ""SafetyRating"": ""SIL3 / PLe"", ""PowerSupply"": ""48V High Current"", ""ConveyorLoop"": ""Conveyor Loop L04"", ""PalletCarrierType"": ""Pallet RFID High-Speed 400x400""}",L04-OP090,org-line-04,Line 04 – Synthetic Electronics SMT Placement (AI Sim) – Cell OP090,InMachine,,,,False,Test,EOLTester,Line 04 – Synthetic Electronics SMT Placement (AI Sim)
Machine,L04-OP100,L04-OP100 – Selective Wave Solder Mini-Pot Bot,Robotics & Cybernetics (Synthetic AI Guild),Ersa,Farnell Components,SN-SYNTH-MCH-04-OP100,,LINE-04-OP100,,"{""Line"": ""Line 04 \u2013 Synthetic Electronics SMT Placement (AI Sim)"", ""Technology"": ""Welding"", ""MachineType"": ""FasteningStation"", ""StationIdentifier"": ""LINE-04-OP100"", ""CycleTimeTarget"": ""57s"", ""SafetyRating"": ""SIL2 / PLd"", ""PowerSupply"": ""400V 3Ph 50Hz"", ""ConveyorLoop"": ""Conveyor Loop L04"", ""PalletCarrierType"": ""Pallet RFID High-Speed 400x400""}",L04-OP100,org-line-04,Line 04 – Synthetic Electronics SMT Placement (AI Sim) – Cell OP100,InMachine,,,,False,Welding,FasteningStation,Line 04 – Synthetic Electronics SMT Placement (AI Sim)
Machine,L04-OP110,L04-OP110 – Conformal Coating UV Dispenser Booth,Tooling & Mechanoids (Synthetic AI Guild),Nordson,Direct Automation Europe,SN-SYNTH-MCH-04-OP110,,LINE-04-OP110,,"{""Line"": ""Line 04 \u2013 Synthetic Electronics SMT Placement (AI Sim)"", ""Technology"": ""Dispensing"", ""MachineType"": ""Dispenser"", ""StationIdentifier"": ""LINE-04-OP110"", ""CycleTimeTarget"": ""51s"", ""SafetyRating"": ""SIL2 / PLd"", ""PowerSupply"": ""400V 3Ph 50Hz"", ""ConveyorLoop"": ""Conveyor Loop L04"", ""PalletCarrierType"": ""Pallet RFID High-Speed 400x400""}",L04-OP110,org-line-04,Line 04 – Synthetic Electronics SMT Placement (AI Sim) – Cell OP110,InMachine,,,,False,Dispensing,Dispenser,Line 04 – Synthetic Electronics SMT Placement (AI Sim)
Machine,L04-OP120,L04-OP120 – UV Cure Inspection Tunnel & Camera,Platform Operations (Synthetic AI Guild),Cognex,RS Components,SN-SYNTH-MCH-04-OP120,,LINE-04-OP120,,"{""Line"": ""Line 04 \u2013 Synthetic Electronics SMT Placement (AI Sim)"", ""Technology"": ""Test"", ""MachineType"": ""VisionInspection"", ""StationIdentifier"": ""LINE-04-OP120"", ""CycleTimeTarget"": ""41s"", ""SafetyRating"": ""SIL3 / PLe"", ""PowerSupply"": ""400V 3Ph 50Hz"", ""ConveyorLoop"": ""Conveyor Loop L04"", ""PalletCarrierType"": ""Pallet RFID High-Speed 400x400""}",L04-OP120,org-line-04,Line 04 – Synthetic Electronics SMT Placement (AI Sim) – Cell OP120,InMachine,,,,False,Test,VisionInspection,Line 04 – Synthetic Electronics SMT Placement (AI Sim)
Machine,L04-OP130,L04-OP130 – PCB Depaneling Laser Router Outfeed,Controls Engineering (Synthetic AI Guild),LPKF,Conrad Electronic,SN-SYNTH-MCH-04-OP130,,LINE-04-OP130,,"{""Line"": ""Line 04 \u2013 Synthetic Electronics SMT Placement (AI Sim)"", ""Technology"": ""Assembly"", ""MachineType"": ""ConveyorTransfer"", ""StationIdentifier"": ""LINE-04-OP130"", ""CycleTimeTarget"": ""42s"", ""SafetyRating"": ""SIL2 / PLd"", ""PowerSupply"": ""24V DC Industrial Spool"", ""ConveyorLoop"": ""Conveyor Loop L04"", ""PalletCarrierType"": ""Pallet RFID High-Speed 400x400""}",L04-OP130,org-line-04,Line 04 – Synthetic Electronics SMT Placement (AI Sim) – Cell OP130,InMachine,,,,False,Assembly,ConveyorTransfer,Line 04 – Synthetic Electronics SMT Placement (AI Sim)
Machine,L05-OP010,L05-OP010 – Subframe Clamping Jig Shuttle Table,SMT & Microchips (Synthetic AI Guild),KUKA,RS Components,SN-SYNTH-MCH-05-OP010,,LINE-05-OP010,,"{""Line"": ""Line 05 \u2013 Synthetic Body-in-White Robotic Welding (AI Sim)"", ""Technology"": ""Assembly"", ""MachineType"": ""ConveyorTransfer"", ""StationIdentifier"": ""LINE-05-OP010"", ""CycleTimeTarget"": ""18s"", ""SafetyRating"": ""SIL3 / PLe"", ""PowerSupply"": ""400V 3Ph 50Hz"", ""ConveyorLoop"": ""Conveyor Loop L05"", ""PalletCarrierType"": ""Pallet RFID High-Speed 400x400""}",L05-OP010,org-line-05,Line 05 – Synthetic Body-in-White Robotic Welding (AI Sim) – Cell OP010,InMachine,,,,False,Assembly,ConveyorTransfer,Line 05 – Synthetic Body-in-White Robotic Welding (AI Sim)
Machine,L05-OP020,L05-OP020 – Heavy Spot-Welding Robot Titan-01,SMT & Microchips (Synthetic AI Guild),KUKA,Conrad Electronic,SN-SYNTH-MCH-05-OP020,,LINE-05-OP020,,"{""Line"": ""Line 05 \u2013 Synthetic Body-in-White Robotic Welding (AI Sim)"", ""Technology"": ""Robotics"", ""MachineType"": ""RobotCell"", ""StationIdentifier"": ""LINE-05-OP020"", ""CycleTimeTarget"": ""36s"", ""SafetyRating"": ""SIL3 / PLe"", ""PowerSupply"": ""400V 3Ph 50Hz"", ""ConveyorLoop"": ""Conveyor Loop L05"", ""PalletCarrierType"": ""Pallet RFID High-Speed 400x400""}",L05-OP020,org-line-05,Line 05 – Synthetic Body-in-White Robotic Welding (AI Sim) – Cell OP020,InMachine,,,,False,Robotics,RobotCell,Line 05 – Synthetic Body-in-White Robotic Welding (AI Sim)
Machine,L05-OP030,L05-OP030 – Trumpf Disk Laser Welding Chamber A,Robotics & Cybernetics (Synthetic AI Guild),Trumpf,Direct Automation Europe,SN-SYNTH-MCH-05-OP030,,LINE-05-OP030,,"{""Line"": ""Line 05 \u2013 Synthetic Body-in-White Robotic Welding (AI Sim)"", ""Technology"": ""Welding"", ""MachineType"": ""LaserWelder"", ""StationIdentifier"": ""LINE-05-OP030"", ""CycleTimeTarget"": ""49s"", ""SafetyRating"": ""SIL2 / PLd"", ""PowerSupply"": ""400V 3Ph 50Hz"", ""ConveyorLoop"": ""Conveyor Loop L05"", ""PalletCarrierType"": ""Pallet RFID High-Speed 400x400""}",L05-OP030,org-line-05,Line 05 – Synthetic Body-in-White Robotic Welding (AI Sim) – Cell OP030,InMachine,,,,False,Welding,LaserWelder,Line 05 – Synthetic Body-in-White Robotic Welding (AI Sim)
Machine,L05-OP040,L05-OP040 – Robotic Stud Welding Manipulator B,SMT & Microchips (Synthetic AI Guild),Fanuc,Direct Automation Europe,SN-SYNTH-MCH-05-OP040,,LINE-05-OP040,,"{""Line"": ""Line 05 \u2013 Synthetic Body-in-White Robotic Welding (AI Sim)"", ""Technology"": ""Robotics"", ""MachineType"": ""RobotCell"", ""StationIdentifier"": ""LINE-05-OP040"", ""CycleTimeTarget"": ""32s"", ""SafetyRating"": ""SIL2 / PLd"", ""PowerSupply"": ""400V 3Ph 50Hz"", ""ConveyorLoop"": ""Conveyor Loop L05"", ""PalletCarrierType"": ""Pallet RFID High-Speed 400x400""}",L05-OP040,org-line-05,Line 05 – Synthetic Body-in-White Robotic Welding (AI Sim) – Cell OP040,InMachine,,,,False,Robotics,RobotCell,Line 05 – Synthetic Body-in-White Robotic Welding (AI Sim)
Machine,L05-OP050,L05-OP050 – Blind Rivet Nut Insertion Screwer,Platform Operations (Synthetic AI Guild),Atlas Copco,Insight Industrial,SN-SYNTH-MCH-05-OP050,,LINE-05-OP050,,"{""Line"": ""Line 05 \u2013 Synthetic Body-in-White Robotic Welding (AI Sim)"", ""Technology"": ""Fastening"", ""MachineType"": ""FasteningStation"", ""StationIdentifier"": ""LINE-05-OP050"", ""CycleTimeTarget"": ""43s"", ""SafetyRating"": ""SIL3 / PLe"", ""PowerSupply"": ""400V 3Ph 50Hz"", ""ConveyorLoop"": ""Conveyor Loop L05"", ""PalletCarrierType"": ""Pallet RFID High-Speed 400x400""}",L05-OP050,org-line-05,Line 05 – Synthetic Body-in-White Robotic Welding (AI Sim) – Cell OP050,InMachine,,,,False,Fastening,FasteningStation,Line 05 – Synthetic Body-in-White Robotic Welding (AI Sim)
Machine,L05-OP060,L05-OP060 – Laser Seam Geometry Tracker Scanner,Plant Maintenance (Synthetic AI Guild),Trumpf,MISUMI Industrial,SN-SYNTH-MCH-05-OP060,,LINE-05-OP060,,"{""Line"": ""Line 05 \u2013 Synthetic Body-in-White Robotic Welding (AI Sim)"", ""Technology"": ""Welding"", ""MachineType"": ""LaserWelder"", ""StationIdentifier"": ""LINE-05-OP060"", ""CycleTimeTarget"": ""15s"", ""SafetyRating"": ""SIL3 / PLe"", ""PowerSupply"": ""400V 3Ph 50Hz"", ""ConveyorLoop"": ""Conveyor Loop L05"", ""PalletCarrierType"": ""Pallet RFID High-Speed 400x400""}",L05-OP060,org-line-05,Line 05 – Synthetic Body-in-White Robotic Welding (AI Sim) – Cell OP060,InMachine,,,,False,Welding,LaserWelder,Line 05 – Synthetic Body-in-White Robotic Welding (AI Sim)
Machine,L05-OP070,L05-OP070 – Optical Body Gap & Flushness Gate,Robotics & Cybernetics (Synthetic AI Guild),Cognex,RS Components,SN-SYNTH-MCH-05-OP070,,LINE-05-OP070,,"{""Line"": ""Line 05 \u2013 Synthetic Body-in-White Robotic Welding (AI Sim)"", ""Technology"": ""Test"", ""MachineType"": ""VisionInspection"", ""StationIdentifier"": ""LINE-05-OP070"", ""CycleTimeTarget"": ""46s"", ""SafetyRating"": ""SIL2 / PLd"", ""PowerSupply"": ""400V 3Ph 50Hz"", ""ConveyorLoop"": ""Conveyor Loop L05"", ""PalletCarrierType"": ""Pallet RFID High-Speed 400x400""}",L05-OP070,org-line-05,Line 05 – Synthetic Body-in-White Robotic Welding (AI Sim) – Cell OP070,InMachine,,,,False,Test,VisionInspection,Line 05 – Synthetic Body-in-White Robotic Welding (AI Sim)
Machine,L05-OP080,L05-OP080 – Structural Foam Injection Applicator,Platform Operations (Synthetic AI Guild),Nordson,RS Components,SN-SYNTH-MCH-05-OP080,,LINE-05-OP080,,"{""Line"": ""Line 05 \u2013 Synthetic Body-in-White Robotic Welding (AI Sim)"", ""Technology"": ""Dispensing"", ""MachineType"": ""Dispenser"", ""StationIdentifier"": ""LINE-05-OP080"", ""CycleTimeTarget"": ""18s"", ""SafetyRating"": ""SIL3 / PLe"", ""PowerSupply"": ""24V DC Industrial Spool"", ""ConveyorLoop"": ""Conveyor Loop L05"", ""PalletCarrierType"": ""Pallet RFID High-Speed 400x400""}",L05-OP080,org-line-05,Line 05 – Synthetic Body-in-White Robotic Welding (AI Sim) – Cell OP080,InMachine,,,,False,Dispensing,Dispenser,Line 05 – Synthetic Body-in-White Robotic Welding (AI Sim)
Machine,L05-OP090,L05-OP090 – Friction Stir Welder Overhead Unit,Controls Engineering (Synthetic AI Guild),KUKA,RS Components,SN-SYNTH-MCH-05-OP090,,LINE-05-OP090,,"{""Line"": ""Line 05 \u2013 Synthetic Body-in-White Robotic Welding (AI Sim)"", ""Technology"": ""Welding"", ""MachineType"": ""FasteningStation"", ""StationIdentifier"": ""LINE-05-OP090"", ""CycleTimeTarget"": ""31s"", ""SafetyRating"": ""SIL2 / PLd"", ""PowerSupply"": ""24V DC Industrial Spool"", ""ConveyorLoop"": ""Conveyor Loop L05"", ""PalletCarrierType"": ""Pallet RFID High-Speed 400x400""}",L05-OP090,org-line-05,Line 05 – Synthetic Body-in-White Robotic Welding (AI Sim) – Cell OP090,InMachine,,,,False,Welding,FasteningStation,Line 05 – Synthetic Body-in-White Robotic Welding (AI Sim)
Machine,L05-OP100,L05-OP100 – Dual-Robot Seam Finishing Cell,SMT & Microchips (Synthetic AI Guild),Fanuc,Conrad Electronic,SN-SYNTH-MCH-05-OP100,,LINE-05-OP100,,"{""Line"": ""Line 05 \u2013 Synthetic Body-in-White Robotic Welding (AI Sim)"", ""Technology"": ""Robotics"", ""MachineType"": ""RobotCell"", ""StationIdentifier"": ""LINE-05-OP100"", ""CycleTimeTarget"": ""50s"", ""SafetyRating"": ""SIL2 / PLd"", ""PowerSupply"": ""400V 3Ph 50Hz"", ""ConveyorLoop"": ""Conveyor Loop L05"", ""PalletCarrierType"": ""Pallet RFID High-Speed 400x400""}",L05-OP100,org-line-05,Line 05 – Synthetic Body-in-White Robotic Welding (AI Sim) – Cell OP100,InMachine,,,,False,Robotics,RobotCell,Line 05 – Synthetic Body-in-White Robotic Welding (AI Sim)
Machine,L05-OP110,L05-OP110 – Overhead Transfer Crane Pick Shifter,Robotics & Cybernetics (Synthetic AI Guild),Demag,Farnell Components,SN-SYNTH-MCH-05-OP110,,LINE-05-OP110,,"{""Line"": ""Line 05 \u2013 Synthetic Body-in-White Robotic Welding (AI Sim)"", ""Technology"": ""Assembly"", ""MachineType"": ""ConveyorTransfer"", ""StationIdentifier"": ""LINE-05-OP110"", ""CycleTimeTarget"": ""28s"", ""SafetyRating"": ""SIL3 / PLe"", ""PowerSupply"": ""48V High Current"", ""ConveyorLoop"": ""Conveyor Loop L05"", ""PalletCarrierType"": ""Pallet RFID High-Speed 400x400""}",L05-OP110,org-line-05,Line 05 – Synthetic Body-in-White Robotic Welding (AI Sim) – Cell OP110,InMachine,,,,False,Assembly,ConveyorTransfer,Line 05 – Synthetic Body-in-White Robotic Welding (AI Sim)
Machine,L05-OP120,L05-OP120 – Body Shell Dimension Verification Gate,Plant Maintenance (Synthetic AI Guild),Keyence,MISUMI Industrial,SN-SYNTH-MCH-05-OP120,,LINE-05-OP120,,"{""Line"": ""Line 05 \u2013 Synthetic Body-in-White Robotic Welding (AI Sim)"", ""Technology"": ""Test"", ""MachineType"": ""VisionInspection"", ""StationIdentifier"": ""LINE-05-OP120"", ""CycleTimeTarget"": ""18s"", ""SafetyRating"": ""SIL2 / PLd"", ""PowerSupply"": ""400V 3Ph 50Hz"", ""ConveyorLoop"": ""Conveyor Loop L05"", ""PalletCarrierType"": ""Pallet RFID High-Speed 400x400""}",L05-OP120,org-line-05,Line 05 – Synthetic Body-in-White Robotic Welding (AI Sim) – Cell OP120,InMachine,,,,False,Test,VisionInspection,Line 05 – Synthetic Body-in-White Robotic Welding (AI Sim)
Machine,L06-OP010,L06-OP010 – Bearing Housing Pallet Shuttle Infeed,Controls Engineering (Synthetic AI Guild),Bosch Rexroth,MISUMI Industrial,SN-SYNTH-MCH-06-OP010,,LINE-06-OP010,,"{""Line"": ""Line 06 \u2013 Synthetic Precision Press Fit (AI Sim)"", ""Technology"": ""Assembly"", ""MachineType"": ""ConveyorTransfer"", ""StationIdentifier"": ""LINE-06-OP010"", ""CycleTimeTarget"": ""45s"", ""SafetyRating"": ""SIL3 / PLe"", ""PowerSupply"": ""400V 3Ph 50Hz"", ""ConveyorLoop"": ""Conveyor Loop L06"", ""PalletCarrierType"": ""Pallet RFID High-Speed 400x400""}",L06-OP010,org-line-06,Line 06 – Synthetic Precision Press Fit (AI Sim) – Cell OP010,InMachine,,,,False,Assembly,ConveyorTransfer,Line 06 – Synthetic Precision Press Fit (AI Sim)
Machine,L06-OP020,L06-OP020 – TOX Electric Servo Press 100kN Unit 1,Tooling & Mechanoids (Synthetic AI Guild),TOX Pressotechnik,Insight Industrial,SN-SYNTH-MCH-06-OP020,,LINE-06-OP020,,"{""Line"": ""Line 06 \u2013 Synthetic Precision Press Fit (AI Sim)"", ""Technology"": ""Fastening"", ""MachineType"": ""ServoPress"", ""StationIdentifier"": ""LINE-06-OP020"", ""CycleTimeTarget"": ""26s"", ""SafetyRating"": ""SIL3 / PLe"", ""PowerSupply"": ""48V High Current"", ""ConveyorLoop"": ""Conveyor Loop L06"", ""PalletCarrierType"": ""Pallet RFID High-Speed 400x400""}",L06-OP020,org-line-06,Line 06 – Synthetic Precision Press Fit (AI Sim) – Cell OP020,InMachine,,,,False,Fastening,ServoPress,Line 06 – Synthetic Precision Press Fit (AI Sim)
Machine,L06-OP030,L06-OP030 – Bushing Rotary Feeder & Inserter 2,Controls Engineering (Synthetic AI Guild),TOX Pressotechnik,Conrad Electronic,SN-SYNTH-MCH-06-OP030,,LINE-06-OP030,,"{""Line"": ""Line 06 \u2013 Synthetic Precision Press Fit (AI Sim)"", ""Technology"": ""Fastening"", ""MachineType"": ""ServoPress"", ""StationIdentifier"": ""LINE-06-OP030"", ""CycleTimeTarget"": ""30s"", ""SafetyRating"": ""SIL2 / PLd"", ""PowerSupply"": ""400V 3Ph 50Hz"", ""ConveyorLoop"": ""Conveyor Loop L06"", ""PalletCarrierType"": ""Pallet RFID High-Speed 400x400""}",L06-OP030,org-line-06,Line 06 – Synthetic Precision Press Fit (AI Sim) – Cell OP030,InMachine,,,,False,Fastening,ServoPress,Line 06 – Synthetic Precision Press Fit (AI Sim)
Machine,L06-OP040,L06-OP040 – Needle Bearing Pick-and-Place Robot,Tooling & Mechanoids (Synthetic AI Guild),KUKA,Direct Automation Europe,SN-SYNTH-MCH-06-OP040,,LINE-06-OP040,,"{""Line"": ""Line 06 \u2013 Synthetic Precision Press Fit (AI Sim)"", ""Technology"": ""Robotics"", ""MachineType"": ""RobotCell"", ""StationIdentifier"": ""LINE-06-OP040"", ""CycleTimeTarget"": ""52s"", ""SafetyRating"": ""SIL3 / PLe"", ""PowerSupply"": ""48V High Current"", ""ConveyorLoop"": ""Conveyor Loop L06"", ""PalletCarrierType"": ""Pallet RFID High-Speed 400x400""}",L06-OP040,org-line-06,Line 06 – Synthetic Precision Press Fit (AI Sim) – Cell OP040,InMachine,,,,False,Robotics,RobotCell,Line 06 – Synthetic Precision Press Fit (AI Sim)
Machine,L06-OP050,L06-OP050 – Threaded Retainer Torque Tightener,Controls Engineering (Synthetic AI Guild),Atlas Copco,RS Components,SN-SYNTH-MCH-06-OP050,,LINE-06-OP050,,"{""Line"": ""Line 06 \u2013 Synthetic Precision Press Fit (AI Sim)"", ""Technology"": ""Fastening"", ""MachineType"": ""FasteningStation"", ""StationIdentifier"": ""LINE-06-OP050"", ""CycleTimeTarget"": ""57s"", ""SafetyRating"": ""SIL2 / PLd"", ""PowerSupply"": ""24V DC Industrial Spool"", ""ConveyorLoop"": ""Conveyor Loop L06"", ""PalletCarrierType"": ""Pallet RFID High-Speed 400x400""}",L06-OP050,org-line-06,Line 06 – Synthetic Precision Press Fit (AI Sim) – Cell OP050,InMachine,,,,False,Fastening,FasteningStation,Line 06 – Synthetic Precision Press Fit (AI Sim)
Machine,L06-OP060,L06-OP060 – High-Precision Pin Press Servo 25kN,Robotics & Cybernetics (Synthetic AI Guild),TOX Pressotechnik,Conrad Electronic,SN-SYNTH-MCH-06-OP060,,LINE-06-OP060,,"{""Line"": ""Line 06 \u2013 Synthetic Precision Press Fit (AI Sim)"", ""Technology"": ""Fastening"", ""MachineType"": ""ServoPress"", ""StationIdentifier"": ""LINE-06-OP060"", ""CycleTimeTarget"": ""60s"", ""SafetyRating"": ""SIL2 / PLd"", ""PowerSupply"": ""400V 3Ph 50Hz"", ""ConveyorLoop"": ""Conveyor Loop L06"", ""PalletCarrierType"": ""Pallet RFID High-Speed 400x400""}",L06-OP060,org-line-06,Line 06 – Synthetic Precision Press Fit (AI Sim) – Cell OP060,InMachine,,,,False,Fastening,ServoPress,Line 06 – Synthetic Precision Press Fit (AI Sim)
Machine,L06-OP070,L06-OP070 – Force-Displacement Envelope Monitor,Vision & Photons (Synthetic AI Guild),Promess,RS Components,SN-SYNTH-MCH-06-OP070,,LINE-06-OP070,,"{""Line"": ""Line 06 \u2013 Synthetic Precision Press Fit (AI Sim)"", ""Technology"": ""Test"", ""MachineType"": ""VisionInspection"", ""StationIdentifier"": ""LINE-06-OP070"", ""CycleTimeTarget"": ""23s"", ""SafetyRating"": ""SIL2 / PLd"", ""PowerSupply"": ""24V DC Industrial Spool"", ""ConveyorLoop"": ""Conveyor Loop L06"", ""PalletCarrierType"": ""Pallet RFID High-Speed 400x400""}",L06-OP070,org-line-06,Line 06 – Synthetic Precision Press Fit (AI Sim) – Cell OP070,InMachine,,,,False,Test,VisionInspection,Line 06 – Synthetic Precision Press Fit (AI Sim)
Machine,L06-OP080,L06-OP080 – Ultrasonic Crack & Defect Detector,Vision & Photons (Synthetic AI Guild),Olympus,Insight Industrial,SN-SYNTH-MCH-06-OP080,,LINE-06-OP080,,"{""Line"": ""Line 06 \u2013 Synthetic Precision Press Fit (AI Sim)"", ""Technology"": ""Test"", ""MachineType"": ""EOLTester"", ""StationIdentifier"": ""LINE-06-OP080"", ""CycleTimeTarget"": ""15s"", ""SafetyRating"": ""SIL2 / PLd"", ""PowerSupply"": ""48V High Current"", ""ConveyorLoop"": ""Conveyor Loop L06"", ""PalletCarrierType"": ""Pallet RFID High-Speed 400x400""}",L06-OP080,org-line-06,Line 06 – Synthetic Precision Press Fit (AI Sim) – Cell OP080,InMachine,,,,False,Test,EOLTester,Line 06 – Synthetic Precision Press Fit (AI Sim)
Machine,L06-OP090,L06-OP090 – Circlip Snap-Ring Pneumatic Press,Tooling & Mechanoids (Synthetic AI Guild),Festo,Insight Industrial,SN-SYNTH-MCH-06-OP090,,LINE-06-OP090,,"{""Line"": ""Line 06 \u2013 Synthetic Precision Press Fit (AI Sim)"", ""Technology"": ""Fastening"", ""MachineType"": ""ServoPress"", ""StationIdentifier"": ""LINE-06-OP090"", ""CycleTimeTarget"": ""19s"", ""SafetyRating"": ""SIL3 / PLe"", ""PowerSupply"": ""48V High Current"", ""ConveyorLoop"": ""Conveyor Loop L06"", ""PalletCarrierType"": ""Pallet RFID High-Speed 400x400""}",L06-OP090,org-line-06,Line 06 – Synthetic Precision Press Fit (AI Sim) – Cell OP090,InMachine,,,,False,Fastening,ServoPress,Line 06 – Synthetic Precision Press Fit (AI Sim)
Machine,L06-OP100,L06-OP100 – Bearing Lubricant Micro-Doser 10mg,Vision & Photons (Synthetic AI Guild),Nordson,Direct Automation Europe,SN-SYNTH-MCH-06-OP100,,LINE-06-OP100,,"{""Line"": ""Line 06 \u2013 Synthetic Precision Press Fit (AI Sim)"", ""Technology"": ""Dispensing"", ""MachineType"": ""Dispenser"", ""StationIdentifier"": ""LINE-06-OP100"", ""CycleTimeTarget"": ""37s"", ""SafetyRating"": ""SIL3 / PLe"", ""PowerSupply"": ""400V 3Ph 50Hz"", ""ConveyorLoop"": ""Conveyor Loop L06"", ""PalletCarrierType"": ""Pallet RFID High-Speed 400x400""}",L06-OP100,org-line-06,Line 06 – Synthetic Precision Press Fit (AI Sim) – Cell OP100,InMachine,,,,False,Dispensing,Dispenser,Line 06 – Synthetic Precision Press Fit (AI Sim)
Machine,L06-OP110,L06-OP110 – Quality Pass Diverter Rejection Gate,Vision & Photons (Synthetic AI Guild),Bosch Rexroth,Farnell Components,SN-SYNTH-MCH-06-OP110,,LINE-06-OP110,,"{""Line"": ""Line 06 \u2013 Synthetic Precision Press Fit (AI Sim)"", ""Technology"": ""Assembly"", ""MachineType"": ""ConveyorTransfer"", ""StationIdentifier"": ""LINE-06-OP110"", ""CycleTimeTarget"": ""25s"", ""SafetyRating"": ""SIL2 / PLd"", ""PowerSupply"": ""48V High Current"", ""ConveyorLoop"": ""Conveyor Loop L06"", ""PalletCarrierType"": ""Pallet RFID High-Speed 400x400""}",L06-OP110,org-line-06,Line 06 – Synthetic Precision Press Fit (AI Sim) – Cell OP110,InMachine,,,,False,Assembly,ConveyorTransfer,Line 06 – Synthetic Precision Press Fit (AI Sim)
Machine,L06-OP120,L06-OP120 – Finished Bearing Pallet Packing Station,Plant Maintenance (Synthetic AI Guild),Bosch Rexroth,Farnell Components,SN-SYNTH-MCH-06-OP120,,LINE-06-OP120,,"{""Line"": ""Line 06 \u2013 Synthetic Precision Press Fit (AI Sim)"", ""Technology"": ""Assembly"", ""MachineType"": ""ConveyorTransfer"", ""StationIdentifier"": ""LINE-06-OP120"", ""CycleTimeTarget"": ""54s"", ""SafetyRating"": ""SIL3 / PLe"", ""PowerSupply"": ""48V High Current"", ""ConveyorLoop"": ""Conveyor Loop L06"", ""PalletCarrierType"": ""Pallet RFID High-Speed 400x400""}",L06-OP120,org-line-06,Line 06 – Synthetic Precision Press Fit (AI Sim) – Cell OP120,InMachine,,,,False,Assembly,ConveyorTransfer,Line 06 – Synthetic Precision Press Fit (AI Sim)
Machine,L07-OP010,L07-OP010 – Inspection Pallet Indexing Rotary Bed,Platform Operations (Synthetic AI Guild),Weiss,MISUMI Industrial,SN-SYNTH-MCH-07-OP010,,LINE-07-OP010,,"{""Line"": ""Line 07 \u2013 Synthetic Optical Quality Metrology (AI Sim)"", ""Technology"": ""Assembly"", ""MachineType"": ""ConveyorTransfer"", ""StationIdentifier"": ""LINE-07-OP010"", ""CycleTimeTarget"": ""34s"", ""SafetyRating"": ""SIL3 / PLe"", ""PowerSupply"": ""400V 3Ph 50Hz"", ""ConveyorLoop"": ""Conveyor Loop L07"", ""PalletCarrierType"": ""Pallet RFID High-Speed 400x400""}",L07-OP010,org-line-07,Line 07 – Synthetic Optical Quality Metrology (AI Sim) – Cell OP010,InMachine,,,,False,Assembly,ConveyorTransfer,Line 07 – Synthetic Optical Quality Metrology (AI Sim)
Machine,L07-OP020,L07-OP020 – Telecentric 50MP Multi-Angle Booth,Vision & Photons (Synthetic AI Guild),Cognex,Insight Industrial,SN-SYNTH-MCH-07-OP020,,LINE-07-OP020,,"{""Line"": ""Line 07 \u2013 Synthetic Optical Quality Metrology (AI Sim)"", ""Technology"": ""Test"", ""MachineType"": ""VisionInspection"", ""StationIdentifier"": ""LINE-07-OP020"", ""CycleTimeTarget"": ""21s"", ""SafetyRating"": ""SIL3 / PLe"", ""PowerSupply"": ""24V DC Industrial Spool"", ""ConveyorLoop"": ""Conveyor Loop L07"", ""PalletCarrierType"": ""Pallet RFID High-Speed 400x400""}",L07-OP020,org-line-07,Line 07 – Synthetic Optical Quality Metrology (AI Sim) – Cell OP020,InMachine,,,,False,Test,VisionInspection,Line 07 – Synthetic Optical Quality Metrology (AI Sim)
Machine,L07-OP030,L07-OP030 – Laser Line Profilometer 3D Surface AI,Vision & Photons (Synthetic AI Guild),Keyence,MISUMI Industrial,SN-SYNTH-MCH-07-OP030,,LINE-07-OP030,,"{""Line"": ""Line 07 \u2013 Synthetic Optical Quality Metrology (AI Sim)"", ""Technology"": ""Test"", ""MachineType"": ""VisionInspection"", ""StationIdentifier"": ""LINE-07-OP030"", ""CycleTimeTarget"": ""28s"", ""SafetyRating"": ""SIL2 / PLd"", ""PowerSupply"": ""400V 3Ph 50Hz"", ""ConveyorLoop"": ""Conveyor Loop L07"", ""PalletCarrierType"": ""Pallet RFID High-Speed 400x400""}",L07-OP030,org-line-07,Line 07 – Synthetic Optical Quality Metrology (AI Sim) – Cell OP030,InMachine,,,,False,Test,VisionInspection,Line 07 – Synthetic Optical Quality Metrology (AI Sim)
Machine,L07-OP040,L07-OP040 – Surface Roughness Tactile Probing Arm,Plant Maintenance (Synthetic AI Guild),Mitutoyo,Conrad Electronic,SN-SYNTH-MCH-07-OP040,,LINE-07-OP040,,"{""Line"": ""Line 07 \u2013 Synthetic Optical Quality Metrology (AI Sim)"", ""Technology"": ""Robotics"", ""MachineType"": ""RobotCell"", ""StationIdentifier"": ""LINE-07-OP040"", ""CycleTimeTarget"": ""31s"", ""SafetyRating"": ""SIL2 / PLd"", ""PowerSupply"": ""24V DC Industrial Spool"", ""ConveyorLoop"": ""Conveyor Loop L07"", ""PalletCarrierType"": ""Pallet RFID High-Speed 400x400""}",L07-OP040,org-line-07,Line 07 – Synthetic Optical Quality Metrology (AI Sim) – Cell OP040,InMachine,,,,False,Robotics,RobotCell,Line 07 – Synthetic Optical Quality Metrology (AI Sim)
Machine,L07-OP050,L07-OP050 – Specular Reflectance Defect Scanner,Platform Operations (Synthetic AI Guild),Cognex,Insight Industrial,SN-SYNTH-MCH-07-OP050,,LINE-07-OP050,,"{""Line"": ""Line 07 \u2013 Synthetic Optical Quality Metrology (AI Sim)"", ""Technology"": ""Test"", ""MachineType"": ""VisionInspection"", ""StationIdentifier"": ""LINE-07-OP050"", ""CycleTimeTarget"": ""20s"", ""SafetyRating"": ""SIL2 / PLd"", ""PowerSupply"": ""24V DC Industrial Spool"", ""ConveyorLoop"": ""Conveyor Loop L07"", ""PalletCarrierType"": ""Pallet RFID High-Speed 400x400""}",L07-OP050,org-line-07,Line 07 – Synthetic Optical Quality Metrology (AI Sim) – Cell OP050,InMachine,,,,False,Test,VisionInspection,Line 07 – Synthetic Optical Quality Metrology (AI Sim)
Machine,L07-OP060,L07-OP060 – Optical Coordinate Measuring CMM Gantry,Controls Engineering (Synthetic AI Guild),Zeiss,Insight Industrial,SN-SYNTH-MCH-07-OP060,,LINE-07-OP060,,"{""Line"": ""Line 07 \u2013 Synthetic Optical Quality Metrology (AI Sim)"", ""Technology"": ""Test"", ""MachineType"": ""EOLTester"", ""StationIdentifier"": ""LINE-07-OP060"", ""CycleTimeTarget"": ""36s"", ""SafetyRating"": ""SIL3 / PLe"", ""PowerSupply"": ""48V High Current"", ""ConveyorLoop"": ""Conveyor Loop L07"", ""PalletCarrierType"": ""Pallet RFID High-Speed 400x400""}",L07-OP060,org-line-07,Line 07 – Synthetic Optical Quality Metrology (AI Sim) – Cell OP060,InMachine,,,,False,Test,EOLTester,Line 07 – Synthetic Optical Quality Metrology (AI Sim)
Machine,L07-OP070,L07-OP070 – Deep-Learning Anomaly Classifier AI,Vision & Photons (Synthetic AI Guild),Cognex,Direct Automation Europe,SN-SYNTH-MCH-07-OP070,,LINE-07-OP070,,"{""Line"": ""Line 07 \u2013 Synthetic Optical Quality Metrology (AI Sim)"", ""Technology"": ""Test"", ""MachineType"": ""VisionInspection"", ""StationIdentifier"": ""LINE-07-OP070"", ""CycleTimeTarget"": ""43s"", ""SafetyRating"": ""SIL2 / PLd"", ""PowerSupply"": ""48V High Current"", ""ConveyorLoop"": ""Conveyor Loop L07"", ""PalletCarrierType"": ""Pallet RFID High-Speed 400x400""}",L07-OP070,org-line-07,Line 07 – Synthetic Optical Quality Metrology (AI Sim) – Cell OP070,InMachine,,,,False,Test,VisionInspection,Line 07 – Synthetic Optical Quality Metrology (AI Sim)
Machine,L07-OP080,L07-OP080 – Part Re-Orientation Robotic Swivel,Controls Engineering (Synthetic AI Guild),KUKA,Insight Industrial,SN-SYNTH-MCH-07-OP080,,LINE-07-OP080,,"{""Line"": ""Line 07 \u2013 Synthetic Optical Quality Metrology (AI Sim)"", ""Technology"": ""Robotics"", ""MachineType"": ""RobotCell"", ""StationIdentifier"": ""LINE-07-OP080"", ""CycleTimeTarget"": ""19s"", ""SafetyRating"": ""SIL3 / PLe"", ""PowerSupply"": ""48V High Current"", ""ConveyorLoop"": ""Conveyor Loop L07"", ""PalletCarrierType"": ""Pallet RFID High-Speed 400x400""}",L07-OP080,org-line-07,Line 07 – Synthetic Optical Quality Metrology (AI Sim) – Cell OP080,InMachine,,,,False,Robotics,RobotCell,Line 07 – Synthetic Optical Quality Metrology (AI Sim)
Machine,L07-OP090,L07-OP090 – X-Ray CT Void Inspection Scanner,Controls Engineering (Synthetic AI Guild),Yxlon,Farnell Components,SN-SYNTH-MCH-07-OP090,,LINE-07-OP090,,"{""Line"": ""Line 07 \u2013 Synthetic Optical Quality Metrology (AI Sim)"", ""Technology"": ""Test"", ""MachineType"": ""VisionInspection"", ""StationIdentifier"": ""LINE-07-OP090"", ""CycleTimeTarget"": ""52s"", ""SafetyRating"": ""SIL3 / PLe"", ""PowerSupply"": ""24V DC Industrial Spool"", ""ConveyorLoop"": ""Conveyor Loop L07"", ""PalletCarrierType"": ""Pallet RFID High-Speed 400x400""}",L07-OP090,org-line-07,Line 07 – Synthetic Optical Quality Metrology (AI Sim) – Cell OP090,InMachine,,,,False,Test,VisionInspection,Line 07 – Synthetic Optical Quality Metrology (AI Sim)
Machine,L07-OP100,L07-OP100 – Direct Part Marking Laser QR Stamper,Robotics & Cybernetics (Synthetic AI Guild),Trumpf,Insight Industrial,SN-SYNTH-MCH-07-OP100,,LINE-07-OP100,,"{""Line"": ""Line 07 \u2013 Synthetic Optical Quality Metrology (AI Sim)"", ""Technology"": ""Welding"", ""MachineType"": ""FasteningStation"", ""StationIdentifier"": ""LINE-07-OP100"", ""CycleTimeTarget"": ""34s"", ""SafetyRating"": ""SIL2 / PLd"", ""PowerSupply"": ""400V 3Ph 50Hz"", ""ConveyorLoop"": ""Conveyor Loop L07"", ""PalletCarrierType"": ""Pallet RFID High-Speed 400x400""}",L07-OP100,org-line-07,Line 07 – Synthetic Optical Quality Metrology (AI Sim) – Cell OP100,InMachine,,,,False,Welding,FasteningStation,Line 07 – Synthetic Optical Quality Metrology (AI Sim)
Machine,L07-OP110,L07-OP110 – Post-Marking Verification Scanner 2D,Vision & Photons (Synthetic AI Guild),Cognex,Direct Automation Europe,SN-SYNTH-MCH-07-OP110,,LINE-07-OP110,,"{""Line"": ""Line 07 \u2013 Synthetic Optical Quality Metrology (AI Sim)"", ""Technology"": ""Test"", ""MachineType"": ""VisionInspection"", ""StationIdentifier"": ""LINE-07-OP110"", ""CycleTimeTarget"": ""58s"", ""SafetyRating"": ""SIL3 / PLe"", ""PowerSupply"": ""48V High Current"", ""ConveyorLoop"": ""Conveyor Loop L07"", ""PalletCarrierType"": ""Pallet RFID High-Speed 400x400""}",L07-OP110,org-line-07,Line 07 – Synthetic Optical Quality Metrology (AI Sim) – Cell OP110,InMachine,,,,False,Test,VisionInspection,Line 07 – Synthetic Optical Quality Metrology (AI Sim)
Machine,L07-OP120,L07-OP120 – Certified Quality Pallet Stacking Bay,Controls Engineering (Synthetic AI Guild),Demag,Farnell Components,SN-SYNTH-MCH-07-OP120,,LINE-07-OP120,,"{""Line"": ""Line 07 \u2013 Synthetic Optical Quality Metrology (AI Sim)"", ""Technology"": ""Assembly"", ""MachineType"": ""ConveyorTransfer"", ""StationIdentifier"": ""LINE-07-OP120"", ""CycleTimeTarget"": ""50s"", ""SafetyRating"": ""SIL2 / PLd"", ""PowerSupply"": ""48V High Current"", ""ConveyorLoop"": ""Conveyor Loop L07"", ""PalletCarrierType"": ""Pallet RFID High-Speed 400x400""}",L07-OP120,org-line-07,Line 07 – Synthetic Optical Quality Metrology (AI Sim) – Cell OP120,InMachine,,,,False,Assembly,ConveyorTransfer,Line 07 – Synthetic Optical Quality Metrology (AI Sim)
Machine,L07-OP130,L07-OP130 – Automated Metrology Archive & Gate,Plant Maintenance (Synthetic AI Guild),Keyence,Direct Automation Europe,SN-SYNTH-MCH-07-OP130,,LINE-07-OP130,,"{""Line"": ""Line 07 \u2013 Synthetic Optical Quality Metrology (AI Sim)"", ""Technology"": ""Test"", ""MachineType"": ""ConveyorTransfer"", ""StationIdentifier"": ""LINE-07-OP130"", ""CycleTimeTarget"": ""30s"", ""SafetyRating"": ""SIL3 / PLe"", ""PowerSupply"": ""400V 3Ph 50Hz"", ""ConveyorLoop"": ""Conveyor Loop L07"", ""PalletCarrierType"": ""Pallet RFID High-Speed 400x400""}",L07-OP130,org-line-07,Line 07 – Synthetic Optical Quality Metrology (AI Sim) – Cell OP130,InMachine,,,,False,Test,ConveyorTransfer,Line 07 – Synthetic Optical Quality Metrology (AI Sim)
Machine,L08-OP010,L08-OP010 – Final Chasis Docking & Lock Conveyor,SMT & Microchips (Synthetic AI Guild),Siemens,Insight Industrial,SN-SYNTH-MCH-08-OP010,,LINE-08-OP010,,"{""Line"": ""Line 08 \u2013 Synthetic End-of-Line Vehicle Integration (AI Sim)"", ""Technology"": ""Assembly"", ""MachineType"": ""ConveyorTransfer"", ""StationIdentifier"": ""LINE-08-OP010"", ""CycleTimeTarget"": ""26s"", ""SafetyRating"": ""SIL2 / PLd"", ""PowerSupply"": ""24V DC Industrial Spool"", ""ConveyorLoop"": ""Conveyor Loop L08"", ""PalletCarrierType"": ""Pallet RFID High-Speed 400x400""}",L08-OP010,org-line-08,Line 08 – Synthetic End-of-Line Vehicle Integration (AI Sim) – Cell OP010,InMachine,,,,False,Assembly,ConveyorTransfer,Line 08 – Synthetic End-of-Line Vehicle Integration (AI Sim)
Machine,L08-OP020,L08-OP020 – Brake Hydraulic Vacuum Bleed Bench,Platform Operations (Synthetic AI Guild),Dürr,Conrad Electronic,SN-SYNTH-MCH-08-OP020,,LINE-08-OP020,,"{""Line"": ""Line 08 \u2013 Synthetic End-of-Line Vehicle Integration (AI Sim)"", ""Technology"": ""Test"", ""MachineType"": ""EOLTester"", ""StationIdentifier"": ""LINE-08-OP020"", ""CycleTimeTarget"": ""30s"", ""SafetyRating"": ""SIL2 / PLd"", ""PowerSupply"": ""400V 3Ph 50Hz"", ""ConveyorLoop"": ""Conveyor Loop L08"", ""PalletCarrierType"": ""Pallet RFID High-Speed 400x400""}",L08-OP020,org-line-08,Line 08 – Synthetic End-of-Line Vehicle Integration (AI Sim) – Cell OP020,InMachine,,,,False,Test,EOLTester,Line 08 – Synthetic End-of-Line Vehicle Integration (AI Sim)
Machine,L08-OP030,L08-OP030 – Coolant Degassing & Fluid Filling Station,Platform Operations (Synthetic AI Guild),Dürr,Conrad Electronic,SN-SYNTH-MCH-08-OP030,,LINE-08-OP030,,"{""Line"": ""Line 08 \u2013 Synthetic End-of-Line Vehicle Integration (AI Sim)"", ""Technology"": ""Test"", ""MachineType"": ""EOLTester"", ""StationIdentifier"": ""LINE-08-OP030"", ""CycleTimeTarget"": ""21s"", ""SafetyRating"": ""SIL2 / PLd"", ""PowerSupply"": ""400V 3Ph 50Hz"", ""ConveyorLoop"": ""Conveyor Loop L08"", ""PalletCarrierType"": ""Pallet RFID High-Speed 400x400""}",L08-OP030,org-line-08,Line 08 – Synthetic End-of-Line Vehicle Integration (AI Sim) – Cell OP030,InMachine,,,,False,Test,EOLTester,Line 08 – Synthetic End-of-Line Vehicle Integration (AI Sim)
Machine,L08-OP040,L08-OP040 – Wheel Nut Automated Torque Tightener 5X,Platform Operations (Synthetic AI Guild),Atlas Copco,RS Components,SN-SYNTH-MCH-08-OP040,,LINE-08-OP040,,"{""Line"": ""Line 08 \u2013 Synthetic End-of-Line Vehicle Integration (AI Sim)"", ""Technology"": ""Robotics"", ""MachineType"": ""RobotCell"", ""StationIdentifier"": ""LINE-08-OP040"", ""CycleTimeTarget"": ""29s"", ""SafetyRating"": ""SIL3 / PLe"", ""PowerSupply"": ""24V DC Industrial Spool"", ""ConveyorLoop"": ""Conveyor Loop L08"", ""PalletCarrierType"": ""Pallet RFID High-Speed 400x400""}",L08-OP040,org-line-08,Line 08 – Synthetic End-of-Line Vehicle Integration (AI Sim) – Cell OP040,InMachine,,,,False,Robotics,RobotCell,Line 08 – Synthetic End-of-Line Vehicle Integration (AI Sim)
Machine,L08-OP050,L08-OP050 – Optical Wheel Alignment Laser Gate,Vision & Photons (Synthetic AI Guild),Beissbarth,Farnell Components,SN-SYNTH-MCH-08-OP050,,LINE-08-OP050,,"{""Line"": ""Line 08 \u2013 Synthetic End-of-Line Vehicle Integration (AI Sim)"", ""Technology"": ""Test"", ""MachineType"": ""VisionInspection"", ""StationIdentifier"": ""LINE-08-OP050"", ""CycleTimeTarget"": ""29s"", ""SafetyRating"": ""SIL3 / PLe"", ""PowerSupply"": ""400V 3Ph 50Hz"", ""ConveyorLoop"": ""Conveyor Loop L08"", ""PalletCarrierType"": ""Pallet RFID High-Speed 400x400""}",L08-OP050,org-line-08,Line 08 – Synthetic End-of-Line Vehicle Integration (AI Sim) – Cell OP050,InMachine,,,,False,Test,VisionInspection,Line 08 – Synthetic End-of-Line Vehicle Integration (AI Sim)
Machine,L08-OP060,L08-OP060 – Headlight Matrix LED Calibration Rig,Plant Maintenance (Synthetic AI Guild),Hella,Direct Automation Europe,SN-SYNTH-MCH-08-OP060,,LINE-08-OP060,,"{""Line"": ""Line 08 \u2013 Synthetic End-of-Line Vehicle Integration (AI Sim)"", ""Technology"": ""Test"", ""MachineType"": ""EOLTester"", ""StationIdentifier"": ""LINE-08-OP060"", ""CycleTimeTarget"": ""40s"", ""SafetyRating"": ""SIL2 / PLd"", ""PowerSupply"": ""24V DC Industrial Spool"", ""ConveyorLoop"": ""Conveyor Loop L08"", ""PalletCarrierType"": ""Pallet RFID High-Speed 400x400""}",L08-OP060,org-line-08,Line 08 – Synthetic End-of-Line Vehicle Integration (AI Sim) – Cell OP060,InMachine,,,,False,Test,EOLTester,Line 08 – Synthetic End-of-Line Vehicle Integration (AI Sim)
Machine,L08-OP070,L08-OP070 – ADAS Radar & LiDAR Target Array Aligner,Platform Operations (Synthetic AI Guild),Continental,Insight Industrial,SN-SYNTH-MCH-08-OP070,,LINE-08-OP070,,"{""Line"": ""Line 08 \u2013 Synthetic End-of-Line Vehicle Integration (AI Sim)"", ""Technology"": ""Test"", ""MachineType"": ""FasteningStation"", ""StationIdentifier"": ""LINE-08-OP070"", ""CycleTimeTarget"": ""32s"", ""SafetyRating"": ""SIL2 / PLd"", ""PowerSupply"": ""48V High Current"", ""ConveyorLoop"": ""Conveyor Loop L08"", ""PalletCarrierType"": ""Pallet RFID High-Speed 400x400""}",L08-OP070,org-line-08,Line 08 – Synthetic End-of-Line Vehicle Integration (AI Sim) – Cell OP070,InMachine,,,,False,Test,FasteningStation,Line 08 – Synthetic End-of-Line Vehicle Integration (AI Sim)
Machine,L08-OP080,L08-OP080 – All-Wheel Drive Roll Dynamometer 150kW,Tooling & Mechanoids (Synthetic AI Guild),Maha,RS Components,SN-SYNTH-MCH-08-OP080,,LINE-08-OP080,,"{""Line"": ""Line 08 \u2013 Synthetic End-of-Line Vehicle Integration (AI Sim)"", ""Technology"": ""Test"", ""MachineType"": ""EOLTester"", ""StationIdentifier"": ""LINE-08-OP080"", ""CycleTimeTarget"": ""58s"", ""SafetyRating"": ""SIL2 / PLd"", ""PowerSupply"": ""400V 3Ph 50Hz"", ""ConveyorLoop"": ""Conveyor Loop L08"", ""PalletCarrierType"": ""Pallet RFID High-Speed 400x400""}",L08-OP080,org-line-08,Line 08 – Synthetic End-of-Line Vehicle Integration (AI Sim) – Cell OP080,InMachine,,,,False,Test,EOLTester,Line 08 – Synthetic End-of-Line Vehicle Integration (AI Sim)
Machine,L08-OP090,L08-OP090 – OBD-II High-Speed Ethernet Flash ECU,Controls Engineering (Synthetic AI Guild),Vector,Farnell Components,SN-SYNTH-MCH-08-OP090,,LINE-08-OP090,,"{""Line"": ""Line 08 \u2013 Synthetic End-of-Line Vehicle Integration (AI Sim)"", ""Technology"": ""Robotics"", ""MachineType"": ""RobotCell"", ""StationIdentifier"": ""LINE-08-OP090"", ""CycleTimeTarget"": ""26s"", ""SafetyRating"": ""SIL2 / PLd"", ""PowerSupply"": ""400V 3Ph 50Hz"", ""ConveyorLoop"": ""Conveyor Loop L08"", ""PalletCarrierType"": ""Pallet RFID High-Speed 400x400""}",L08-OP090,org-line-08,Line 08 – Synthetic End-of-Line Vehicle Integration (AI Sim) – Cell OP090,InMachine,,,,False,Robotics,RobotCell,Line 08 – Synthetic End-of-Line Vehicle Integration (AI Sim)
Machine,L08-OP100,L08-OP100 – Underbody Acoustic Ultrasonic Sniffer,Controls Engineering (Synthetic AI Guild),Siemens,MISUMI Industrial,SN-SYNTH-MCH-08-OP100,,LINE-08-OP100,,"{""Line"": ""Line 08 \u2013 Synthetic End-of-Line Vehicle Integration (AI Sim)"", ""Technology"": ""Test"", ""MachineType"": ""VisionInspection"", ""StationIdentifier"": ""LINE-08-OP100"", ""CycleTimeTarget"": ""42s"", ""SafetyRating"": ""SIL2 / PLd"", ""PowerSupply"": ""48V High Current"", ""ConveyorLoop"": ""Conveyor Loop L08"", ""PalletCarrierType"": ""Pallet RFID High-Speed 400x400""}",L08-OP100,org-line-08,Line 08 – Synthetic End-of-Line Vehicle Integration (AI Sim) – Cell OP100,InMachine,,,,False,Test,VisionInspection,Line 08 – Synthetic End-of-Line Vehicle Integration (AI Sim)
Machine,L08-OP110,L08-OP110 – Monsoon Water Ingress Leak Test Booth,Platform Operations (Synthetic AI Guild),Dürr,Farnell Components,SN-SYNTH-MCH-08-OP110,,LINE-08-OP110,,"{""Line"": ""Line 08 \u2013 Synthetic End-of-Line Vehicle Integration (AI Sim)"", ""Technology"": ""Test"", ""MachineType"": ""EOLTester"", ""StationIdentifier"": ""LINE-08-OP110"", ""CycleTimeTarget"": ""42s"", ""SafetyRating"": ""SIL3 / PLe"", ""PowerSupply"": ""24V DC Industrial Spool"", ""ConveyorLoop"": ""Conveyor Loop L08"", ""PalletCarrierType"": ""Pallet RFID High-Speed 400x400""}",L08-OP110,org-line-08,Line 08 – Synthetic End-of-Line Vehicle Integration (AI Sim) – Cell OP110,InMachine,,,,False,Test,EOLTester,Line 08 – Synthetic End-of-Line Vehicle Integration (AI Sim)
Machine,L08-OP120,L08-OP120 – Hot Air Blow-Off & Drying Tunnel Bot,Tooling & Mechanoids (Synthetic AI Guild),Dürr,Direct Automation Europe,SN-SYNTH-MCH-08-OP120,,LINE-08-OP120,,"{""Line"": ""Line 08 \u2013 Synthetic End-of-Line Vehicle Integration (AI Sim)"", ""Technology"": ""Assembly"", ""MachineType"": ""ConveyorTransfer"", ""StationIdentifier"": ""LINE-08-OP120"", ""CycleTimeTarget"": ""31s"", ""SafetyRating"": ""SIL3 / PLe"", ""PowerSupply"": ""48V High Current"", ""ConveyorLoop"": ""Conveyor Loop L08"", ""PalletCarrierType"": ""Pallet RFID High-Speed 400x400""}",L08-OP120,org-line-08,Line 08 – Synthetic End-of-Line Vehicle Integration (AI Sim) – Cell OP120,InMachine,,,,False,Assembly,ConveyorTransfer,Line 08 – Synthetic End-of-Line Vehicle Integration (AI Sim)
Machine,L08-OP130,L08-OP130 – Final Shipping Factory Release Gate,SMT & Microchips (Synthetic AI Guild),Siemens,Insight Industrial,SN-SYNTH-MCH-08-OP130,,LINE-08-OP130,,"{""Line"": ""Line 08 \u2013 Synthetic End-of-Line Vehicle Integration (AI Sim)"", ""Technology"": ""Test"", ""MachineType"": ""ConveyorTransfer"", ""StationIdentifier"": ""LINE-08-OP130"", ""CycleTimeTarget"": ""48s"", ""SafetyRating"": ""SIL3 / PLe"", ""PowerSupply"": ""24V DC Industrial Spool"", ""ConveyorLoop"": ""Conveyor Loop L08"", ""PalletCarrierType"": ""Pallet RFID High-Speed 400x400""}",L08-OP130,org-line-08,Line 08 – Synthetic End-of-Line Vehicle Integration (AI Sim) – Cell OP130,InMachine,,,,False,Test,ConveyorTransfer,Line 08 – Synthetic End-of-Line Vehicle Integration (AI Sim)
ClientPc,IPC-L01-OP030-DEDICATED,IPC-L01-OP030-DEDICATED (Dedicated 1:1 Controller),Controls Engineering (Synthetic AI Guild);Platform Operations (Synthetic AI Guild),Beckhoff,Direct Automation Europe,SN-SYNTH-PC-0001,,L01-OP030,IPC-L01-OP030-DEDICATED,"{""IPAddress"": ""192.168.10.2"", ""OperatingSystem"": ""Windows 10 IoT Enterprise 2021 LTSC"", ""Model"": ""Embedded PC C6030 Fanless"", ""TwinCATProject"": ""TC3_Line01_Cell030.tsproj (Port 851)"", ""MESClient"": ""Audi MES Production Client v3.1"", ""BeckhoffRtDriver"": ""TcRTEthernet active (Port 851 bound)"", ""Disks"": {""C:"": {""Caption"": ""C: (OS)"", ""TotalFreeGB"": 142.5, ""SizeGB"": 256.0}, ""D:"": {""Caption"": ""D: (Telemetry Spool)"", ""TotalFreeGB"": 680.0, ""SizeGB"": 1000.0}}, ""RAM"": ""32 GB DDR4-3200 Industrial ECC"", ""CPU"": ""Intel Core i7-1185GRE @ 2.80GHz (4 Cores / 8 Threads)""}",L01-OP030,org-line-01,Control Cabinet L01-OP030,InMachine,,,,False,Controls & Automation,,
ClientPc,IPC-L01-CONVEYOR-MAIN,IPC-L01-CONVEYOR-MAIN (Master Conveyor 1:n PLC),Controls Engineering (Synthetic AI Guild);Platform Operations (Synthetic AI Guild),Siemens,Direct Automation Europe,SN-SYNTH-PC-0002,,L01-OP010,IPC-L01-CONVEYOR-MAIN,"{""IPAddress"": ""192.168.10.3"", ""OperatingSystem"": ""Windows 11 IoT Enterprise LTSC 2024"", ""Model"": ""SIMATIC IPC477E Industrial"", ""TwinCATProject"": ""TC3_Line01_PalletLoop.tsproj (Port 851)"", ""MESClient"": ""Siemens Opcenter Connector v4.2"", ""BeckhoffRtDriver"": ""TcRTEthernet active (Port 851 bound)"", ""Disks"": {""C:"": {""Caption"": ""C: (OS)"", ""TotalFreeGB"": 142.5, ""SizeGB"": 256.0}, ""D:"": {""Caption"": ""D: (Telemetry Spool)"", ""TotalFreeGB"": 680.0, ""SizeGB"": 1000.0}}, ""RAM"": ""32 GB DDR4-3200 Industrial ECC"", ""CPU"": ""Intel Core i7-1185GRE @ 2.80GHz (4 Cores / 8 Threads)""}",L01-OP010,org-line-01,Control Cabinet L01-OP010,InMachine,,,,False,Controls & Automation,,
ClientPc,IPC-L01-ROB-ALPHA,IPC-L01-ROB-ALPHA (Distributed m:n Cell),Controls Engineering (Synthetic AI Guild);Platform Operations (Synthetic AI Guild),KUKA,Direct Automation Europe,SN-SYNTH-PC-0003,,L01-OP080,IPC-L01-ROB-ALPHA,"{""IPAddress"": ""192.168.10.4"", ""OperatingSystem"": ""Windows 10 IoT Enterprise"", ""Model"": ""Advantech UNO-2484G Fanless Edge"", ""TwinCATProject"": ""TC3_Line01_RoboticsShared.tsproj (Port 851)"", ""MESClient"": ""KUKA KRC4 Edge Telemetry Connector"", ""BeckhoffRtDriver"": ""TcRTEthernet active (Port 851 bound)"", ""Disks"": {""C:"": {""Caption"": ""C: (OS)"", ""TotalFreeGB"": 142.5, ""SizeGB"": 256.0}, ""D:"": {""Caption"": ""D: (Telemetry Spool)"", ""TotalFreeGB"": 680.0, ""SizeGB"": 1000.0}}, ""RAM"": ""32 GB DDR4-3200 Industrial ECC"", ""CPU"": ""Intel Core i7-1185GRE @ 2.80GHz (4 Cores / 8 Threads)""}",L01-OP080,org-line-01,Control Cabinet L01-OP080,InMachine,,,,False,Controls & Automation,,
ClientPc,IPC-L01-ROB-BETA,IPC-L01-ROB-BETA (Distributed m:n Cell),Controls Engineering (Synthetic AI Guild);Platform Operations (Synthetic AI Guild),KUKA,Direct Automation Europe,SN-SYNTH-PC-0004,,L01-OP080,IPC-L01-ROB-BETA,"{""IPAddress"": ""192.168.10.5"", ""OperatingSystem"": ""Windows 10 IoT Enterprise"", ""Model"": ""Advantech UNO-2484G Fanless Edge"", ""TwinCATProject"": ""TC3_Line01_RoboticsShared.tsproj (Port 851)"", ""MESClient"": ""KUKA KRC4 Edge Telemetry Connector"", ""BeckhoffRtDriver"": ""TcRTEthernet active (Port 851 bound)"", ""Disks"": {""C:"": {""Caption"": ""C: (OS)"", ""TotalFreeGB"": 142.5, ""SizeGB"": 256.0}, ""D:"": {""Caption"": ""D: (Telemetry Spool)"", ""TotalFreeGB"": 680.0, ""SizeGB"": 1000.0}}, ""RAM"": ""32 GB DDR4-3200 Industrial ECC"", ""CPU"": ""Intel Core i7-1185GRE @ 2.80GHz (4 Cores / 8 Threads)""}",L01-OP080,org-line-01,Control Cabinet L01-OP080,InMachine,,,,False,Controls & Automation,,
ClientPc,IPC-L01-OP060-PLC,IPC-L01-OP060-PLC (Motion & Safety PLC),Controls Engineering (Synthetic AI Guild);Platform Operations (Synthetic AI Guild),Beckhoff,Direct Automation Europe,SN-SYNTH-PC-0005,,L01-OP060,IPC-L01-OP060-PLC,"{""IPAddress"": ""192.168.10.6"", ""OperatingSystem"": ""Windows 11 IoT Enterprise"", ""Model"": ""Embedded PC C6032 High-Perf"", ""TwinCATProject"": ""TC3_Line01_LaserMotion.tsproj (Port 851)"", ""MESClient"": ""Beckhoff ADS Telemetry Streamer"", ""BeckhoffRtDriver"": ""TcRTEthernet active (Port 851 bound)"", ""Disks"": {""C:"": {""Caption"": ""C: (OS)"", ""TotalFreeGB"": 142.5, ""SizeGB"": 256.0}, ""D:"": {""Caption"": ""D: (Telemetry Spool)"", ""TotalFreeGB"": 680.0, ""SizeGB"": 1000.0}}, ""RAM"": ""32 GB DDR4-3200 Industrial ECC"", ""CPU"": ""Intel Core i7-1185GRE @ 2.80GHz (4 Cores / 8 Threads)""}",L01-OP060,org-line-01,Control Cabinet L01-OP060,InMachine,,,,False,Controls & Automation,,
ClientPc,IPC-L01-OP060-VISION,IPC-L01-OP060-VISION (Real-time Vision Inspector),Controls Engineering (Synthetic AI Guild);Platform Operations (Synthetic AI Guild),Cognex,Direct Automation Europe,SN-SYNTH-PC-0006,,L01-OP060,IPC-L01-OP060-VISION,"{""IPAddress"": ""192.168.10.7"", ""OperatingSystem"": ""Windows 10 IoT Enterprise"", ""Model"": ""Dell OptiPlex 7090 Micro Edge"", ""TwinCATProject"": ""Vision GigE Cam Driver active"", ""MESClient"": ""Cognex In-Sight Explorer 6.5.0 Connector"", ""BeckhoffRtDriver"": ""TcRTEthernet active (Port 851 bound)"", ""Disks"": {""C:"": {""Caption"": ""C: (OS)"", ""TotalFreeGB"": 142.5, ""SizeGB"": 256.0}, ""D:"": {""Caption"": ""D: (Telemetry Spool)"", ""TotalFreeGB"": 680.0, ""SizeGB"": 1000.0}}, ""RAM"": ""32 GB DDR4-3200 Industrial ECC"", ""CPU"": ""Intel Core i7-1185GRE @ 2.80GHz (4 Cores / 8 Threads)""}",L01-OP060,org-line-01,Control Cabinet L01-OP060,InMachine,,,,False,Controls & Automation,,
ClientPc,IPC-L01-OP060-MES-GATE,IPC-L01-OP060-MES-GATE (Plant MES Integration Gateway),Controls Engineering (Synthetic AI Guild);Platform Operations (Synthetic AI Guild),Advantech,Direct Automation Europe,SN-SYNTH-PC-0007,,L01-OP060,IPC-L01-OP060-MES-GATE,"{""IPAddress"": ""192.168.10.8"", ""OperatingSystem"": ""Debian 12 Bookworm Industrial"", ""Model"": ""Advantech UNO-2271G Edge"", ""TwinCATProject"": ""MQTT / OPC UA Gateway active"", ""MESClient"": ""Audi Corporate Plant MES Gateway v3"", ""BeckhoffRtDriver"": ""TcRTEthernet active (Port 851 bound)"", ""Disks"": {""C:"": {""Caption"": ""C: (OS)"", ""TotalFreeGB"": 142.5, ""SizeGB"": 256.0}, ""D:"": {""Caption"": ""D: (Telemetry Spool)"", ""TotalFreeGB"": 680.0, ""SizeGB"": 1000.0}}, ""RAM"": ""32 GB DDR4-3200 Industrial ECC"", ""CPU"": ""Intel Core i7-1185GRE @ 2.80GHz (4 Cores / 8 Threads)""}",L01-OP060,org-line-01,Control Cabinet L01-OP060,InMachine,,,,False,Controls & Automation,,
ClientPc,IPC-L02-OP030-DEDICATED,IPC-L02-OP030-DEDICATED (Dedicated 1:1 Controller),Controls Engineering (Synthetic AI Guild);Platform Operations (Synthetic AI Guild),Beckhoff,Direct Automation Europe,SN-SYNTH-PC-0008,,L02-OP030,IPC-L02-OP030-DEDICATED,"{""IPAddress"": ""192.168.10.9"", ""OperatingSystem"": ""Windows 10 IoT Enterprise 2021 LTSC"", ""Model"": ""Embedded PC C6030 Fanless"", ""TwinCATProject"": ""TC3_Line02_Cell030.tsproj (Port 851)"", ""MESClient"": ""Audi MES Production Client v3.1"", ""BeckhoffRtDriver"": ""TcRTEthernet active (Port 851 bound)"", ""Disks"": {""C:"": {""Caption"": ""C: (OS)"", ""TotalFreeGB"": 142.5, ""SizeGB"": 256.0}, ""D:"": {""Caption"": ""D: (Telemetry Spool)"", ""TotalFreeGB"": 680.0, ""SizeGB"": 1000.0}}, ""RAM"": ""32 GB DDR4-3200 Industrial ECC"", ""CPU"": ""Intel Core i7-1185GRE @ 2.80GHz (4 Cores / 8 Threads)""}",L02-OP030,org-line-02,Control Cabinet L02-OP030,InMachine,,,,False,Controls & Automation,,
ClientPc,IPC-L02-CONVEYOR-MAIN,IPC-L02-CONVEYOR-MAIN (Master Conveyor 1:n PLC),Controls Engineering (Synthetic AI Guild);Platform Operations (Synthetic AI Guild),Siemens,Direct Automation Europe,SN-SYNTH-PC-0009,,L02-OP010,IPC-L02-CONVEYOR-MAIN,"{""IPAddress"": ""192.168.10.10"", ""OperatingSystem"": ""Windows 11 IoT Enterprise LTSC 2024"", ""Model"": ""SIMATIC IPC477E Industrial"", ""TwinCATProject"": ""TC3_Line02_PalletLoop.tsproj (Port 851)"", ""MESClient"": ""Siemens Opcenter Connector v4.2"", ""BeckhoffRtDriver"": ""TcRTEthernet active (Port 851 bound)"", ""Disks"": {""C:"": {""Caption"": ""C: (OS)"", ""TotalFreeGB"": 142.5, ""SizeGB"": 256.0}, ""D:"": {""Caption"": ""D: (Telemetry Spool)"", ""TotalFreeGB"": 680.0, ""SizeGB"": 1000.0}}, ""RAM"": ""32 GB DDR4-3200 Industrial ECC"", ""CPU"": ""Intel Core i7-1185GRE @ 2.80GHz (4 Cores / 8 Threads)""}",L02-OP010,org-line-02,Control Cabinet L02-OP010,InMachine,,,,False,Controls & Automation,,
ClientPc,IPC-L02-ROB-ALPHA,IPC-L02-ROB-ALPHA (Distributed m:n Cell),Controls Engineering (Synthetic AI Guild);Platform Operations (Synthetic AI Guild),KUKA,Direct Automation Europe,SN-SYNTH-PC-0010,,L02-OP080,IPC-L02-ROB-ALPHA,"{""IPAddress"": ""192.168.10.11"", ""OperatingSystem"": ""Windows 10 IoT Enterprise"", ""Model"": ""Advantech UNO-2484G Fanless Edge"", ""TwinCATProject"": ""TC3_Line02_RoboticsShared.tsproj (Port 851)"", ""MESClient"": ""KUKA KRC4 Edge Telemetry Connector"", ""BeckhoffRtDriver"": ""TcRTEthernet active (Port 851 bound)"", ""Disks"": {""C:"": {""Caption"": ""C: (OS)"", ""TotalFreeGB"": 142.5, ""SizeGB"": 256.0}, ""D:"": {""Caption"": ""D: (Telemetry Spool)"", ""TotalFreeGB"": 680.0, ""SizeGB"": 1000.0}}, ""RAM"": ""32 GB DDR4-3200 Industrial ECC"", ""CPU"": ""Intel Core i7-1185GRE @ 2.80GHz (4 Cores / 8 Threads)""}",L02-OP080,org-line-02,Control Cabinet L02-OP080,InMachine,,,,False,Controls & Automation,,
ClientPc,IPC-L02-ROB-BETA,IPC-L02-ROB-BETA (Distributed m:n Cell),Controls Engineering (Synthetic AI Guild);Platform Operations (Synthetic AI Guild),KUKA,Direct Automation Europe,SN-SYNTH-PC-0011,,L02-OP080,IPC-L02-ROB-BETA,"{""IPAddress"": ""192.168.10.12"", ""OperatingSystem"": ""Windows 10 IoT Enterprise"", ""Model"": ""Advantech UNO-2484G Fanless Edge"", ""TwinCATProject"": ""TC3_Line02_RoboticsShared.tsproj (Port 851)"", ""MESClient"": ""KUKA KRC4 Edge Telemetry Connector"", ""BeckhoffRtDriver"": ""TcRTEthernet active (Port 851 bound)"", ""Disks"": {""C:"": {""Caption"": ""C: (OS)"", ""TotalFreeGB"": 142.5, ""SizeGB"": 256.0}, ""D:"": {""Caption"": ""D: (Telemetry Spool)"", ""TotalFreeGB"": 680.0, ""SizeGB"": 1000.0}}, ""RAM"": ""32 GB DDR4-3200 Industrial ECC"", ""CPU"": ""Intel Core i7-1185GRE @ 2.80GHz (4 Cores / 8 Threads)""}",L02-OP080,org-line-02,Control Cabinet L02-OP080,InMachine,,,,False,Controls & Automation,,
ClientPc,IPC-L02-OP060-PLC,IPC-L02-OP060-PLC (Motion & Safety PLC),Controls Engineering (Synthetic AI Guild);Platform Operations (Synthetic AI Guild),Beckhoff,Direct Automation Europe,SN-SYNTH-PC-0012,,L02-OP060,IPC-L02-OP060-PLC,"{""IPAddress"": ""192.168.10.13"", ""OperatingSystem"": ""Windows 11 IoT Enterprise"", ""Model"": ""Embedded PC C6032 High-Perf"", ""TwinCATProject"": ""TC3_Line02_LaserMotion.tsproj (Port 851)"", ""MESClient"": ""Beckhoff ADS Telemetry Streamer"", ""BeckhoffRtDriver"": ""TcRTEthernet active (Port 851 bound)"", ""Disks"": {""C:"": {""Caption"": ""C: (OS)"", ""TotalFreeGB"": 142.5, ""SizeGB"": 256.0}, ""D:"": {""Caption"": ""D: (Telemetry Spool)"", ""TotalFreeGB"": 680.0, ""SizeGB"": 1000.0}}, ""RAM"": ""32 GB DDR4-3200 Industrial ECC"", ""CPU"": ""Intel Core i7-1185GRE @ 2.80GHz (4 Cores / 8 Threads)""}",L02-OP060,org-line-02,Control Cabinet L02-OP060,InMachine,,,,False,Controls & Automation,,
ClientPc,IPC-L02-OP060-VISION,IPC-L02-OP060-VISION (Real-time Vision Inspector),Controls Engineering (Synthetic AI Guild);Platform Operations (Synthetic AI Guild),Cognex,Direct Automation Europe,SN-SYNTH-PC-0013,,L02-OP060,IPC-L02-OP060-VISION,"{""IPAddress"": ""192.168.10.14"", ""OperatingSystem"": ""Windows 10 IoT Enterprise"", ""Model"": ""Dell OptiPlex 7090 Micro Edge"", ""TwinCATProject"": ""Vision GigE Cam Driver active"", ""MESClient"": ""Cognex In-Sight Explorer 6.5.0 Connector"", ""BeckhoffRtDriver"": ""TcRTEthernet active (Port 851 bound)"", ""Disks"": {""C:"": {""Caption"": ""C: (OS)"", ""TotalFreeGB"": 142.5, ""SizeGB"": 256.0}, ""D:"": {""Caption"": ""D: (Telemetry Spool)"", ""TotalFreeGB"": 680.0, ""SizeGB"": 1000.0}}, ""RAM"": ""32 GB DDR4-3200 Industrial ECC"", ""CPU"": ""Intel Core i7-1185GRE @ 2.80GHz (4 Cores / 8 Threads)""}",L02-OP060,org-line-02,Control Cabinet L02-OP060,InMachine,,,,False,Controls & Automation,,
ClientPc,IPC-L02-OP060-MES-GATE,IPC-L02-OP060-MES-GATE (Plant MES Integration Gateway),Controls Engineering (Synthetic AI Guild);Platform Operations (Synthetic AI Guild),Advantech,Direct Automation Europe,SN-SYNTH-PC-0014,,L02-OP060,IPC-L02-OP060-MES-GATE,"{""IPAddress"": ""192.168.10.15"", ""OperatingSystem"": ""Debian 12 Bookworm Industrial"", ""Model"": ""Advantech UNO-2271G Edge"", ""TwinCATProject"": ""MQTT / OPC UA Gateway active"", ""MESClient"": ""Audi Corporate Plant MES Gateway v3"", ""BeckhoffRtDriver"": ""TcRTEthernet active (Port 851 bound)"", ""Disks"": {""C:"": {""Caption"": ""C: (OS)"", ""TotalFreeGB"": 142.5, ""SizeGB"": 256.0}, ""D:"": {""Caption"": ""D: (Telemetry Spool)"", ""TotalFreeGB"": 680.0, ""SizeGB"": 1000.0}}, ""RAM"": ""32 GB DDR4-3200 Industrial ECC"", ""CPU"": ""Intel Core i7-1185GRE @ 2.80GHz (4 Cores / 8 Threads)""}",L02-OP060,org-line-02,Control Cabinet L02-OP060,InMachine,,,,False,Controls & Automation,,
ClientPc,IPC-L03-OP030-DEDICATED,IPC-L03-OP030-DEDICATED (Dedicated 1:1 Controller),Controls Engineering (Synthetic AI Guild);Platform Operations (Synthetic AI Guild),Beckhoff,Direct Automation Europe,SN-SYNTH-PC-0015,,L03-OP030,IPC-L03-OP030-DEDICATED,"{""IPAddress"": ""192.168.10.16"", ""OperatingSystem"": ""Windows 10 IoT Enterprise 2021 LTSC"", ""Model"": ""Embedded PC C6030 Fanless"", ""TwinCATProject"": ""TC3_Line03_Cell030.tsproj (Port 851)"", ""MESClient"": ""Audi MES Production Client v3.1"", ""BeckhoffRtDriver"": ""TcRTEthernet active (Port 851 bound)"", ""Disks"": {""C:"": {""Caption"": ""C: (OS)"", ""TotalFreeGB"": 142.5, ""SizeGB"": 256.0}, ""D:"": {""Caption"": ""D: (Telemetry Spool)"", ""TotalFreeGB"": 680.0, ""SizeGB"": 1000.0}}, ""RAM"": ""32 GB DDR4-3200 Industrial ECC"", ""CPU"": ""Intel Core i7-1185GRE @ 2.80GHz (4 Cores / 8 Threads)""}",L03-OP030,org-line-03,Control Cabinet L03-OP030,InMachine,,,,False,Controls & Automation,,
ClientPc,IPC-L03-CONVEYOR-MAIN,IPC-L03-CONVEYOR-MAIN (Master Conveyor 1:n PLC),Controls Engineering (Synthetic AI Guild);Platform Operations (Synthetic AI Guild),Siemens,Direct Automation Europe,SN-SYNTH-PC-0016,,L03-OP010,IPC-L03-CONVEYOR-MAIN,"{""IPAddress"": ""192.168.10.17"", ""OperatingSystem"": ""Windows 11 IoT Enterprise LTSC 2024"", ""Model"": ""SIMATIC IPC477E Industrial"", ""TwinCATProject"": ""TC3_Line03_PalletLoop.tsproj (Port 851)"", ""MESClient"": ""Siemens Opcenter Connector v4.2"", ""BeckhoffRtDriver"": ""TcRTEthernet active (Port 851 bound)"", ""Disks"": {""C:"": {""Caption"": ""C: (OS)"", ""TotalFreeGB"": 142.5, ""SizeGB"": 256.0}, ""D:"": {""Caption"": ""D: (Telemetry Spool)"", ""TotalFreeGB"": 680.0, ""SizeGB"": 1000.0}}, ""RAM"": ""32 GB DDR4-3200 Industrial ECC"", ""CPU"": ""Intel Core i7-1185GRE @ 2.80GHz (4 Cores / 8 Threads)""}",L03-OP010,org-line-03,Control Cabinet L03-OP010,InMachine,,,,False,Controls & Automation,,
ClientPc,IPC-L03-ROB-ALPHA,IPC-L03-ROB-ALPHA (Distributed m:n Cell),Controls Engineering (Synthetic AI Guild);Platform Operations (Synthetic AI Guild),KUKA,Direct Automation Europe,SN-SYNTH-PC-0017,,L03-OP080,IPC-L03-ROB-ALPHA,"{""IPAddress"": ""192.168.10.18"", ""OperatingSystem"": ""Windows 10 IoT Enterprise"", ""Model"": ""Advantech UNO-2484G Fanless Edge"", ""TwinCATProject"": ""TC3_Line03_RoboticsShared.tsproj (Port 851)"", ""MESClient"": ""KUKA KRC4 Edge Telemetry Connector"", ""BeckhoffRtDriver"": ""TcRTEthernet active (Port 851 bound)"", ""Disks"": {""C:"": {""Caption"": ""C: (OS)"", ""TotalFreeGB"": 142.5, ""SizeGB"": 256.0}, ""D:"": {""Caption"": ""D: (Telemetry Spool)"", ""TotalFreeGB"": 680.0, ""SizeGB"": 1000.0}}, ""RAM"": ""32 GB DDR4-3200 Industrial ECC"", ""CPU"": ""Intel Core i7-1185GRE @ 2.80GHz (4 Cores / 8 Threads)""}",L03-OP080,org-line-03,Control Cabinet L03-OP080,InMachine,,,,False,Controls & Automation,,
ClientPc,IPC-L03-ROB-BETA,IPC-L03-ROB-BETA (Distributed m:n Cell),Controls Engineering (Synthetic AI Guild);Platform Operations (Synthetic AI Guild),KUKA,Direct Automation Europe,SN-SYNTH-PC-0018,,L03-OP080,IPC-L03-ROB-BETA,"{""IPAddress"": ""192.168.10.19"", ""OperatingSystem"": ""Windows 10 IoT Enterprise"", ""Model"": ""Advantech UNO-2484G Fanless Edge"", ""TwinCATProject"": ""TC3_Line03_RoboticsShared.tsproj (Port 851)"", ""MESClient"": ""KUKA KRC4 Edge Telemetry Connector"", ""BeckhoffRtDriver"": ""TcRTEthernet active (Port 851 bound)"", ""Disks"": {""C:"": {""Caption"": ""C: (OS)"", ""TotalFreeGB"": 142.5, ""SizeGB"": 256.0}, ""D:"": {""Caption"": ""D: (Telemetry Spool)"", ""TotalFreeGB"": 680.0, ""SizeGB"": 1000.0}}, ""RAM"": ""32 GB DDR4-3200 Industrial ECC"", ""CPU"": ""Intel Core i7-1185GRE @ 2.80GHz (4 Cores / 8 Threads)""}",L03-OP080,org-line-03,Control Cabinet L03-OP080,InMachine,,,,False,Controls & Automation,,
ClientPc,IPC-L03-OP060-PLC,IPC-L03-OP060-PLC (Motion & Safety PLC),Controls Engineering (Synthetic AI Guild);Platform Operations (Synthetic AI Guild),Beckhoff,Direct Automation Europe,SN-SYNTH-PC-0019,,L03-OP060,IPC-L03-OP060-PLC,"{""IPAddress"": ""192.168.10.20"", ""OperatingSystem"": ""Windows 11 IoT Enterprise"", ""Model"": ""Embedded PC C6032 High-Perf"", ""TwinCATProject"": ""TC3_Line03_LaserMotion.tsproj (Port 851)"", ""MESClient"": ""Beckhoff ADS Telemetry Streamer"", ""BeckhoffRtDriver"": ""TcRTEthernet active (Port 851 bound)"", ""Disks"": {""C:"": {""Caption"": ""C: (OS)"", ""TotalFreeGB"": 142.5, ""SizeGB"": 256.0}, ""D:"": {""Caption"": ""D: (Telemetry Spool)"", ""TotalFreeGB"": 680.0, ""SizeGB"": 1000.0}}, ""RAM"": ""32 GB DDR4-3200 Industrial ECC"", ""CPU"": ""Intel Core i7-1185GRE @ 2.80GHz (4 Cores / 8 Threads)""}",L03-OP060,org-line-03,Control Cabinet L03-OP060,InMachine,,,,False,Controls & Automation,,
ClientPc,IPC-L03-OP060-VISION,IPC-L03-OP060-VISION (Real-time Vision Inspector),Controls Engineering (Synthetic AI Guild);Platform Operations (Synthetic AI Guild),Cognex,Direct Automation Europe,SN-SYNTH-PC-0020,,L03-OP060,IPC-L03-OP060-VISION,"{""IPAddress"": ""192.168.10.21"", ""OperatingSystem"": ""Windows 10 IoT Enterprise"", ""Model"": ""Dell OptiPlex 7090 Micro Edge"", ""TwinCATProject"": ""Vision GigE Cam Driver active"", ""MESClient"": ""Cognex In-Sight Explorer 6.5.0 Connector"", ""BeckhoffRtDriver"": ""TcRTEthernet active (Port 851 bound)"", ""Disks"": {""C:"": {""Caption"": ""C: (OS)"", ""TotalFreeGB"": 142.5, ""SizeGB"": 256.0}, ""D:"": {""Caption"": ""D: (Telemetry Spool)"", ""TotalFreeGB"": 680.0, ""SizeGB"": 1000.0}}, ""RAM"": ""32 GB DDR4-3200 Industrial ECC"", ""CPU"": ""Intel Core i7-1185GRE @ 2.80GHz (4 Cores / 8 Threads)""}",L03-OP060,org-line-03,Control Cabinet L03-OP060,InMachine,,,,False,Controls & Automation,,
ClientPc,IPC-L03-OP060-MES-GATE,IPC-L03-OP060-MES-GATE (Plant MES Integration Gateway),Controls Engineering (Synthetic AI Guild);Platform Operations (Synthetic AI Guild),Advantech,Direct Automation Europe,SN-SYNTH-PC-0021,,L03-OP060,IPC-L03-OP060-MES-GATE,"{""IPAddress"": ""192.168.10.22"", ""OperatingSystem"": ""Debian 12 Bookworm Industrial"", ""Model"": ""Advantech UNO-2271G Edge"", ""TwinCATProject"": ""MQTT / OPC UA Gateway active"", ""MESClient"": ""Audi Corporate Plant MES Gateway v3"", ""BeckhoffRtDriver"": ""TcRTEthernet active (Port 851 bound)"", ""Disks"": {""C:"": {""Caption"": ""C: (OS)"", ""TotalFreeGB"": 142.5, ""SizeGB"": 256.0}, ""D:"": {""Caption"": ""D: (Telemetry Spool)"", ""TotalFreeGB"": 680.0, ""SizeGB"": 1000.0}}, ""RAM"": ""32 GB DDR4-3200 Industrial ECC"", ""CPU"": ""Intel Core i7-1185GRE @ 2.80GHz (4 Cores / 8 Threads)""}",L03-OP060,org-line-03,Control Cabinet L03-OP060,InMachine,,,,False,Controls & Automation,,
ClientPc,IPC-L04-OP030-DEDICATED,IPC-L04-OP030-DEDICATED (Dedicated 1:1 Controller),Controls Engineering (Synthetic AI Guild);Platform Operations (Synthetic AI Guild),Beckhoff,Direct Automation Europe,SN-SYNTH-PC-0022,,L04-OP030,IPC-L04-OP030-DEDICATED,"{""IPAddress"": ""192.168.10.23"", ""OperatingSystem"": ""Windows 10 IoT Enterprise 2021 LTSC"", ""Model"": ""Embedded PC C6030 Fanless"", ""TwinCATProject"": ""TC3_Line04_Cell030.tsproj (Port 851)"", ""MESClient"": ""Audi MES Production Client v3.1"", ""BeckhoffRtDriver"": ""TcRTEthernet active (Port 851 bound)"", ""Disks"": {""C:"": {""Caption"": ""C: (OS)"", ""TotalFreeGB"": 142.5, ""SizeGB"": 256.0}, ""D:"": {""Caption"": ""D: (Telemetry Spool)"", ""TotalFreeGB"": 680.0, ""SizeGB"": 1000.0}}, ""RAM"": ""32 GB DDR4-3200 Industrial ECC"", ""CPU"": ""Intel Core i7-1185GRE @ 2.80GHz (4 Cores / 8 Threads)""}",L04-OP030,org-line-04,Control Cabinet L04-OP030,InMachine,,,,False,Controls & Automation,,
ClientPc,IPC-L04-CONVEYOR-MAIN,IPC-L04-CONVEYOR-MAIN (Master Conveyor 1:n PLC),Controls Engineering (Synthetic AI Guild);Platform Operations (Synthetic AI Guild),Siemens,Direct Automation Europe,SN-SYNTH-PC-0023,,L04-OP010,IPC-L04-CONVEYOR-MAIN,"{""IPAddress"": ""192.168.10.24"", ""OperatingSystem"": ""Windows 11 IoT Enterprise LTSC 2024"", ""Model"": ""SIMATIC IPC477E Industrial"", ""TwinCATProject"": ""TC3_Line04_PalletLoop.tsproj (Port 851)"", ""MESClient"": ""Siemens Opcenter Connector v4.2"", ""BeckhoffRtDriver"": ""TcRTEthernet active (Port 851 bound)"", ""Disks"": {""C:"": {""Caption"": ""C: (OS)"", ""TotalFreeGB"": 142.5, ""SizeGB"": 256.0}, ""D:"": {""Caption"": ""D: (Telemetry Spool)"", ""TotalFreeGB"": 680.0, ""SizeGB"": 1000.0}}, ""RAM"": ""32 GB DDR4-3200 Industrial ECC"", ""CPU"": ""Intel Core i7-1185GRE @ 2.80GHz (4 Cores / 8 Threads)""}",L04-OP010,org-line-04,Control Cabinet L04-OP010,InMachine,,,,False,Controls & Automation,,
ClientPc,IPC-L04-ROB-ALPHA,IPC-L04-ROB-ALPHA (Distributed m:n Cell),Controls Engineering (Synthetic AI Guild);Platform Operations (Synthetic AI Guild),KUKA,Direct Automation Europe,SN-SYNTH-PC-0024,,L04-OP080,IPC-L04-ROB-ALPHA,"{""IPAddress"": ""192.168.10.25"", ""OperatingSystem"": ""Windows 10 IoT Enterprise"", ""Model"": ""Advantech UNO-2484G Fanless Edge"", ""TwinCATProject"": ""TC3_Line04_RoboticsShared.tsproj (Port 851)"", ""MESClient"": ""KUKA KRC4 Edge Telemetry Connector"", ""BeckhoffRtDriver"": ""TcRTEthernet active (Port 851 bound)"", ""Disks"": {""C:"": {""Caption"": ""C: (OS)"", ""TotalFreeGB"": 142.5, ""SizeGB"": 256.0}, ""D:"": {""Caption"": ""D: (Telemetry Spool)"", ""TotalFreeGB"": 680.0, ""SizeGB"": 1000.0}}, ""RAM"": ""32 GB DDR4-3200 Industrial ECC"", ""CPU"": ""Intel Core i7-1185GRE @ 2.80GHz (4 Cores / 8 Threads)""}",L04-OP080,org-line-04,Control Cabinet L04-OP080,InMachine,,,,False,Controls & Automation,,
ClientPc,IPC-L04-ROB-BETA,IPC-L04-ROB-BETA (Distributed m:n Cell),Controls Engineering (Synthetic AI Guild);Platform Operations (Synthetic AI Guild),KUKA,Direct Automation Europe,SN-SYNTH-PC-0025,,L04-OP080,IPC-L04-ROB-BETA,"{""IPAddress"": ""192.168.10.26"", ""OperatingSystem"": ""Windows 10 IoT Enterprise"", ""Model"": ""Advantech UNO-2484G Fanless Edge"", ""TwinCATProject"": ""TC3_Line04_RoboticsShared.tsproj (Port 851)"", ""MESClient"": ""KUKA KRC4 Edge Telemetry Connector"", ""BeckhoffRtDriver"": ""TcRTEthernet active (Port 851 bound)"", ""Disks"": {""C:"": {""Caption"": ""C: (OS)"", ""TotalFreeGB"": 142.5, ""SizeGB"": 256.0}, ""D:"": {""Caption"": ""D: (Telemetry Spool)"", ""TotalFreeGB"": 680.0, ""SizeGB"": 1000.0}}, ""RAM"": ""32 GB DDR4-3200 Industrial ECC"", ""CPU"": ""Intel Core i7-1185GRE @ 2.80GHz (4 Cores / 8 Threads)""}",L04-OP080,org-line-04,Control Cabinet L04-OP080,InMachine,,,,False,Controls & Automation,,
ClientPc,IPC-L04-OP060-PLC,IPC-L04-OP060-PLC (Motion & Safety PLC),Controls Engineering (Synthetic AI Guild);Platform Operations (Synthetic AI Guild),Beckhoff,Direct Automation Europe,SN-SYNTH-PC-0026,,L04-OP060,IPC-L04-OP060-PLC,"{""IPAddress"": ""192.168.10.27"", ""OperatingSystem"": ""Windows 11 IoT Enterprise"", ""Model"": ""Embedded PC C6032 High-Perf"", ""TwinCATProject"": ""TC3_Line04_LaserMotion.tsproj (Port 851)"", ""MESClient"": ""Beckhoff ADS Telemetry Streamer"", ""BeckhoffRtDriver"": ""TcRTEthernet active (Port 851 bound)"", ""Disks"": {""C:"": {""Caption"": ""C: (OS)"", ""TotalFreeGB"": 142.5, ""SizeGB"": 256.0}, ""D:"": {""Caption"": ""D: (Telemetry Spool)"", ""TotalFreeGB"": 680.0, ""SizeGB"": 1000.0}}, ""RAM"": ""32 GB DDR4-3200 Industrial ECC"", ""CPU"": ""Intel Core i7-1185GRE @ 2.80GHz (4 Cores / 8 Threads)""}",L04-OP060,org-line-04,Control Cabinet L04-OP060,InMachine,,,,False,Controls & Automation,,
ClientPc,IPC-L04-OP060-VISION,IPC-L04-OP060-VISION (Real-time Vision Inspector),Controls Engineering (Synthetic AI Guild);Platform Operations (Synthetic AI Guild),Cognex,Direct Automation Europe,SN-SYNTH-PC-0027,,L04-OP060,IPC-L04-OP060-VISION,"{""IPAddress"": ""192.168.10.28"", ""OperatingSystem"": ""Windows 10 IoT Enterprise"", ""Model"": ""Dell OptiPlex 7090 Micro Edge"", ""TwinCATProject"": ""Vision GigE Cam Driver active"", ""MESClient"": ""Cognex In-Sight Explorer 6.5.0 Connector"", ""BeckhoffRtDriver"": ""TcRTEthernet active (Port 851 bound)"", ""Disks"": {""C:"": {""Caption"": ""C: (OS)"", ""TotalFreeGB"": 142.5, ""SizeGB"": 256.0}, ""D:"": {""Caption"": ""D: (Telemetry Spool)"", ""TotalFreeGB"": 680.0, ""SizeGB"": 1000.0}}, ""RAM"": ""32 GB DDR4-3200 Industrial ECC"", ""CPU"": ""Intel Core i7-1185GRE @ 2.80GHz (4 Cores / 8 Threads)""}",L04-OP060,org-line-04,Control Cabinet L04-OP060,InMachine,,,,False,Controls & Automation,,
ClientPc,IPC-L04-OP060-MES-GATE,IPC-L04-OP060-MES-GATE (Plant MES Integration Gateway),Controls Engineering (Synthetic AI Guild);Platform Operations (Synthetic AI Guild),Advantech,Direct Automation Europe,SN-SYNTH-PC-0028,,L04-OP060,IPC-L04-OP060-MES-GATE,"{""IPAddress"": ""192.168.10.29"", ""OperatingSystem"": ""Debian 12 Bookworm Industrial"", ""Model"": ""Advantech UNO-2271G Edge"", ""TwinCATProject"": ""MQTT / OPC UA Gateway active"", ""MESClient"": ""Audi Corporate Plant MES Gateway v3"", ""BeckhoffRtDriver"": ""TcRTEthernet active (Port 851 bound)"", ""Disks"": {""C:"": {""Caption"": ""C: (OS)"", ""TotalFreeGB"": 142.5, ""SizeGB"": 256.0}, ""D:"": {""Caption"": ""D: (Telemetry Spool)"", ""TotalFreeGB"": 680.0, ""SizeGB"": 1000.0}}, ""RAM"": ""32 GB DDR4-3200 Industrial ECC"", ""CPU"": ""Intel Core i7-1185GRE @ 2.80GHz (4 Cores / 8 Threads)""}",L04-OP060,org-line-04,Control Cabinet L04-OP060,InMachine,,,,False,Controls & Automation,,
ClientPc,IPC-L05-OP030-DEDICATED,IPC-L05-OP030-DEDICATED (Dedicated 1:1 Controller),Controls Engineering (Synthetic AI Guild);Platform Operations (Synthetic AI Guild),Beckhoff,Direct Automation Europe,SN-SYNTH-PC-0029,,L05-OP030,IPC-L05-OP030-DEDICATED,"{""IPAddress"": ""192.168.10.30"", ""OperatingSystem"": ""Windows 10 IoT Enterprise 2021 LTSC"", ""Model"": ""Embedded PC C6030 Fanless"", ""TwinCATProject"": ""TC3_Line05_Cell030.tsproj (Port 851)"", ""MESClient"": ""Audi MES Production Client v3.1"", ""BeckhoffRtDriver"": ""TcRTEthernet active (Port 851 bound)"", ""Disks"": {""C:"": {""Caption"": ""C: (OS)"", ""TotalFreeGB"": 142.5, ""SizeGB"": 256.0}, ""D:"": {""Caption"": ""D: (Telemetry Spool)"", ""TotalFreeGB"": 680.0, ""SizeGB"": 1000.0}}, ""RAM"": ""32 GB DDR4-3200 Industrial ECC"", ""CPU"": ""Intel Core i7-1185GRE @ 2.80GHz (4 Cores / 8 Threads)""}",L05-OP030,org-line-05,Control Cabinet L05-OP030,InMachine,,,,False,Controls & Automation,,
ClientPc,IPC-L05-CONVEYOR-MAIN,IPC-L05-CONVEYOR-MAIN (Master Conveyor 1:n PLC),Controls Engineering (Synthetic AI Guild);Platform Operations (Synthetic AI Guild),Siemens,Direct Automation Europe,SN-SYNTH-PC-0030,,L05-OP010,IPC-L05-CONVEYOR-MAIN,"{""IPAddress"": ""192.168.10.31"", ""OperatingSystem"": ""Windows 11 IoT Enterprise LTSC 2024"", ""Model"": ""SIMATIC IPC477E Industrial"", ""TwinCATProject"": ""TC3_Line05_PalletLoop.tsproj (Port 851)"", ""MESClient"": ""Siemens Opcenter Connector v4.2"", ""BeckhoffRtDriver"": ""TcRTEthernet active (Port 851 bound)"", ""Disks"": {""C:"": {""Caption"": ""C: (OS)"", ""TotalFreeGB"": 142.5, ""SizeGB"": 256.0}, ""D:"": {""Caption"": ""D: (Telemetry Spool)"", ""TotalFreeGB"": 680.0, ""SizeGB"": 1000.0}}, ""RAM"": ""32 GB DDR4-3200 Industrial ECC"", ""CPU"": ""Intel Core i7-1185GRE @ 2.80GHz (4 Cores / 8 Threads)""}",L05-OP010,org-line-05,Control Cabinet L05-OP010,InMachine,,,,False,Controls & Automation,,
ClientPc,IPC-L05-ROB-ALPHA,IPC-L05-ROB-ALPHA (Distributed m:n Cell),Controls Engineering (Synthetic AI Guild);Platform Operations (Synthetic AI Guild),KUKA,Direct Automation Europe,SN-SYNTH-PC-0031,,L05-OP080,IPC-L05-ROB-ALPHA,"{""IPAddress"": ""192.168.10.32"", ""OperatingSystem"": ""Windows 10 IoT Enterprise"", ""Model"": ""Advantech UNO-2484G Fanless Edge"", ""TwinCATProject"": ""TC3_Line05_RoboticsShared.tsproj (Port 851)"", ""MESClient"": ""KUKA KRC4 Edge Telemetry Connector"", ""BeckhoffRtDriver"": ""TcRTEthernet active (Port 851 bound)"", ""Disks"": {""C:"": {""Caption"": ""C: (OS)"", ""TotalFreeGB"": 142.5, ""SizeGB"": 256.0}, ""D:"": {""Caption"": ""D: (Telemetry Spool)"", ""TotalFreeGB"": 680.0, ""SizeGB"": 1000.0}}, ""RAM"": ""32 GB DDR4-3200 Industrial ECC"", ""CPU"": ""Intel Core i7-1185GRE @ 2.80GHz (4 Cores / 8 Threads)""}",L05-OP080,org-line-05,Control Cabinet L05-OP080,InMachine,,,,False,Controls & Automation,,
ClientPc,IPC-L05-ROB-BETA,IPC-L05-ROB-BETA (Distributed m:n Cell),Controls Engineering (Synthetic AI Guild);Platform Operations (Synthetic AI Guild),KUKA,Direct Automation Europe,SN-SYNTH-PC-0032,,L05-OP080,IPC-L05-ROB-BETA,"{""IPAddress"": ""192.168.10.33"", ""OperatingSystem"": ""Windows 10 IoT Enterprise"", ""Model"": ""Advantech UNO-2484G Fanless Edge"", ""TwinCATProject"": ""TC3_Line05_RoboticsShared.tsproj (Port 851)"", ""MESClient"": ""KUKA KRC4 Edge Telemetry Connector"", ""BeckhoffRtDriver"": ""TcRTEthernet active (Port 851 bound)"", ""Disks"": {""C:"": {""Caption"": ""C: (OS)"", ""TotalFreeGB"": 142.5, ""SizeGB"": 256.0}, ""D:"": {""Caption"": ""D: (Telemetry Spool)"", ""TotalFreeGB"": 680.0, ""SizeGB"": 1000.0}}, ""RAM"": ""32 GB DDR4-3200 Industrial ECC"", ""CPU"": ""Intel Core i7-1185GRE @ 2.80GHz (4 Cores / 8 Threads)""}",L05-OP080,org-line-05,Control Cabinet L05-OP080,InMachine,,,,False,Controls & Automation,,
ClientPc,IPC-L05-OP060-PLC,IPC-L05-OP060-PLC (Motion & Safety PLC),Controls Engineering (Synthetic AI Guild);Platform Operations (Synthetic AI Guild),Beckhoff,Direct Automation Europe,SN-SYNTH-PC-0033,,L05-OP060,IPC-L05-OP060-PLC,"{""IPAddress"": ""192.168.10.34"", ""OperatingSystem"": ""Windows 11 IoT Enterprise"", ""Model"": ""Embedded PC C6032 High-Perf"", ""TwinCATProject"": ""TC3_Line05_LaserMotion.tsproj (Port 851)"", ""MESClient"": ""Beckhoff ADS Telemetry Streamer"", ""BeckhoffRtDriver"": ""TcRTEthernet active (Port 851 bound)"", ""Disks"": {""C:"": {""Caption"": ""C: (OS)"", ""TotalFreeGB"": 142.5, ""SizeGB"": 256.0}, ""D:"": {""Caption"": ""D: (Telemetry Spool)"", ""TotalFreeGB"": 680.0, ""SizeGB"": 1000.0}}, ""RAM"": ""32 GB DDR4-3200 Industrial ECC"", ""CPU"": ""Intel Core i7-1185GRE @ 2.80GHz (4 Cores / 8 Threads)""}",L05-OP060,org-line-05,Control Cabinet L05-OP060,InMachine,,,,False,Controls & Automation,,
ClientPc,IPC-L05-OP060-VISION,IPC-L05-OP060-VISION (Real-time Vision Inspector),Controls Engineering (Synthetic AI Guild);Platform Operations (Synthetic AI Guild),Cognex,Direct Automation Europe,SN-SYNTH-PC-0034,,L05-OP060,IPC-L05-OP060-VISION,"{""IPAddress"": ""192.168.10.35"", ""OperatingSystem"": ""Windows 10 IoT Enterprise"", ""Model"": ""Dell OptiPlex 7090 Micro Edge"", ""TwinCATProject"": ""Vision GigE Cam Driver active"", ""MESClient"": ""Cognex In-Sight Explorer 6.5.0 Connector"", ""BeckhoffRtDriver"": ""TcRTEthernet active (Port 851 bound)"", ""Disks"": {""C:"": {""Caption"": ""C: (OS)"", ""TotalFreeGB"": 142.5, ""SizeGB"": 256.0}, ""D:"": {""Caption"": ""D: (Telemetry Spool)"", ""TotalFreeGB"": 680.0, ""SizeGB"": 1000.0}}, ""RAM"": ""32 GB DDR4-3200 Industrial ECC"", ""CPU"": ""Intel Core i7-1185GRE @ 2.80GHz (4 Cores / 8 Threads)""}",L05-OP060,org-line-05,Control Cabinet L05-OP060,InMachine,,,,False,Controls & Automation,,
ClientPc,IPC-L05-OP060-MES-GATE,IPC-L05-OP060-MES-GATE (Plant MES Integration Gateway),Controls Engineering (Synthetic AI Guild);Platform Operations (Synthetic AI Guild),Advantech,Direct Automation Europe,SN-SYNTH-PC-0035,,L05-OP060,IPC-L05-OP060-MES-GATE,"{""IPAddress"": ""192.168.10.36"", ""OperatingSystem"": ""Debian 12 Bookworm Industrial"", ""Model"": ""Advantech UNO-2271G Edge"", ""TwinCATProject"": ""MQTT / OPC UA Gateway active"", ""MESClient"": ""Audi Corporate Plant MES Gateway v3"", ""BeckhoffRtDriver"": ""TcRTEthernet active (Port 851 bound)"", ""Disks"": {""C:"": {""Caption"": ""C: (OS)"", ""TotalFreeGB"": 142.5, ""SizeGB"": 256.0}, ""D:"": {""Caption"": ""D: (Telemetry Spool)"", ""TotalFreeGB"": 680.0, ""SizeGB"": 1000.0}}, ""RAM"": ""32 GB DDR4-3200 Industrial ECC"", ""CPU"": ""Intel Core i7-1185GRE @ 2.80GHz (4 Cores / 8 Threads)""}",L05-OP060,org-line-05,Control Cabinet L05-OP060,InMachine,,,,False,Controls & Automation,,
ClientPc,IPC-L06-OP030-DEDICATED,IPC-L06-OP030-DEDICATED (Dedicated 1:1 Controller),Controls Engineering (Synthetic AI Guild);Platform Operations (Synthetic AI Guild),Beckhoff,Direct Automation Europe,SN-SYNTH-PC-0036,,L06-OP030,IPC-L06-OP030-DEDICATED,"{""IPAddress"": ""192.168.10.37"", ""OperatingSystem"": ""Windows 10 IoT Enterprise 2021 LTSC"", ""Model"": ""Embedded PC C6030 Fanless"", ""TwinCATProject"": ""TC3_Line06_Cell030.tsproj (Port 851)"", ""MESClient"": ""Audi MES Production Client v3.1"", ""BeckhoffRtDriver"": ""TcRTEthernet active (Port 851 bound)"", ""Disks"": {""C:"": {""Caption"": ""C: (OS)"", ""TotalFreeGB"": 142.5, ""SizeGB"": 256.0}, ""D:"": {""Caption"": ""D: (Telemetry Spool)"", ""TotalFreeGB"": 680.0, ""SizeGB"": 1000.0}}, ""RAM"": ""32 GB DDR4-3200 Industrial ECC"", ""CPU"": ""Intel Core i7-1185GRE @ 2.80GHz (4 Cores / 8 Threads)""}",L06-OP030,org-line-06,Control Cabinet L06-OP030,InMachine,,,,False,Controls & Automation,,
ClientPc,IPC-L06-CONVEYOR-MAIN,IPC-L06-CONVEYOR-MAIN (Master Conveyor 1:n PLC),Controls Engineering (Synthetic AI Guild);Platform Operations (Synthetic AI Guild),Siemens,Direct Automation Europe,SN-SYNTH-PC-0037,,L06-OP010,IPC-L06-CONVEYOR-MAIN,"{""IPAddress"": ""192.168.10.38"", ""OperatingSystem"": ""Windows 11 IoT Enterprise LTSC 2024"", ""Model"": ""SIMATIC IPC477E Industrial"", ""TwinCATProject"": ""TC3_Line06_PalletLoop.tsproj (Port 851)"", ""MESClient"": ""Siemens Opcenter Connector v4.2"", ""BeckhoffRtDriver"": ""TcRTEthernet active (Port 851 bound)"", ""Disks"": {""C:"": {""Caption"": ""C: (OS)"", ""TotalFreeGB"": 142.5, ""SizeGB"": 256.0}, ""D:"": {""Caption"": ""D: (Telemetry Spool)"", ""TotalFreeGB"": 680.0, ""SizeGB"": 1000.0}}, ""RAM"": ""32 GB DDR4-3200 Industrial ECC"", ""CPU"": ""Intel Core i7-1185GRE @ 2.80GHz (4 Cores / 8 Threads)""}",L06-OP010,org-line-06,Control Cabinet L06-OP010,InMachine,,,,False,Controls & Automation,,
ClientPc,IPC-L06-ROB-ALPHA,IPC-L06-ROB-ALPHA (Distributed m:n Cell),Controls Engineering (Synthetic AI Guild);Platform Operations (Synthetic AI Guild),KUKA,Direct Automation Europe,SN-SYNTH-PC-0038,,L06-OP080,IPC-L06-ROB-ALPHA,"{""IPAddress"": ""192.168.10.39"", ""OperatingSystem"": ""Windows 10 IoT Enterprise"", ""Model"": ""Advantech UNO-2484G Fanless Edge"", ""TwinCATProject"": ""TC3_Line06_RoboticsShared.tsproj (Port 851)"", ""MESClient"": ""KUKA KRC4 Edge Telemetry Connector"", ""BeckhoffRtDriver"": ""TcRTEthernet active (Port 851 bound)"", ""Disks"": {""C:"": {""Caption"": ""C: (OS)"", ""TotalFreeGB"": 142.5, ""SizeGB"": 256.0}, ""D:"": {""Caption"": ""D: (Telemetry Spool)"", ""TotalFreeGB"": 680.0, ""SizeGB"": 1000.0}}, ""RAM"": ""32 GB DDR4-3200 Industrial ECC"", ""CPU"": ""Intel Core i7-1185GRE @ 2.80GHz (4 Cores / 8 Threads)""}",L06-OP080,org-line-06,Control Cabinet L06-OP080,InMachine,,,,False,Controls & Automation,,
ClientPc,IPC-L06-ROB-BETA,IPC-L06-ROB-BETA (Distributed m:n Cell),Controls Engineering (Synthetic AI Guild);Platform Operations (Synthetic AI Guild),KUKA,Direct Automation Europe,SN-SYNTH-PC-0039,,L06-OP080,IPC-L06-ROB-BETA,"{""IPAddress"": ""192.168.10.40"", ""OperatingSystem"": ""Windows 10 IoT Enterprise"", ""Model"": ""Advantech UNO-2484G Fanless Edge"", ""TwinCATProject"": ""TC3_Line06_RoboticsShared.tsproj (Port 851)"", ""MESClient"": ""KUKA KRC4 Edge Telemetry Connector"", ""BeckhoffRtDriver"": ""TcRTEthernet active (Port 851 bound)"", ""Disks"": {""C:"": {""Caption"": ""C: (OS)"", ""TotalFreeGB"": 142.5, ""SizeGB"": 256.0}, ""D:"": {""Caption"": ""D: (Telemetry Spool)"", ""TotalFreeGB"": 680.0, ""SizeGB"": 1000.0}}, ""RAM"": ""32 GB DDR4-3200 Industrial ECC"", ""CPU"": ""Intel Core i7-1185GRE @ 2.80GHz (4 Cores / 8 Threads)""}",L06-OP080,org-line-06,Control Cabinet L06-OP080,InMachine,,,,False,Controls & Automation,,
ClientPc,IPC-L06-OP060-PLC,IPC-L06-OP060-PLC (Motion & Safety PLC),Controls Engineering (Synthetic AI Guild);Platform Operations (Synthetic AI Guild),Beckhoff,Direct Automation Europe,SN-SYNTH-PC-0040,,L06-OP060,IPC-L06-OP060-PLC,"{""IPAddress"": ""192.168.10.41"", ""OperatingSystem"": ""Windows 11 IoT Enterprise"", ""Model"": ""Embedded PC C6032 High-Perf"", ""TwinCATProject"": ""TC3_Line06_LaserMotion.tsproj (Port 851)"", ""MESClient"": ""Beckhoff ADS Telemetry Streamer"", ""BeckhoffRtDriver"": ""TcRTEthernet active (Port 851 bound)"", ""Disks"": {""C:"": {""Caption"": ""C: (OS)"", ""TotalFreeGB"": 142.5, ""SizeGB"": 256.0}, ""D:"": {""Caption"": ""D: (Telemetry Spool)"", ""TotalFreeGB"": 680.0, ""SizeGB"": 1000.0}}, ""RAM"": ""32 GB DDR4-3200 Industrial ECC"", ""CPU"": ""Intel Core i7-1185GRE @ 2.80GHz (4 Cores / 8 Threads)""}",L06-OP060,org-line-06,Control Cabinet L06-OP060,InMachine,,,,False,Controls & Automation,,
ClientPc,IPC-L06-OP060-VISION,IPC-L06-OP060-VISION (Real-time Vision Inspector),Controls Engineering (Synthetic AI Guild);Platform Operations (Synthetic AI Guild),Cognex,Direct Automation Europe,SN-SYNTH-PC-0041,,L06-OP060,IPC-L06-OP060-VISION,"{""IPAddress"": ""192.168.10.42"", ""OperatingSystem"": ""Windows 10 IoT Enterprise"", ""Model"": ""Dell OptiPlex 7090 Micro Edge"", ""TwinCATProject"": ""Vision GigE Cam Driver active"", ""MESClient"": ""Cognex In-Sight Explorer 6.5.0 Connector"", ""BeckhoffRtDriver"": ""TcRTEthernet active (Port 851 bound)"", ""Disks"": {""C:"": {""Caption"": ""C: (OS)"", ""TotalFreeGB"": 142.5, ""SizeGB"": 256.0}, ""D:"": {""Caption"": ""D: (Telemetry Spool)"", ""TotalFreeGB"": 680.0, ""SizeGB"": 1000.0}}, ""RAM"": ""32 GB DDR4-3200 Industrial ECC"", ""CPU"": ""Intel Core i7-1185GRE @ 2.80GHz (4 Cores / 8 Threads)""}",L06-OP060,org-line-06,Control Cabinet L06-OP060,InMachine,,,,False,Controls & Automation,,
ClientPc,IPC-L06-OP060-MES-GATE,IPC-L06-OP060-MES-GATE (Plant MES Integration Gateway),Controls Engineering (Synthetic AI Guild);Platform Operations (Synthetic AI Guild),Advantech,Direct Automation Europe,SN-SYNTH-PC-0042,,L06-OP060,IPC-L06-OP060-MES-GATE,"{""IPAddress"": ""192.168.10.43"", ""OperatingSystem"": ""Debian 12 Bookworm Industrial"", ""Model"": ""Advantech UNO-2271G Edge"", ""TwinCATProject"": ""MQTT / OPC UA Gateway active"", ""MESClient"": ""Audi Corporate Plant MES Gateway v3"", ""BeckhoffRtDriver"": ""TcRTEthernet active (Port 851 bound)"", ""Disks"": {""C:"": {""Caption"": ""C: (OS)"", ""TotalFreeGB"": 142.5, ""SizeGB"": 256.0}, ""D:"": {""Caption"": ""D: (Telemetry Spool)"", ""TotalFreeGB"": 680.0, ""SizeGB"": 1000.0}}, ""RAM"": ""32 GB DDR4-3200 Industrial ECC"", ""CPU"": ""Intel Core i7-1185GRE @ 2.80GHz (4 Cores / 8 Threads)""}",L06-OP060,org-line-06,Control Cabinet L06-OP060,InMachine,,,,False,Controls & Automation,,
ClientPc,IPC-L07-OP030-DEDICATED,IPC-L07-OP030-DEDICATED (Dedicated 1:1 Controller),Controls Engineering (Synthetic AI Guild);Platform Operations (Synthetic AI Guild),Beckhoff,Direct Automation Europe,SN-SYNTH-PC-0043,,L07-OP030,IPC-L07-OP030-DEDICATED,"{""IPAddress"": ""192.168.10.44"", ""OperatingSystem"": ""Windows 10 IoT Enterprise 2021 LTSC"", ""Model"": ""Embedded PC C6030 Fanless"", ""TwinCATProject"": ""TC3_Line07_Cell030.tsproj (Port 851)"", ""MESClient"": ""Audi MES Production Client v3.1"", ""BeckhoffRtDriver"": ""TcRTEthernet active (Port 851 bound)"", ""Disks"": {""C:"": {""Caption"": ""C: (OS)"", ""TotalFreeGB"": 142.5, ""SizeGB"": 256.0}, ""D:"": {""Caption"": ""D: (Telemetry Spool)"", ""TotalFreeGB"": 680.0, ""SizeGB"": 1000.0}}, ""RAM"": ""32 GB DDR4-3200 Industrial ECC"", ""CPU"": ""Intel Core i7-1185GRE @ 2.80GHz (4 Cores / 8 Threads)""}",L07-OP030,org-line-07,Control Cabinet L07-OP030,InMachine,,,,False,Controls & Automation,,
ClientPc,IPC-L07-CONVEYOR-MAIN,IPC-L07-CONVEYOR-MAIN (Master Conveyor 1:n PLC),Controls Engineering (Synthetic AI Guild);Platform Operations (Synthetic AI Guild),Siemens,Direct Automation Europe,SN-SYNTH-PC-0044,,L07-OP010,IPC-L07-CONVEYOR-MAIN,"{""IPAddress"": ""192.168.10.45"", ""OperatingSystem"": ""Windows 11 IoT Enterprise LTSC 2024"", ""Model"": ""SIMATIC IPC477E Industrial"", ""TwinCATProject"": ""TC3_Line07_PalletLoop.tsproj (Port 851)"", ""MESClient"": ""Siemens Opcenter Connector v4.2"", ""BeckhoffRtDriver"": ""TcRTEthernet active (Port 851 bound)"", ""Disks"": {""C:"": {""Caption"": ""C: (OS)"", ""TotalFreeGB"": 142.5, ""SizeGB"": 256.0}, ""D:"": {""Caption"": ""D: (Telemetry Spool)"", ""TotalFreeGB"": 680.0, ""SizeGB"": 1000.0}}, ""RAM"": ""32 GB DDR4-3200 Industrial ECC"", ""CPU"": ""Intel Core i7-1185GRE @ 2.80GHz (4 Cores / 8 Threads)""}",L07-OP010,org-line-07,Control Cabinet L07-OP010,InMachine,,,,False,Controls & Automation,,
ClientPc,IPC-L07-ROB-ALPHA,IPC-L07-ROB-ALPHA (Distributed m:n Cell),Controls Engineering (Synthetic AI Guild);Platform Operations (Synthetic AI Guild),KUKA,Direct Automation Europe,SN-SYNTH-PC-0045,,L07-OP080,IPC-L07-ROB-ALPHA,"{""IPAddress"": ""192.168.10.46"", ""OperatingSystem"": ""Windows 10 IoT Enterprise"", ""Model"": ""Advantech UNO-2484G Fanless Edge"", ""TwinCATProject"": ""TC3_Line07_RoboticsShared.tsproj (Port 851)"", ""MESClient"": ""KUKA KRC4 Edge Telemetry Connector"", ""BeckhoffRtDriver"": ""TcRTEthernet active (Port 851 bound)"", ""Disks"": {""C:"": {""Caption"": ""C: (OS)"", ""TotalFreeGB"": 142.5, ""SizeGB"": 256.0}, ""D:"": {""Caption"": ""D: (Telemetry Spool)"", ""TotalFreeGB"": 680.0, ""SizeGB"": 1000.0}}, ""RAM"": ""32 GB DDR4-3200 Industrial ECC"", ""CPU"": ""Intel Core i7-1185GRE @ 2.80GHz (4 Cores / 8 Threads)""}",L07-OP080,org-line-07,Control Cabinet L07-OP080,InMachine,,,,False,Controls & Automation,,
ClientPc,IPC-L07-ROB-BETA,IPC-L07-ROB-BETA (Distributed m:n Cell),Controls Engineering (Synthetic AI Guild);Platform Operations (Synthetic AI Guild),KUKA,Direct Automation Europe,SN-SYNTH-PC-0046,,L07-OP080,IPC-L07-ROB-BETA,"{""IPAddress"": ""192.168.10.47"", ""OperatingSystem"": ""Windows 10 IoT Enterprise"", ""Model"": ""Advantech UNO-2484G Fanless Edge"", ""TwinCATProject"": ""TC3_Line07_RoboticsShared.tsproj (Port 851)"", ""MESClient"": ""KUKA KRC4 Edge Telemetry Connector"", ""BeckhoffRtDriver"": ""TcRTEthernet active (Port 851 bound)"", ""Disks"": {""C:"": {""Caption"": ""C: (OS)"", ""TotalFreeGB"": 142.5, ""SizeGB"": 256.0}, ""D:"": {""Caption"": ""D: (Telemetry Spool)"", ""TotalFreeGB"": 680.0, ""SizeGB"": 1000.0}}, ""RAM"": ""32 GB DDR4-3200 Industrial ECC"", ""CPU"": ""Intel Core i7-1185GRE @ 2.80GHz (4 Cores / 8 Threads)""}",L07-OP080,org-line-07,Control Cabinet L07-OP080,InMachine,,,,False,Controls & Automation,,
ClientPc,IPC-L07-OP060-PLC,IPC-L07-OP060-PLC (Motion & Safety PLC),Controls Engineering (Synthetic AI Guild);Platform Operations (Synthetic AI Guild),Beckhoff,Direct Automation Europe,SN-SYNTH-PC-0047,,L07-OP060,IPC-L07-OP060-PLC,"{""IPAddress"": ""192.168.10.48"", ""OperatingSystem"": ""Windows 11 IoT Enterprise"", ""Model"": ""Embedded PC C6032 High-Perf"", ""TwinCATProject"": ""TC3_Line07_LaserMotion.tsproj (Port 851)"", ""MESClient"": ""Beckhoff ADS Telemetry Streamer"", ""BeckhoffRtDriver"": ""TcRTEthernet active (Port 851 bound)"", ""Disks"": {""C:"": {""Caption"": ""C: (OS)"", ""TotalFreeGB"": 142.5, ""SizeGB"": 256.0}, ""D:"": {""Caption"": ""D: (Telemetry Spool)"", ""TotalFreeGB"": 680.0, ""SizeGB"": 1000.0}}, ""RAM"": ""32 GB DDR4-3200 Industrial ECC"", ""CPU"": ""Intel Core i7-1185GRE @ 2.80GHz (4 Cores / 8 Threads)""}",L07-OP060,org-line-07,Control Cabinet L07-OP060,InMachine,,,,False,Controls & Automation,,
ClientPc,IPC-L07-OP060-VISION,IPC-L07-OP060-VISION (Real-time Vision Inspector),Controls Engineering (Synthetic AI Guild);Platform Operations (Synthetic AI Guild),Cognex,Direct Automation Europe,SN-SYNTH-PC-0048,,L07-OP060,IPC-L07-OP060-VISION,"{""IPAddress"": ""192.168.10.49"", ""OperatingSystem"": ""Windows 10 IoT Enterprise"", ""Model"": ""Dell OptiPlex 7090 Micro Edge"", ""TwinCATProject"": ""Vision GigE Cam Driver active"", ""MESClient"": ""Cognex In-Sight Explorer 6.5.0 Connector"", ""BeckhoffRtDriver"": ""TcRTEthernet active (Port 851 bound)"", ""Disks"": {""C:"": {""Caption"": ""C: (OS)"", ""TotalFreeGB"": 142.5, ""SizeGB"": 256.0}, ""D:"": {""Caption"": ""D: (Telemetry Spool)"", ""TotalFreeGB"": 680.0, ""SizeGB"": 1000.0}}, ""RAM"": ""32 GB DDR4-3200 Industrial ECC"", ""CPU"": ""Intel Core i7-1185GRE @ 2.80GHz (4 Cores / 8 Threads)""}",L07-OP060,org-line-07,Control Cabinet L07-OP060,InMachine,,,,False,Controls & Automation,,
ClientPc,IPC-L07-OP060-MES-GATE,IPC-L07-OP060-MES-GATE (Plant MES Integration Gateway),Controls Engineering (Synthetic AI Guild);Platform Operations (Synthetic AI Guild),Advantech,Direct Automation Europe,SN-SYNTH-PC-0049,,L07-OP060,IPC-L07-OP060-MES-GATE,"{""IPAddress"": ""192.168.10.50"", ""OperatingSystem"": ""Debian 12 Bookworm Industrial"", ""Model"": ""Advantech UNO-2271G Edge"", ""TwinCATProject"": ""MQTT / OPC UA Gateway active"", ""MESClient"": ""Audi Corporate Plant MES Gateway v3"", ""BeckhoffRtDriver"": ""TcRTEthernet active (Port 851 bound)"", ""Disks"": {""C:"": {""Caption"": ""C: (OS)"", ""TotalFreeGB"": 142.5, ""SizeGB"": 256.0}, ""D:"": {""Caption"": ""D: (Telemetry Spool)"", ""TotalFreeGB"": 680.0, ""SizeGB"": 1000.0}}, ""RAM"": ""32 GB DDR4-3200 Industrial ECC"", ""CPU"": ""Intel Core i7-1185GRE @ 2.80GHz (4 Cores / 8 Threads)""}",L07-OP060,org-line-07,Control Cabinet L07-OP060,InMachine,,,,False,Controls & Automation,,
ClientPc,IPC-L08-OP030-DEDICATED,IPC-L08-OP030-DEDICATED (Dedicated 1:1 Controller),Controls Engineering (Synthetic AI Guild);Platform Operations (Synthetic AI Guild),Beckhoff,Direct Automation Europe,SN-SYNTH-PC-0050,,L08-OP030,IPC-L08-OP030-DEDICATED,"{""IPAddress"": ""192.168.10.51"", ""OperatingSystem"": ""Windows 10 IoT Enterprise 2021 LTSC"", ""Model"": ""Embedded PC C6030 Fanless"", ""TwinCATProject"": ""TC3_Line08_Cell030.tsproj (Port 851)"", ""MESClient"": ""Audi MES Production Client v3.1"", ""BeckhoffRtDriver"": ""TcRTEthernet active (Port 851 bound)"", ""Disks"": {""C:"": {""Caption"": ""C: (OS)"", ""TotalFreeGB"": 142.5, ""SizeGB"": 256.0}, ""D:"": {""Caption"": ""D: (Telemetry Spool)"", ""TotalFreeGB"": 680.0, ""SizeGB"": 1000.0}}, ""RAM"": ""32 GB DDR4-3200 Industrial ECC"", ""CPU"": ""Intel Core i7-1185GRE @ 2.80GHz (4 Cores / 8 Threads)""}",L08-OP030,org-line-08,Control Cabinet L08-OP030,InMachine,,,,False,Controls & Automation,,
ClientPc,IPC-L08-CONVEYOR-MAIN,IPC-L08-CONVEYOR-MAIN (Master Conveyor 1:n PLC),Controls Engineering (Synthetic AI Guild);Platform Operations (Synthetic AI Guild),Siemens,Direct Automation Europe,SN-SYNTH-PC-0051,,L08-OP010,IPC-L08-CONVEYOR-MAIN,"{""IPAddress"": ""192.168.10.52"", ""OperatingSystem"": ""Windows 11 IoT Enterprise LTSC 2024"", ""Model"": ""SIMATIC IPC477E Industrial"", ""TwinCATProject"": ""TC3_Line08_PalletLoop.tsproj (Port 851)"", ""MESClient"": ""Siemens Opcenter Connector v4.2"", ""BeckhoffRtDriver"": ""TcRTEthernet active (Port 851 bound)"", ""Disks"": {""C:"": {""Caption"": ""C: (OS)"", ""TotalFreeGB"": 142.5, ""SizeGB"": 256.0}, ""D:"": {""Caption"": ""D: (Telemetry Spool)"", ""TotalFreeGB"": 680.0, ""SizeGB"": 1000.0}}, ""RAM"": ""32 GB DDR4-3200 Industrial ECC"", ""CPU"": ""Intel Core i7-1185GRE @ 2.80GHz (4 Cores / 8 Threads)""}",L08-OP010,org-line-08,Control Cabinet L08-OP010,InMachine,,,,False,Controls & Automation,,
ClientPc,IPC-L08-ROB-ALPHA,IPC-L08-ROB-ALPHA (Distributed m:n Cell),Controls Engineering (Synthetic AI Guild);Platform Operations (Synthetic AI Guild),KUKA,Direct Automation Europe,SN-SYNTH-PC-0052,,L08-OP080,IPC-L08-ROB-ALPHA,"{""IPAddress"": ""192.168.10.53"", ""OperatingSystem"": ""Windows 10 IoT Enterprise"", ""Model"": ""Advantech UNO-2484G Fanless Edge"", ""TwinCATProject"": ""TC3_Line08_RoboticsShared.tsproj (Port 851)"", ""MESClient"": ""KUKA KRC4 Edge Telemetry Connector"", ""BeckhoffRtDriver"": ""TcRTEthernet active (Port 851 bound)"", ""Disks"": {""C:"": {""Caption"": ""C: (OS)"", ""TotalFreeGB"": 142.5, ""SizeGB"": 256.0}, ""D:"": {""Caption"": ""D: (Telemetry Spool)"", ""TotalFreeGB"": 680.0, ""SizeGB"": 1000.0}}, ""RAM"": ""32 GB DDR4-3200 Industrial ECC"", ""CPU"": ""Intel Core i7-1185GRE @ 2.80GHz (4 Cores / 8 Threads)""}",L08-OP080,org-line-08,Control Cabinet L08-OP080,InMachine,,,,False,Controls & Automation,,
ClientPc,IPC-L08-ROB-BETA,IPC-L08-ROB-BETA (Distributed m:n Cell),Controls Engineering (Synthetic AI Guild);Platform Operations (Synthetic AI Guild),KUKA,Direct Automation Europe,SN-SYNTH-PC-0053,,L08-OP080,IPC-L08-ROB-BETA,"{""IPAddress"": ""192.168.10.54"", ""OperatingSystem"": ""Windows 10 IoT Enterprise"", ""Model"": ""Advantech UNO-2484G Fanless Edge"", ""TwinCATProject"": ""TC3_Line08_RoboticsShared.tsproj (Port 851)"", ""MESClient"": ""KUKA KRC4 Edge Telemetry Connector"", ""BeckhoffRtDriver"": ""TcRTEthernet active (Port 851 bound)"", ""Disks"": {""C:"": {""Caption"": ""C: (OS)"", ""TotalFreeGB"": 142.5, ""SizeGB"": 256.0}, ""D:"": {""Caption"": ""D: (Telemetry Spool)"", ""TotalFreeGB"": 680.0, ""SizeGB"": 1000.0}}, ""RAM"": ""32 GB DDR4-3200 Industrial ECC"", ""CPU"": ""Intel Core i7-1185GRE @ 2.80GHz (4 Cores / 8 Threads)""}",L08-OP080,org-line-08,Control Cabinet L08-OP080,InMachine,,,,False,Controls & Automation,,
ClientPc,IPC-L08-OP060-PLC,IPC-L08-OP060-PLC (Motion & Safety PLC),Controls Engineering (Synthetic AI Guild);Platform Operations (Synthetic AI Guild),Beckhoff,Direct Automation Europe,SN-SYNTH-PC-0054,,L08-OP060,IPC-L08-OP060-PLC,"{""IPAddress"": ""192.168.10.55"", ""OperatingSystem"": ""Windows 11 IoT Enterprise"", ""Model"": ""Embedded PC C6032 High-Perf"", ""TwinCATProject"": ""TC3_Line08_LaserMotion.tsproj (Port 851)"", ""MESClient"": ""Beckhoff ADS Telemetry Streamer"", ""BeckhoffRtDriver"": ""TcRTEthernet active (Port 851 bound)"", ""Disks"": {""C:"": {""Caption"": ""C: (OS)"", ""TotalFreeGB"": 142.5, ""SizeGB"": 256.0}, ""D:"": {""Caption"": ""D: (Telemetry Spool)"", ""TotalFreeGB"": 680.0, ""SizeGB"": 1000.0}}, ""RAM"": ""32 GB DDR4-3200 Industrial ECC"", ""CPU"": ""Intel Core i7-1185GRE @ 2.80GHz (4 Cores / 8 Threads)""}",L08-OP060,org-line-08,Control Cabinet L08-OP060,InMachine,,,,False,Controls & Automation,,
ClientPc,IPC-L08-OP060-VISION,IPC-L08-OP060-VISION (Real-time Vision Inspector),Controls Engineering (Synthetic AI Guild);Platform Operations (Synthetic AI Guild),Cognex,Direct Automation Europe,SN-SYNTH-PC-0055,,L08-OP060,IPC-L08-OP060-VISION,"{""IPAddress"": ""192.168.10.56"", ""OperatingSystem"": ""Windows 10 IoT Enterprise"", ""Model"": ""Dell OptiPlex 7090 Micro Edge"", ""TwinCATProject"": ""Vision GigE Cam Driver active"", ""MESClient"": ""Cognex In-Sight Explorer 6.5.0 Connector"", ""BeckhoffRtDriver"": ""TcRTEthernet active (Port 851 bound)"", ""Disks"": {""C:"": {""Caption"": ""C: (OS)"", ""TotalFreeGB"": 142.5, ""SizeGB"": 256.0}, ""D:"": {""Caption"": ""D: (Telemetry Spool)"", ""TotalFreeGB"": 680.0, ""SizeGB"": 1000.0}}, ""RAM"": ""32 GB DDR4-3200 Industrial ECC"", ""CPU"": ""Intel Core i7-1185GRE @ 2.80GHz (4 Cores / 8 Threads)""}",L08-OP060,org-line-08,Control Cabinet L08-OP060,InMachine,,,,False,Controls & Automation,,
ClientPc,IPC-L08-OP060-MES-GATE,IPC-L08-OP060-MES-GATE (Plant MES Integration Gateway),Controls Engineering (Synthetic AI Guild);Platform Operations (Synthetic AI Guild),Advantech,Direct Automation Europe,SN-SYNTH-PC-0056,,L08-OP060,IPC-L08-OP060-MES-GATE,"{""IPAddress"": ""192.168.10.57"", ""OperatingSystem"": ""Debian 12 Bookworm Industrial"", ""Model"": ""Advantech UNO-2271G Edge"", ""TwinCATProject"": ""MQTT / OPC UA Gateway active"", ""MESClient"": ""Audi Corporate Plant MES Gateway v3"", ""BeckhoffRtDriver"": ""TcRTEthernet active (Port 851 bound)"", ""Disks"": {""C:"": {""Caption"": ""C: (OS)"", ""TotalFreeGB"": 142.5, ""SizeGB"": 256.0}, ""D:"": {""Caption"": ""D: (Telemetry Spool)"", ""TotalFreeGB"": 680.0, ""SizeGB"": 1000.0}}, ""RAM"": ""32 GB DDR4-3200 Industrial ECC"", ""CPU"": ""Intel Core i7-1185GRE @ 2.80GHz (4 Cores / 8 Threads)""}",L08-OP060,org-line-08,Control Cabinet L08-OP060,InMachine,,,,False,Controls & Automation,,
HardwareComponent,COMP-CAM-Cognex-9912-L01-OP010-1,Cognex In-Sight 9912 12MP Camera (L01-OP010),Plant Maintenance (Synthetic AI Guild),Cognex,Direct Automation Europe,SN-SYNTH-CMP-001-1,L01-OP010,L01-OP010,,"{""Resolution"": ""12MP"", ""Lens"": ""25mm"", ""Illumination"": ""Polarized Red""}",,org-line-01,L01-OP010 Mount Bay 1,InMachine,L01-OP010,,,False,Test,,
HardwareComponent,COMP-DRV-AX5118-L01-OP010-2,Beckhoff AX5118 Servo Drive 18A (L01-OP010),Plant Maintenance (Synthetic AI Guild),Beckhoff,Direct Automation Europe,SN-SYNTH-CMP-001-2,L01-OP010,L01-OP010,,"{""Current"": ""18A"", ""Feedback"": ""OCT One Cable"", ""Channels"": 1}",,org-line-01,L01-OP010 Mount Bay 2,InMachine,L01-OP010,,,False,Robotics,,
HardwareComponent,COMP-DRV-AX5118-L01-OP020-1,Beckhoff AX5118 Servo Drive 18A (L01-OP020),Robotics & Cybernetics (Synthetic AI Guild),Beckhoff,Direct Automation Europe,SN-SYNTH-CMP-002-1,L01-OP020,L01-OP020,,"{""Current"": ""18A"", ""Feedback"": ""OCT One Cable"", ""Channels"": 1}",,org-line-01,L01-OP020 Mount Bay 1,InMachine,L01-OP020,,,False,Robotics,,
HardwareComponent,COMP-ROB-KUKA-KR210-L01-OP020-2,KUKA KR210 R2700 Prime Robot Arm (L01-OP020),Robotics & Cybernetics (Synthetic AI Guild),KUKA,Direct Automation Europe,SN-SYNTH-CMP-002-2,L01-OP020,L01-OP020,,"{""Payload"": ""210kg"", ""Reach"": ""2700mm"", ""Controller"": ""KRC4""}",,org-line-01,L01-OP020 Mount Bay 2,InMachine,L01-OP020,,,False,Robotics,,
HardwareComponent,COMP-ROB-KUKA-KR210-L01-OP030-1,KUKA KR210 R2700 Prime Robot Arm (L01-OP030),SMT & Microchips (Synthetic AI Guild),KUKA,Direct Automation Europe,SN-SYNTH-CMP-003-1,L01-OP030,L01-OP030,,"{""Payload"": ""210kg"", ""Reach"": ""2700mm"", ""Controller"": ""KRC4""}",,org-line-01,L01-OP030 Mount Bay 1,InMachine,L01-OP030,,,False,Robotics,,
HardwareComponent,COMP-VAL-Festo-VTUG-L01-OP030-2,Festo VTUG Multi-Valve Terminal 16X (L01-OP030),SMT & Microchips (Synthetic AI Guild),Festo,Direct Automation Europe,SN-SYNTH-CMP-003-2,L01-OP030,L01-OP030,,"{""Valves"": 16, ""Bus"": ""Profinet"", ""AirPressure"": ""6.5 Bar""}",,org-line-01,L01-OP030 Mount Bay 2,InMachine,L01-OP030,,,False,Assembly,,
HardwareComponent,COMP-VAL-Festo-VTUG-L01-OP040-1,Festo VTUG Multi-Valve Terminal 16X (L01-OP040),Robotics & Cybernetics (Synthetic AI Guild),Festo,Direct Automation Europe,SN-SYNTH-CMP-004-1,L01-OP040,L01-OP040,,"{""Valves"": 16, ""Bus"": ""Profinet"", ""AirPressure"": ""6.5 Bar""}",,org-line-01,L01-OP040 Mount Bay 1,InMachine,L01-OP040,,,False,Assembly,,
HardwareComponent,COMP-SWI-Hirschmann-BOBCAT-L01-OP040-2,Hirschmann BOBCAT Managed Switch (L01-OP040),Robotics & Cybernetics (Synthetic AI Guild),Hirschmann,Direct Automation Europe,SN-SYNTH-CMP-004-2,L01-OP040,L01-OP040,,"{""Ports"": 12, ""PoE"": true, ""Speed"": ""2.5Gbps""}",,org-line-01,L01-OP040 Mount Bay 2,InMachine,L01-OP040,,,False,Platform Operations,,
HardwareComponent,COMP-SWI-Hirschmann-BOBCAT-L01-OP050-1,Hirschmann BOBCAT Managed Switch (L01-OP050),Robotics & Cybernetics (Synthetic AI Guild),Hirschmann,Direct Automation Europe,SN-SYNTH-CMP-005-1,L01-OP050,L01-OP050,,"{""Ports"": 12, ""PoE"": true, ""Speed"": ""2.5Gbps""}",,org-line-01,L01-OP050 Mount Bay 1,InMachine,L01-OP050,,,False,Platform Operations,,
SoftwareComponent,COMP-SW-TwinCAT3-RT-L01-OP050-2,Beckhoff TwinCAT 3 PLC Runtime License (L01-OP050),Robotics & Cybernetics (Synthetic AI Guild),Beckhoff,Direct Automation Europe,SN-SYNTH-CMP-005-2,L01-OP050,L01-OP050,,"{""LicenseKey"": ""TC3-SYNTH-ENTERPRISE-100"", ""Version"": ""3.1.4026.10""}",,org-line-01,L01-OP050 Mount Bay 2,InMachine,L01-OP050,,,False,Controls & Automation,,
SoftwareComponent,COMP-SW-TwinCAT3-RT-L01-OP060-1,Beckhoff TwinCAT 3 PLC Runtime License (L01-OP060),SMT & Microchips (Synthetic AI Guild),Beckhoff,Direct Automation Europe,SN-SYNTH-CMP-006-1,L01-OP060,L01-OP060,,"{""LicenseKey"": ""TC3-SYNTH-ENTERPRISE-100"", ""Version"": ""3.1.4026.10""}",,org-line-01,L01-OP060 Mount Bay 1,InMachine,L01-OP060,,,False,Controls & Automation,,
SoftwareComponent,COMP-SW-Opcenter-MES-L01-OP060-2,Siemens Opcenter MES Edge Connector (L01-OP060),SMT & Microchips (Synthetic AI Guild),Siemens,Direct Automation Europe,SN-SYNTH-CMP-006-2,L01-OP060,L01-OP060,,"{""LicenseKey"": ""OPC-MES-SYNTH-V4"", ""Version"": ""4.2.0""}",,org-line-01,L01-OP060 Mount Bay 2,InMachine,L01-OP060,,,False,Platform Operations,,
SoftwareComponent,COMP-SW-Opcenter-MES-L01-OP070-1,Siemens Opcenter MES Edge Connector (L01-OP070),Plant Maintenance (Synthetic AI Guild),Siemens,Direct Automation Europe,SN-SYNTH-CMP-007-1,L01-OP070,L01-OP070,,"{""LicenseKey"": ""OPC-MES-SYNTH-V4"", ""Version"": ""4.2.0""}",,org-line-01,L01-OP070 Mount Bay 1,InMachine,L01-OP070,,,False,Platform Operations,,
HardwareComponent,COMP-PLC-S7-1516F-L01-OP070-2,Siemens S7-1516F Safety PLC (L01-OP070),Plant Maintenance (Synthetic AI Guild),Siemens,Direct Automation Europe,SN-SYNTH-CMP-007-2,L01-OP070,L01-OP070,,"{""Model"": ""1516F-3 PN/DP"", ""Safety"": ""SIL3"", ""Rack"": 1}",,org-line-01,L01-OP070 Mount Bay 2,InMachine,L01-OP070,,,False,Assembly,,
HardwareComponent,COMP-PLC-S7-1516F-L01-OP080-1,Siemens S7-1516F Safety PLC (L01-OP080),Robotics & Cybernetics (Synthetic AI Guild),Siemens,Direct Automation Europe,SN-SYNTH-CMP-008-1,L01-OP080,L01-OP080,,"{""Model"": ""1516F-3 PN/DP"", ""Safety"": ""SIL3"", ""Rack"": 1}",,org-line-01,L01-OP080 Mount Bay 1,InMachine,L01-OP080,,,False,Assembly,,
HardwareComponent,COMP-CAM-Cognex-9912-L01-OP080-2,Cognex In-Sight 9912 12MP Camera (L01-OP080),Robotics & Cybernetics (Synthetic AI Guild),Cognex,Direct Automation Europe,SN-SYNTH-CMP-008-2,L01-OP080,L01-OP080,,"{""Resolution"": ""12MP"", ""Lens"": ""25mm"", ""Illumination"": ""Polarized Red""}",,org-line-01,L01-OP080 Mount Bay 2,InMachine,L01-OP080,,,False,Test,,
HardwareComponent,COMP-CAM-Cognex-9912-L01-OP090-1,Cognex In-Sight 9912 12MP Camera (L01-OP090),Controls Engineering (Synthetic AI Guild),Cognex,Direct Automation Europe,SN-SYNTH-CMP-009-1,L01-OP090,L01-OP090,,"{""Resolution"": ""12MP"", ""Lens"": ""25mm"", ""Illumination"": ""Polarized Red""}",,org-line-01,L01-OP090 Mount Bay 1,InMachine,L01-OP090,,,False,Test,,
HardwareComponent,COMP-DRV-AX5118-L01-OP090-2,Beckhoff AX5118 Servo Drive 18A (L01-OP090),Controls Engineering (Synthetic AI Guild),Beckhoff,Direct Automation Europe,SN-SYNTH-CMP-009-2,L01-OP090,L01-OP090,,"{""Current"": ""18A"", ""Feedback"": ""OCT One Cable"", ""Channels"": 1}",,org-line-01,L01-OP090 Mount Bay 2,InMachine,L01-OP090,,,False,Robotics,,
HardwareComponent,COMP-DRV-AX5118-L01-OP100-1,Beckhoff AX5118 Servo Drive 18A (L01-OP100),Plant Maintenance (Synthetic AI Guild),Beckhoff,Direct Automation Europe,SN-SYNTH-CMP-010-1,L01-OP100,L01-OP100,,"{""Current"": ""18A"", ""Feedback"": ""OCT One Cable"", ""Channels"": 1}",,org-line-01,L01-OP100 Mount Bay 1,InMachine,L01-OP100,,,False,Robotics,,
HardwareComponent,COMP-ROB-KUKA-KR210-L01-OP100-2,KUKA KR210 R2700 Prime Robot Arm (L01-OP100),Plant Maintenance (Synthetic AI Guild),KUKA,Direct Automation Europe,SN-SYNTH-CMP-010-2,L01-OP100,L01-OP100,,"{""Payload"": ""210kg"", ""Reach"": ""2700mm"", ""Controller"": ""KRC4""}",,org-line-01,L01-OP100 Mount Bay 2,InMachine,L01-OP100,,,False,Robotics,,
HardwareComponent,COMP-ROB-KUKA-KR210-L01-OP110-1,KUKA KR210 R2700 Prime Robot Arm (L01-OP110),Controls Engineering (Synthetic AI Guild),KUKA,Direct Automation Europe,SN-SYNTH-CMP-011-1,L01-OP110,L01-OP110,,"{""Payload"": ""210kg"", ""Reach"": ""2700mm"", ""Controller"": ""KRC4""}",,org-line-01,L01-OP110 Mount Bay 1,InMachine,L01-OP110,,,False,Robotics,,
HardwareComponent,COMP-VAL-Festo-VTUG-L01-OP110-2,Festo VTUG Multi-Valve Terminal 16X (L01-OP110),Controls Engineering (Synthetic AI Guild),Festo,Direct Automation Europe,SN-SYNTH-CMP-011-2,L01-OP110,L01-OP110,,"{""Valves"": 16, ""Bus"": ""Profinet"", ""AirPressure"": ""6.5 Bar""}",,org-line-01,L01-OP110 Mount Bay 2,InMachine,L01-OP110,,,False,Assembly,,
HardwareComponent,COMP-VAL-Festo-VTUG-L01-OP120-1,Festo VTUG Multi-Valve Terminal 16X (L01-OP120),Robotics & Cybernetics (Synthetic AI Guild),Festo,Direct Automation Europe,SN-SYNTH-CMP-012-1,L01-OP120,L01-OP120,,"{""Valves"": 16, ""Bus"": ""Profinet"", ""AirPressure"": ""6.5 Bar""}",,org-line-01,L01-OP120 Mount Bay 1,InMachine,L01-OP120,,,False,Assembly,,
HardwareComponent,COMP-SWI-Hirschmann-BOBCAT-L01-OP120-2,Hirschmann BOBCAT Managed Switch (L01-OP120),Robotics & Cybernetics (Synthetic AI Guild),Hirschmann,Direct Automation Europe,SN-SYNTH-CMP-012-2,L01-OP120,L01-OP120,,"{""Ports"": 12, ""PoE"": true, ""Speed"": ""2.5Gbps""}",,org-line-01,L01-OP120 Mount Bay 2,InMachine,L01-OP120,,,False,Platform Operations,,
HardwareComponent,COMP-SWI-Hirschmann-BOBCAT-L02-OP010-1,Hirschmann BOBCAT Managed Switch (L02-OP010),Robotics & Cybernetics (Synthetic AI Guild),Hirschmann,Direct Automation Europe,SN-SYNTH-CMP-013-1,L02-OP010,L02-OP010,,"{""Ports"": 12, ""PoE"": true, ""Speed"": ""2.5Gbps""}",,org-line-02,L02-OP010 Mount Bay 1,InMachine,L02-OP010,,,False,Platform Operations,,
SoftwareComponent,COMP-SW-TwinCAT3-RT-L02-OP010-2,Beckhoff TwinCAT 3 PLC Runtime License (L02-OP010),Robotics & Cybernetics (Synthetic AI Guild),Beckhoff,Direct Automation Europe,SN-SYNTH-CMP-013-2,L02-OP010,L02-OP010,,"{""LicenseKey"": ""TC3-SYNTH-ENTERPRISE-100"", ""Version"": ""3.1.4026.10""}",,org-line-02,L02-OP010 Mount Bay 2,InMachine,L02-OP010,,,False,Controls & Automation,,
SoftwareComponent,COMP-SW-TwinCAT3-RT-L02-OP020-1,Beckhoff TwinCAT 3 PLC Runtime License (L02-OP020),SMT & Microchips (Synthetic AI Guild),Beckhoff,Direct Automation Europe,SN-SYNTH-CMP-014-1,L02-OP020,L02-OP020,,"{""LicenseKey"": ""TC3-SYNTH-ENTERPRISE-100"", ""Version"": ""3.1.4026.10""}",,org-line-02,L02-OP020 Mount Bay 1,InMachine,L02-OP020,,,False,Controls & Automation,,
SoftwareComponent,COMP-SW-Opcenter-MES-L02-OP020-2,Siemens Opcenter MES Edge Connector (L02-OP020),SMT & Microchips (Synthetic AI Guild),Siemens,Direct Automation Europe,SN-SYNTH-CMP-014-2,L02-OP020,L02-OP020,,"{""LicenseKey"": ""OPC-MES-SYNTH-V4"", ""Version"": ""4.2.0""}",,org-line-02,L02-OP020 Mount Bay 2,InMachine,L02-OP020,,,False,Platform Operations,,
SoftwareComponent,COMP-SW-Opcenter-MES-L02-OP030-1,Siemens Opcenter MES Edge Connector (L02-OP030),Vision & Photons (Synthetic AI Guild),Siemens,Direct Automation Europe,SN-SYNTH-CMP-015-1,L02-OP030,L02-OP030,,"{""LicenseKey"": ""OPC-MES-SYNTH-V4"", ""Version"": ""4.2.0""}",,org-line-02,L02-OP030 Mount Bay 1,InMachine,L02-OP030,,,False,Platform Operations,,
HardwareComponent,COMP-PLC-S7-1516F-L02-OP030-2,Siemens S7-1516F Safety PLC (L02-OP030),Vision & Photons (Synthetic AI Guild),Siemens,Direct Automation Europe,SN-SYNTH-CMP-015-2,L02-OP030,L02-OP030,,"{""Model"": ""1516F-3 PN/DP"", ""Safety"": ""SIL3"", ""Rack"": 1}",,org-line-02,L02-OP030 Mount Bay 2,InMachine,L02-OP030,,,False,Assembly,,
HardwareComponent,COMP-PLC-S7-1516F-L02-OP040-1,Siemens S7-1516F Safety PLC (L02-OP040),Plant Maintenance (Synthetic AI Guild),Siemens,Direct Automation Europe,SN-SYNTH-CMP-016-1,L02-OP040,L02-OP040,,"{""Model"": ""1516F-3 PN/DP"", ""Safety"": ""SIL3"", ""Rack"": 1}",,org-line-02,L02-OP040 Mount Bay 1,InMachine,L02-OP040,,,False,Assembly,,
HardwareComponent,COMP-CAM-Cognex-9912-L02-OP040-2,Cognex In-Sight 9912 12MP Camera (L02-OP040),Plant Maintenance (Synthetic AI Guild),Cognex,Direct Automation Europe,SN-SYNTH-CMP-016-2,L02-OP040,L02-OP040,,"{""Resolution"": ""12MP"", ""Lens"": ""25mm"", ""Illumination"": ""Polarized Red""}",,org-line-02,L02-OP040 Mount Bay 2,InMachine,L02-OP040,,,False,Test,,
HardwareComponent,COMP-CAM-Cognex-9912-L02-OP050-1,Cognex In-Sight 9912 12MP Camera (L02-OP050),Plant Maintenance (Synthetic AI Guild),Cognex,Direct Automation Europe,SN-SYNTH-CMP-017-1,L02-OP050,L02-OP050,,"{""Resolution"": ""12MP"", ""Lens"": ""25mm"", ""Illumination"": ""Polarized Red""}",,org-line-02,L02-OP050 Mount Bay 1,InMachine,L02-OP050,,,False,Test,,
HardwareComponent,COMP-DRV-AX5118-L02-OP050-2,Beckhoff AX5118 Servo Drive 18A (L02-OP050),Plant Maintenance (Synthetic AI Guild),Beckhoff,Direct Automation Europe,SN-SYNTH-CMP-017-2,L02-OP050,L02-OP050,,"{""Current"": ""18A"", ""Feedback"": ""OCT One Cable"", ""Channels"": 1}",,org-line-02,L02-OP050 Mount Bay 2,InMachine,L02-OP050,,,False,Robotics,,
HardwareComponent,COMP-DRV-AX5118-L02-OP060-1,Beckhoff AX5118 Servo Drive 18A (L02-OP060),Vision & Photons (Synthetic AI Guild),Beckhoff,Direct Automation Europe,SN-SYNTH-CMP-018-1,L02-OP060,L02-OP060,,"{""Current"": ""18A"", ""Feedback"": ""OCT One Cable"", ""Channels"": 1}",,org-line-02,L02-OP060 Mount Bay 1,InMachine,L02-OP060,,,False,Robotics,,
HardwareComponent,COMP-ROB-KUKA-KR210-L02-OP060-2,KUKA KR210 R2700 Prime Robot Arm (L02-OP060),Vision & Photons (Synthetic AI Guild),KUKA,Direct Automation Europe,SN-SYNTH-CMP-018-2,L02-OP060,L02-OP060,,"{""Payload"": ""210kg"", ""Reach"": ""2700mm"", ""Controller"": ""KRC4""}",,org-line-02,L02-OP060 Mount Bay 2,InMachine,L02-OP060,,,False,Robotics,,
HardwareComponent,COMP-ROB-KUKA-KR210-L02-OP070-1,KUKA KR210 R2700 Prime Robot Arm (L02-OP070),Vision & Photons (Synthetic AI Guild),KUKA,Direct Automation Europe,SN-SYNTH-CMP-019-1,L02-OP070,L02-OP070,,"{""Payload"": ""210kg"", ""Reach"": ""2700mm"", ""Controller"": ""KRC4""}",,org-line-02,L02-OP070 Mount Bay 1,InMachine,L02-OP070,,,False,Robotics,,
HardwareComponent,COMP-VAL-Festo-VTUG-L02-OP070-2,Festo VTUG Multi-Valve Terminal 16X (L02-OP070),Vision & Photons (Synthetic AI Guild),Festo,Direct Automation Europe,SN-SYNTH-CMP-019-2,L02-OP070,L02-OP070,,"{""Valves"": 16, ""Bus"": ""Profinet"", ""AirPressure"": ""6.5 Bar""}",,org-line-02,L02-OP070 Mount Bay 2,InMachine,L02-OP070,,,False,Assembly,,
HardwareComponent,COMP-VAL-Festo-VTUG-L02-OP080-1,Festo VTUG Multi-Valve Terminal 16X (L02-OP080),SMT & Microchips (Synthetic AI Guild),Festo,Direct Automation Europe,SN-SYNTH-CMP-020-1,L02-OP080,L02-OP080,,"{""Valves"": 16, ""Bus"": ""Profinet"", ""AirPressure"": ""6.5 Bar""}",,org-line-02,L02-OP080 Mount Bay 1,InMachine,L02-OP080,,,False,Assembly,,
HardwareComponent,COMP-SWI-Hirschmann-BOBCAT-L02-OP080-2,Hirschmann BOBCAT Managed Switch (L02-OP080),SMT & Microchips (Synthetic AI Guild),Hirschmann,Direct Automation Europe,SN-SYNTH-CMP-020-2,L02-OP080,L02-OP080,,"{""Ports"": 12, ""PoE"": true, ""Speed"": ""2.5Gbps""}",,org-line-02,L02-OP080 Mount Bay 2,InMachine,L02-OP080,,,False,Platform Operations,,
HardwareComponent,COMP-SWI-Hirschmann-BOBCAT-L02-OP090-1,Hirschmann BOBCAT Managed Switch (L02-OP090),Plant Maintenance (Synthetic AI Guild),Hirschmann,Direct Automation Europe,SN-SYNTH-CMP-021-1,L02-OP090,L02-OP090,,"{""Ports"": 12, ""PoE"": true, ""Speed"": ""2.5Gbps""}",,org-line-02,L02-OP090 Mount Bay 1,InMachine,L02-OP090,,,False,Platform Operations,,
SoftwareComponent,COMP-SW-TwinCAT3-RT-L02-OP090-2,Beckhoff TwinCAT 3 PLC Runtime License (L02-OP090),Plant Maintenance (Synthetic AI Guild),Beckhoff,Direct Automation Europe,SN-SYNTH-CMP-021-2,L02-OP090,L02-OP090,,"{""LicenseKey"": ""TC3-SYNTH-ENTERPRISE-100"", ""Version"": ""3.1.4026.10""}",,org-line-02,L02-OP090 Mount Bay 2,InMachine,L02-OP090,,,False,Controls & Automation,,
SoftwareComponent,COMP-SW-TwinCAT3-RT-L02-OP100-1,Beckhoff TwinCAT 3 PLC Runtime License (L02-OP100),Plant Maintenance (Synthetic AI Guild),Beckhoff,Direct Automation Europe,SN-SYNTH-CMP-022-1,L02-OP100,L02-OP100,,"{""LicenseKey"": ""TC3-SYNTH-ENTERPRISE-100"", ""Version"": ""3.1.4026.10""}",,org-line-02,L02-OP100 Mount Bay 1,InMachine,L02-OP100,,,False,Controls & Automation,,
SoftwareComponent,COMP-SW-Opcenter-MES-L02-OP100-2,Siemens Opcenter MES Edge Connector (L02-OP100),Plant Maintenance (Synthetic AI Guild),Siemens,Direct Automation Europe,SN-SYNTH-CMP-022-2,L02-OP100,L02-OP100,,"{""LicenseKey"": ""OPC-MES-SYNTH-V4"", ""Version"": ""4.2.0""}",,org-line-02,L02-OP100 Mount Bay 2,InMachine,L02-OP100,,,False,Platform Operations,,
SoftwareComponent,COMP-SW-Opcenter-MES-L02-OP110-1,Siemens Opcenter MES Edge Connector (L02-OP110),Robotics & Cybernetics (Synthetic AI Guild),Siemens,Direct Automation Europe,SN-SYNTH-CMP-023-1,L02-OP110,L02-OP110,,"{""LicenseKey"": ""OPC-MES-SYNTH-V4"", ""Version"": ""4.2.0""}",,org-line-02,L02-OP110 Mount Bay 1,InMachine,L02-OP110,,,False,Platform Operations,,
HardwareComponent,COMP-PLC-S7-1516F-L02-OP110-2,Siemens S7-1516F Safety PLC (L02-OP110),Robotics & Cybernetics (Synthetic AI Guild),Siemens,Direct Automation Europe,SN-SYNTH-CMP-023-2,L02-OP110,L02-OP110,,"{""Model"": ""1516F-3 PN/DP"", ""Safety"": ""SIL3"", ""Rack"": 1}",,org-line-02,L02-OP110 Mount Bay 2,InMachine,L02-OP110,,,False,Assembly,,
HardwareComponent,COMP-PLC-S7-1516F-L02-OP120-1,Siemens S7-1516F Safety PLC (L02-OP120),Tooling & Mechanoids (Synthetic AI Guild),Siemens,Direct Automation Europe,SN-SYNTH-CMP-024-1,L02-OP120,L02-OP120,,"{""Model"": ""1516F-3 PN/DP"", ""Safety"": ""SIL3"", ""Rack"": 1}",,org-line-02,L02-OP120 Mount Bay 1,InMachine,L02-OP120,,,False,Assembly,,
HardwareComponent,COMP-CAM-Cognex-9912-L02-OP120-2,Cognex In-Sight 9912 12MP Camera (L02-OP120),Tooling & Mechanoids (Synthetic AI Guild),Cognex,Direct Automation Europe,SN-SYNTH-CMP-024-2,L02-OP120,L02-OP120,,"{""Resolution"": ""12MP"", ""Lens"": ""25mm"", ""Illumination"": ""Polarized Red""}",,org-line-02,L02-OP120 Mount Bay 2,InMachine,L02-OP120,,,False,Test,,
HardwareComponent,COMP-CAM-Cognex-9912-L02-OP130-1,Cognex In-Sight 9912 12MP Camera (L02-OP130),Robotics & Cybernetics (Synthetic AI Guild),Cognex,Direct Automation Europe,SN-SYNTH-CMP-025-1,L02-OP130,L02-OP130,,"{""Resolution"": ""12MP"", ""Lens"": ""25mm"", ""Illumination"": ""Polarized Red""}",,org-line-02,L02-OP130 Mount Bay 1,InMachine,L02-OP130,,,False,Test,,
HardwareComponent,COMP-DRV-AX5118-L02-OP130-2,Beckhoff AX5118 Servo Drive 18A (L02-OP130),Robotics & Cybernetics (Synthetic AI Guild),Beckhoff,Direct Automation Europe,SN-SYNTH-CMP-025-2,L02-OP130,L02-OP130,,"{""Current"": ""18A"", ""Feedback"": ""OCT One Cable"", ""Channels"": 1}",,org-line-02,L02-OP130 Mount Bay 2,InMachine,L02-OP130,,,False,Robotics,,
HardwareComponent,COMP-DRV-AX5118-L03-OP010-1,Beckhoff AX5118 Servo Drive 18A (L03-OP010),Platform Operations (Synthetic AI Guild),Beckhoff,Direct Automation Europe,SN-SYNTH-CMP-026-1,L03-OP010,L03-OP010,,"{""Current"": ""18A"", ""Feedback"": ""OCT One Cable"", ""Channels"": 1}",,org-line-03,L03-OP010 Mount Bay 1,InMachine,L03-OP010,,,False,Robotics,,
HardwareComponent,COMP-ROB-KUKA-KR210-L03-OP010-2,KUKA KR210 R2700 Prime Robot Arm (L03-OP010),Platform Operations (Synthetic AI Guild),KUKA,Direct Automation Europe,SN-SYNTH-CMP-026-2,L03-OP010,L03-OP010,,"{""Payload"": ""210kg"", ""Reach"": ""2700mm"", ""Controller"": ""KRC4""}",,org-line-03,L03-OP010 Mount Bay 2,InMachine,L03-OP010,,,False,Robotics,,
HardwareComponent,COMP-ROB-KUKA-KR210-L03-OP020-1,KUKA KR210 R2700 Prime Robot Arm (L03-OP020),Robotics & Cybernetics (Synthetic AI Guild),KUKA,Direct Automation Europe,SN-SYNTH-CMP-027-1,L03-OP020,L03-OP020,,"{""Payload"": ""210kg"", ""Reach"": ""2700mm"", ""Controller"": ""KRC4""}",,org-line-03,L03-OP020 Mount Bay 1,InMachine,L03-OP020,,,False,Robotics,,
HardwareComponent,COMP-VAL-Festo-VTUG-L03-OP020-2,Festo VTUG Multi-Valve Terminal 16X (L03-OP020),Robotics & Cybernetics (Synthetic AI Guild),Festo,Direct Automation Europe,SN-SYNTH-CMP-027-2,L03-OP020,L03-OP020,,"{""Valves"": 16, ""Bus"": ""Profinet"", ""AirPressure"": ""6.5 Bar""}",,org-line-03,L03-OP020 Mount Bay 2,InMachine,L03-OP020,,,False,Assembly,,
HardwareComponent,COMP-VAL-Festo-VTUG-L03-OP030-1,Festo VTUG Multi-Valve Terminal 16X (L03-OP030),SMT & Microchips (Synthetic AI Guild),Festo,Direct Automation Europe,SN-SYNTH-CMP-028-1,L03-OP030,L03-OP030,,"{""Valves"": 16, ""Bus"": ""Profinet"", ""AirPressure"": ""6.5 Bar""}",,org-line-03,L03-OP030 Mount Bay 1,InMachine,L03-OP030,,,False,Assembly,,
HardwareComponent,COMP-SWI-Hirschmann-BOBCAT-L03-OP030-2,Hirschmann BOBCAT Managed Switch (L03-OP030),SMT & Microchips (Synthetic AI Guild),Hirschmann,Direct Automation Europe,SN-SYNTH-CMP-028-2,L03-OP030,L03-OP030,,"{""Ports"": 12, ""PoE"": true, ""Speed"": ""2.5Gbps""}",,org-line-03,L03-OP030 Mount Bay 2,InMachine,L03-OP030,,,False,Platform Operations,,
HardwareComponent,COMP-SWI-Hirschmann-BOBCAT-L03-OP040-1,Hirschmann BOBCAT Managed Switch (L03-OP040),Platform Operations (Synthetic AI Guild),Hirschmann,Direct Automation Europe,SN-SYNTH-CMP-029-1,L03-OP040,L03-OP040,,"{""Ports"": 12, ""PoE"": true, ""Speed"": ""2.5Gbps""}",,org-line-03,L03-OP040 Mount Bay 1,InMachine,L03-OP040,,,False,Platform Operations,,
SoftwareComponent,COMP-SW-TwinCAT3-RT-L03-OP040-2,Beckhoff TwinCAT 3 PLC Runtime License (L03-OP040),Platform Operations (Synthetic AI Guild),Beckhoff,Direct Automation Europe,SN-SYNTH-CMP-029-2,L03-OP040,L03-OP040,,"{""LicenseKey"": ""TC3-SYNTH-ENTERPRISE-100"", ""Version"": ""3.1.4026.10""}",,org-line-03,L03-OP040 Mount Bay 2,InMachine,L03-OP040,,,False,Controls & Automation,,
SoftwareComponent,COMP-SW-TwinCAT3-RT-L03-OP050-1,Beckhoff TwinCAT 3 PLC Runtime License (L03-OP050),Tooling & Mechanoids (Synthetic AI Guild),Beckhoff,Direct Automation Europe,SN-SYNTH-CMP-030-1,L03-OP050,L03-OP050,,"{""LicenseKey"": ""TC3-SYNTH-ENTERPRISE-100"", ""Version"": ""3.1.4026.10""}",,org-line-03,L03-OP050 Mount Bay 1,InMachine,L03-OP050,,,False,Controls & Automation,,
SoftwareComponent,COMP-SW-Opcenter-MES-L03-OP050-2,Siemens Opcenter MES Edge Connector (L03-OP050),Tooling & Mechanoids (Synthetic AI Guild),Siemens,Direct Automation Europe,SN-SYNTH-CMP-030-2,L03-OP050,L03-OP050,,"{""LicenseKey"": ""OPC-MES-SYNTH-V4"", ""Version"": ""4.2.0""}",,org-line-03,L03-OP050 Mount Bay 2,InMachine,L03-OP050,,,False,Platform Operations,,
SoftwareComponent,COMP-SW-Opcenter-MES-L03-OP060-1,Siemens Opcenter MES Edge Connector (L03-OP060),Vision & Photons (Synthetic AI Guild),Siemens,Direct Automation Europe,SN-SYNTH-CMP-031-1,L03-OP060,L03-OP060,,"{""LicenseKey"": ""OPC-MES-SYNTH-V4"", ""Version"": ""4.2.0""}",,org-line-03,L03-OP060 Mount Bay 1,InMachine,L03-OP060,,,False,Platform Operations,,
HardwareComponent,COMP-PLC-S7-1516F-L03-OP060-2,Siemens S7-1516F Safety PLC (L03-OP060),Vision & Photons (Synthetic AI Guild),Siemens,Direct Automation Europe,SN-SYNTH-CMP-031-2,L03-OP060,L03-OP060,,"{""Model"": ""1516F-3 PN/DP"", ""Safety"": ""SIL3"", ""Rack"": 1}",,org-line-03,L03-OP060 Mount Bay 2,InMachine,L03-OP060,,,False,Assembly,,
HardwareComponent,COMP-PLC-S7-1516F-L03-OP070-1,Siemens S7-1516F Safety PLC (L03-OP070),Plant Maintenance (Synthetic AI Guild),Siemens,Direct Automation Europe,SN-SYNTH-CMP-032-1,L03-OP070,L03-OP070,,"{""Model"": ""1516F-3 PN/DP"", ""Safety"": ""SIL3"", ""Rack"": 1}",,org-line-03,L03-OP070 Mount Bay 1,InMachine,L03-OP070,,,False,Assembly,,
HardwareComponent,COMP-CAM-Cognex-9912-L03-OP070-2,Cognex In-Sight 9912 12MP Camera (L03-OP070),Plant Maintenance (Synthetic AI Guild),Cognex,Direct Automation Europe,SN-SYNTH-CMP-032-2,L03-OP070,L03-OP070,,"{""Resolution"": ""12MP"", ""Lens"": ""25mm"", ""Illumination"": ""Polarized Red""}",,org-line-03,L03-OP070 Mount Bay 2,InMachine,L03-OP070,,,False,Test,,
HardwareComponent,COMP-CAM-Cognex-9912-L03-OP080-1,Cognex In-Sight 9912 12MP Camera (L03-OP080),Controls Engineering (Synthetic AI Guild),Cognex,Direct Automation Europe,SN-SYNTH-CMP-033-1,L03-OP080,L03-OP080,,"{""Resolution"": ""12MP"", ""Lens"": ""25mm"", ""Illumination"": ""Polarized Red""}",,org-line-03,L03-OP080 Mount Bay 1,InMachine,L03-OP080,,,False,Test,,
HardwareComponent,COMP-DRV-AX5118-L03-OP080-2,Beckhoff AX5118 Servo Drive 18A (L03-OP080),Controls Engineering (Synthetic AI Guild),Beckhoff,Direct Automation Europe,SN-SYNTH-CMP-033-2,L03-OP080,L03-OP080,,"{""Current"": ""18A"", ""Feedback"": ""OCT One Cable"", ""Channels"": 1}",,org-line-03,L03-OP080 Mount Bay 2,InMachine,L03-OP080,,,False,Robotics,,
HardwareComponent,COMP-DRV-AX5118-L03-OP090-1,Beckhoff AX5118 Servo Drive 18A (L03-OP090),Vision & Photons (Synthetic AI Guild),Beckhoff,Direct Automation Europe,SN-SYNTH-CMP-034-1,L03-OP090,L03-OP090,,"{""Current"": ""18A"", ""Feedback"": ""OCT One Cable"", ""Channels"": 1}",,org-line-03,L03-OP090 Mount Bay 1,InMachine,L03-OP090,,,False,Robotics,,
HardwareComponent,COMP-ROB-KUKA-KR210-L03-OP090-2,KUKA KR210 R2700 Prime Robot Arm (L03-OP090),Vision & Photons (Synthetic AI Guild),KUKA,Direct Automation Europe,SN-SYNTH-CMP-034-2,L03-OP090,L03-OP090,,"{""Payload"": ""210kg"", ""Reach"": ""2700mm"", ""Controller"": ""KRC4""}",,org-line-03,L03-OP090 Mount Bay 2,InMachine,L03-OP090,,,False,Robotics,,
HardwareComponent,COMP-ROB-KUKA-KR210-L03-OP100-1,KUKA KR210 R2700 Prime Robot Arm (L03-OP100),Vision & Photons (Synthetic AI Guild),KUKA,Direct Automation Europe,SN-SYNTH-CMP-035-1,L03-OP100,L03-OP100,,"{""Payload"": ""210kg"", ""Reach"": ""2700mm"", ""Controller"": ""KRC4""}",,org-line-03,L03-OP100 Mount Bay 1,InMachine,L03-OP100,,,False,Robotics,,
HardwareComponent,COMP-VAL-Festo-VTUG-L03-OP100-2,Festo VTUG Multi-Valve Terminal 16X (L03-OP100),Vision & Photons (Synthetic AI Guild),Festo,Direct Automation Europe,SN-SYNTH-CMP-035-2,L03-OP100,L03-OP100,,"{""Valves"": 16, ""Bus"": ""Profinet"", ""AirPressure"": ""6.5 Bar""}",,org-line-03,L03-OP100 Mount Bay 2,InMachine,L03-OP100,,,False,Assembly,,
HardwareComponent,COMP-VAL-Festo-VTUG-L03-OP110-1,Festo VTUG Multi-Valve Terminal 16X (L03-OP110),Platform Operations (Synthetic AI Guild),Festo,Direct Automation Europe,SN-SYNTH-CMP-036-1,L03-OP110,L03-OP110,,"{""Valves"": 16, ""Bus"": ""Profinet"", ""AirPressure"": ""6.5 Bar""}",,org-line-03,L03-OP110 Mount Bay 1,InMachine,L03-OP110,,,False,Assembly,,
HardwareComponent,COMP-SWI-Hirschmann-BOBCAT-L03-OP110-2,Hirschmann BOBCAT Managed Switch (L03-OP110),Platform Operations (Synthetic AI Guild),Hirschmann,Direct Automation Europe,SN-SYNTH-CMP-036-2,L03-OP110,L03-OP110,,"{""Ports"": 12, ""PoE"": true, ""Speed"": ""2.5Gbps""}",,org-line-03,L03-OP110 Mount Bay 2,InMachine,L03-OP110,,,False,Platform Operations,,
HardwareComponent,COMP-SWI-Hirschmann-BOBCAT-L03-OP120-1,Hirschmann BOBCAT Managed Switch (L03-OP120),Tooling & Mechanoids (Synthetic AI Guild),Hirschmann,Direct Automation Europe,SN-SYNTH-CMP-037-1,L03-OP120,L03-OP120,,"{""Ports"": 12, ""PoE"": true, ""Speed"": ""2.5Gbps""}",,org-line-03,L03-OP120 Mount Bay 1,InMachine,L03-OP120,,,False,Platform Operations,,
SoftwareComponent,COMP-SW-TwinCAT3-RT-L03-OP120-2,Beckhoff TwinCAT 3 PLC Runtime License (L03-OP120),Tooling & Mechanoids (Synthetic AI Guild),Beckhoff,Direct Automation Europe,SN-SYNTH-CMP-037-2,L03-OP120,L03-OP120,,"{""LicenseKey"": ""TC3-SYNTH-ENTERPRISE-100"", ""Version"": ""3.1.4026.10""}",,org-line-03,L03-OP120 Mount Bay 2,InMachine,L03-OP120,,,False,Controls & Automation,,
SoftwareComponent,COMP-SW-TwinCAT3-RT-L04-OP010-1,Beckhoff TwinCAT 3 PLC Runtime License (L04-OP010),Platform Operations (Synthetic AI Guild),Beckhoff,Direct Automation Europe,SN-SYNTH-CMP-038-1,L04-OP010,L04-OP010,,"{""LicenseKey"": ""TC3-SYNTH-ENTERPRISE-100"", ""Version"": ""3.1.4026.10""}",,org-line-04,L04-OP010 Mount Bay 1,InMachine,L04-OP010,,,False,Controls & Automation,,
SoftwareComponent,COMP-SW-Opcenter-MES-L04-OP010-2,Siemens Opcenter MES Edge Connector (L04-OP010),Platform Operations (Synthetic AI Guild),Siemens,Direct Automation Europe,SN-SYNTH-CMP-038-2,L04-OP010,L04-OP010,,"{""LicenseKey"": ""OPC-MES-SYNTH-V4"", ""Version"": ""4.2.0""}",,org-line-04,L04-OP010 Mount Bay 2,InMachine,L04-OP010,,,False,Platform Operations,,
SoftwareComponent,COMP-SW-Opcenter-MES-L04-OP020-1,Siemens Opcenter MES Edge Connector (L04-OP020),SMT & Microchips (Synthetic AI Guild),Siemens,Direct Automation Europe,SN-SYNTH-CMP-039-1,L04-OP020,L04-OP020,,"{""LicenseKey"": ""OPC-MES-SYNTH-V4"", ""Version"": ""4.2.0""}",,org-line-04,L04-OP020 Mount Bay 1,InMachine,L04-OP020,,,False,Platform Operations,,
HardwareComponent,COMP-PLC-S7-1516F-L04-OP020-2,Siemens S7-1516F Safety PLC (L04-OP020),SMT & Microchips (Synthetic AI Guild),Siemens,Direct Automation Europe,SN-SYNTH-CMP-039-2,L04-OP020,L04-OP020,,"{""Model"": ""1516F-3 PN/DP"", ""Safety"": ""SIL3"", ""Rack"": 1}",,org-line-04,L04-OP020 Mount Bay 2,InMachine,L04-OP020,,,False,Assembly,,
HardwareComponent,COMP-PLC-S7-1516F-L04-OP030-1,Siemens S7-1516F Safety PLC (L04-OP030),Platform Operations (Synthetic AI Guild),Siemens,Direct Automation Europe,SN-SYNTH-CMP-040-1,L04-OP030,L04-OP030,,"{""Model"": ""1516F-3 PN/DP"", ""Safety"": ""SIL3"", ""Rack"": 1}",,org-line-04,L04-OP030 Mount Bay 1,InMachine,L04-OP030,,,False,Assembly,,
HardwareComponent,COMP-CAM-Cognex-9912-L04-OP030-2,Cognex In-Sight 9912 12MP Camera (L04-OP030),Platform Operations (Synthetic AI Guild),Cognex,Direct Automation Europe,SN-SYNTH-CMP-040-2,L04-OP030,L04-OP030,,"{""Resolution"": ""12MP"", ""Lens"": ""25mm"", ""Illumination"": ""Polarized Red""}",,org-line-04,L04-OP030 Mount Bay 2,InMachine,L04-OP030,,,False,Test,,
HardwareComponent,COMP-CAM-Cognex-9912-L04-OP040-1,Cognex In-Sight 9912 12MP Camera (L04-OP040),Platform Operations (Synthetic AI Guild),Cognex,Direct Automation Europe,SN-SYNTH-CMP-041-1,L04-OP040,L04-OP040,,"{""Resolution"": ""12MP"", ""Lens"": ""25mm"", ""Illumination"": ""Polarized Red""}",,org-line-04,L04-OP040 Mount Bay 1,InMachine,L04-OP040,,,False,Test,,
HardwareComponent,COMP-DRV-AX5118-L04-OP040-2,Beckhoff AX5118 Servo Drive 18A (L04-OP040),Platform Operations (Synthetic AI Guild),Beckhoff,Direct Automation Europe,SN-SYNTH-CMP-041-2,L04-OP040,L04-OP040,,"{""Current"": ""18A"", ""Feedback"": ""OCT One Cable"", ""Channels"": 1}",,org-line-04,L04-OP040 Mount Bay 2,InMachine,L04-OP040,,,False,Robotics,,
HardwareComponent,COMP-DRV-AX5118-L04-OP050-1,Beckhoff AX5118 Servo Drive 18A (L04-OP050),Vision & Photons (Synthetic AI Guild),Beckhoff,Direct Automation Europe,SN-SYNTH-CMP-042-1,L04-OP050,L04-OP050,,"{""Current"": ""18A"", ""Feedback"": ""OCT One Cable"", ""Channels"": 1}",,org-line-04,L04-OP050 Mount Bay 1,InMachine,L04-OP050,,,False,Robotics,,
HardwareComponent,COMP-ROB-KUKA-KR210-L04-OP050-2,KUKA KR210 R2700 Prime Robot Arm (L04-OP050),Vision & Photons (Synthetic AI Guild),KUKA,Direct Automation Europe,SN-SYNTH-CMP-042-2,L04-OP050,L04-OP050,,"{""Payload"": ""210kg"", ""Reach"": ""2700mm"", ""Controller"": ""KRC4""}",,org-line-04,L04-OP050 Mount Bay 2,InMachine,L04-OP050,,,False,Robotics,,
HardwareComponent,COMP-ROB-KUKA-KR210-L04-OP060-1,KUKA KR210 R2700 Prime Robot Arm (L04-OP060),Tooling & Mechanoids (Synthetic AI Guild),KUKA,Direct Automation Europe,SN-SYNTH-CMP-043-1,L04-OP060,L04-OP060,,"{""Payload"": ""210kg"", ""Reach"": ""2700mm"", ""Controller"": ""KRC4""}",,org-line-04,L04-OP060 Mount Bay 1,InMachine,L04-OP060,,,False,Robotics,,
HardwareComponent,COMP-VAL-Festo-VTUG-L04-OP060-2,Festo VTUG Multi-Valve Terminal 16X (L04-OP060),Tooling & Mechanoids (Synthetic AI Guild),Festo,Direct Automation Europe,SN-SYNTH-CMP-043-2,L04-OP060,L04-OP060,,"{""Valves"": 16, ""Bus"": ""Profinet"", ""AirPressure"": ""6.5 Bar""}",,org-line-04,L04-OP060 Mount Bay 2,InMachine,L04-OP060,,,False,Assembly,,
HardwareComponent,COMP-VAL-Festo-VTUG-L04-OP070-1,Festo VTUG Multi-Valve Terminal 16X (L04-OP070),Controls Engineering (Synthetic AI Guild),Festo,Direct Automation Europe,SN-SYNTH-CMP-044-1,L04-OP070,L04-OP070,,"{""Valves"": 16, ""Bus"": ""Profinet"", ""AirPressure"": ""6.5 Bar""}",,org-line-04,L04-OP070 Mount Bay 1,InMachine,L04-OP070,,,False,Assembly,,
HardwareComponent,COMP-SWI-Hirschmann-BOBCAT-L04-OP070-2,Hirschmann BOBCAT Managed Switch (L04-OP070),Controls Engineering (Synthetic AI Guild),Hirschmann,Direct Automation Europe,SN-SYNTH-CMP-044-2,L04-OP070,L04-OP070,,"{""Ports"": 12, ""PoE"": true, ""Speed"": ""2.5Gbps""}",,org-line-04,L04-OP070 Mount Bay 2,InMachine,L04-OP070,,,False,Platform Operations,,
HardwareComponent,COMP-SWI-Hirschmann-BOBCAT-L04-OP080-1,Hirschmann BOBCAT Managed Switch (L04-OP080),Robotics & Cybernetics (Synthetic AI Guild),Hirschmann,Direct Automation Europe,SN-SYNTH-CMP-045-1,L04-OP080,L04-OP080,,"{""Ports"": 12, ""PoE"": true, ""Speed"": ""2.5Gbps""}",,org-line-04,L04-OP080 Mount Bay 1,InMachine,L04-OP080,,,False,Platform Operations,,
SoftwareComponent,COMP-SW-TwinCAT3-RT-L04-OP080-2,Beckhoff TwinCAT 3 PLC Runtime License (L04-OP080),Robotics & Cybernetics (Synthetic AI Guild),Beckhoff,Direct Automation Europe,SN-SYNTH-CMP-045-2,L04-OP080,L04-OP080,,"{""LicenseKey"": ""TC3-SYNTH-ENTERPRISE-100"", ""Version"": ""3.1.4026.10""}",,org-line-04,L04-OP080 Mount Bay 2,InMachine,L04-OP080,,,False,Controls & Automation,,
SoftwareComponent,COMP-SW-TwinCAT3-RT-L04-OP090-1,Beckhoff TwinCAT 3 PLC Runtime License (L04-OP090),Controls Engineering (Synthetic AI Guild),Beckhoff,Direct Automation Europe,SN-SYNTH-CMP-046-1,L04-OP090,L04-OP090,,"{""LicenseKey"": ""TC3-SYNTH-ENTERPRISE-100"", ""Version"": ""3.1.4026.10""}",,org-line-04,L04-OP090 Mount Bay 1,InMachine,L04-OP090,,,False,Controls & Automation,,
SoftwareComponent,COMP-SW-Opcenter-MES-L04-OP090-2,Siemens Opcenter MES Edge Connector (L04-OP090),Controls Engineering (Synthetic AI Guild),Siemens,Direct Automation Europe,SN-SYNTH-CMP-046-2,L04-OP090,L04-OP090,,"{""LicenseKey"": ""OPC-MES-SYNTH-V4"", ""Version"": ""4.2.0""}",,org-line-04,L04-OP090 Mount Bay 2,InMachine,L04-OP090,,,False,Platform Operations,,
SoftwareComponent,COMP-SW-Opcenter-MES-L04-OP100-1,Siemens Opcenter MES Edge Connector (L04-OP100),Robotics & Cybernetics (Synthetic AI Guild),Siemens,Direct Automation Europe,SN-SYNTH-CMP-047-1,L04-OP100,L04-OP100,,"{""LicenseKey"": ""OPC-MES-SYNTH-V4"", ""Version"": ""4.2.0""}",,org-line-04,L04-OP100 Mount Bay 1,InMachine,L04-OP100,,,False,Platform Operations,,
HardwareComponent,COMP-PLC-S7-1516F-L04-OP100-2,Siemens S7-1516F Safety PLC (L04-OP100),Robotics & Cybernetics (Synthetic AI Guild),Siemens,Direct Automation Europe,SN-SYNTH-CMP-047-2,L04-OP100,L04-OP100,,"{""Model"": ""1516F-3 PN/DP"", ""Safety"": ""SIL3"", ""Rack"": 1}",,org-line-04,L04-OP100 Mount Bay 2,InMachine,L04-OP100,,,False,Assembly,,
HardwareComponent,COMP-PLC-S7-1516F-L04-OP110-1,Siemens S7-1516F Safety PLC (L04-OP110),Tooling & Mechanoids (Synthetic AI Guild),Siemens,Direct Automation Europe,SN-SYNTH-CMP-048-1,L04-OP110,L04-OP110,,"{""Model"": ""1516F-3 PN/DP"", ""Safety"": ""SIL3"", ""Rack"": 1}",,org-line-04,L04-OP110 Mount Bay 1,InMachine,L04-OP110,,,False,Assembly,,
HardwareComponent,COMP-CAM-Cognex-9912-L04-OP110-2,Cognex In-Sight 9912 12MP Camera (L04-OP110),Tooling & Mechanoids (Synthetic AI Guild),Cognex,Direct Automation Europe,SN-SYNTH-CMP-048-2,L04-OP110,L04-OP110,,"{""Resolution"": ""12MP"", ""Lens"": ""25mm"", ""Illumination"": ""Polarized Red""}",,org-line-04,L04-OP110 Mount Bay 2,InMachine,L04-OP110,,,False,Test,,
HardwareComponent,COMP-CAM-Cognex-9912-L04-OP120-1,Cognex In-Sight 9912 12MP Camera (L04-OP120),Platform Operations (Synthetic AI Guild),Cognex,Direct Automation Europe,SN-SYNTH-CMP-049-1,L04-OP120,L04-OP120,,"{""Resolution"": ""12MP"", ""Lens"": ""25mm"", ""Illumination"": ""Polarized Red""}",,org-line-04,L04-OP120 Mount Bay 1,InMachine,L04-OP120,,,False,Test,,
HardwareComponent,COMP-DRV-AX5118-L04-OP120-2,Beckhoff AX5118 Servo Drive 18A (L04-OP120),Platform Operations (Synthetic AI Guild),Beckhoff,Direct Automation Europe,SN-SYNTH-CMP-049-2,L04-OP120,L04-OP120,,"{""Current"": ""18A"", ""Feedback"": ""OCT One Cable"", ""Channels"": 1}",,org-line-04,L04-OP120 Mount Bay 2,InMachine,L04-OP120,,,False,Robotics,,
HardwareComponent,COMP-DRV-AX5118-L04-OP130-1,Beckhoff AX5118 Servo Drive 18A (L04-OP130),Controls Engineering (Synthetic AI Guild),Beckhoff,Direct Automation Europe,SN-SYNTH-CMP-050-1,L04-OP130,L04-OP130,,"{""Current"": ""18A"", ""Feedback"": ""OCT One Cable"", ""Channels"": 1}",,org-line-04,L04-OP130 Mount Bay 1,InMachine,L04-OP130,,,False,Robotics,,
HardwareComponent,COMP-ROB-KUKA-KR210-L04-OP130-2,KUKA KR210 R2700 Prime Robot Arm (L04-OP130),Controls Engineering (Synthetic AI Guild),KUKA,Direct Automation Europe,SN-SYNTH-CMP-050-2,L04-OP130,L04-OP130,,"{""Payload"": ""210kg"", ""Reach"": ""2700mm"", ""Controller"": ""KRC4""}",,org-line-04,L04-OP130 Mount Bay 2,InMachine,L04-OP130,,,False,Robotics,,
HardwareComponent,COMP-ROB-KUKA-KR210-L05-OP010-1,KUKA KR210 R2700 Prime Robot Arm (L05-OP010),SMT & Microchips (Synthetic AI Guild),KUKA,Direct Automation Europe,SN-SYNTH-CMP-051-1,L05-OP010,L05-OP010,,"{""Payload"": ""210kg"", ""Reach"": ""2700mm"", ""Controller"": ""KRC4""}",,org-line-05,L05-OP010 Mount Bay 1,InMachine,L05-OP010,,,False,Robotics,,
HardwareComponent,COMP-VAL-Festo-VTUG-L05-OP010-2,Festo VTUG Multi-Valve Terminal 16X (L05-OP010),SMT & Microchips (Synthetic AI Guild),Festo,Direct Automation Europe,SN-SYNTH-CMP-051-2,L05-OP010,L05-OP010,,"{""Valves"": 16, ""Bus"": ""Profinet"", ""AirPressure"": ""6.5 Bar""}",,org-line-05,L05-OP010 Mount Bay 2,InMachine,L05-OP010,,,False,Assembly,,
HardwareComponent,COMP-VAL-Festo-VTUG-L05-OP020-1,Festo VTUG Multi-Valve Terminal 16X (L05-OP020),SMT & Microchips (Synthetic AI Guild),Festo,Direct Automation Europe,SN-SYNTH-CMP-052-1,L05-OP020,L05-OP020,,"{""Valves"": 16, ""Bus"": ""Profinet"", ""AirPressure"": ""6.5 Bar""}",,org-line-05,L05-OP020 Mount Bay 1,InMachine,L05-OP020,,,False,Assembly,,
HardwareComponent,COMP-SWI-Hirschmann-BOBCAT-L05-OP020-2,Hirschmann BOBCAT Managed Switch (L05-OP020),SMT & Microchips (Synthetic AI Guild),Hirschmann,Direct Automation Europe,SN-SYNTH-CMP-052-2,L05-OP020,L05-OP020,,"{""Ports"": 12, ""PoE"": true, ""Speed"": ""2.5Gbps""}",,org-line-05,L05-OP020 Mount Bay 2,InMachine,L05-OP020,,,False,Platform Operations,,
HardwareComponent,COMP-SWI-Hirschmann-BOBCAT-L05-OP030-1,Hirschmann BOBCAT Managed Switch (L05-OP030),Robotics & Cybernetics (Synthetic AI Guild),Hirschmann,Direct Automation Europe,SN-SYNTH-CMP-053-1,L05-OP030,L05-OP030,,"{""Ports"": 12, ""PoE"": true, ""Speed"": ""2.5Gbps""}",,org-line-05,L05-OP030 Mount Bay 1,InMachine,L05-OP030,,,False,Platform Operations,,
SoftwareComponent,COMP-SW-TwinCAT3-RT-L05-OP030-2,Beckhoff TwinCAT 3 PLC Runtime License (L05-OP030),Robotics & Cybernetics (Synthetic AI Guild),Beckhoff,Direct Automation Europe,SN-SYNTH-CMP-053-2,L05-OP030,L05-OP030,,"{""LicenseKey"": ""TC3-SYNTH-ENTERPRISE-100"", ""Version"": ""3.1.4026.10""}",,org-line-05,L05-OP030 Mount Bay 2,InMachine,L05-OP030,,,False,Controls & Automation,,
SoftwareComponent,COMP-SW-TwinCAT3-RT-L05-OP040-1,Beckhoff TwinCAT 3 PLC Runtime License (L05-OP040),SMT & Microchips (Synthetic AI Guild),Beckhoff,Direct Automation Europe,SN-SYNTH-CMP-054-1,L05-OP040,L05-OP040,,"{""LicenseKey"": ""TC3-SYNTH-ENTERPRISE-100"", ""Version"": ""3.1.4026.10""}",,org-line-05,L05-OP040 Mount Bay 1,InMachine,L05-OP040,,,False,Controls & Automation,,
SoftwareComponent,COMP-SW-Opcenter-MES-L05-OP040-2,Siemens Opcenter MES Edge Connector (L05-OP040),SMT & Microchips (Synthetic AI Guild),Siemens,Direct Automation Europe,SN-SYNTH-CMP-054-2,L05-OP040,L05-OP040,,"{""LicenseKey"": ""OPC-MES-SYNTH-V4"", ""Version"": ""4.2.0""}",,org-line-05,L05-OP040 Mount Bay 2,InMachine,L05-OP040,,,False,Platform Operations,,
SoftwareComponent,COMP-SW-Opcenter-MES-L05-OP050-1,Siemens Opcenter MES Edge Connector (L05-OP050),Platform Operations (Synthetic AI Guild),Siemens,Direct Automation Europe,SN-SYNTH-CMP-055-1,L05-OP050,L05-OP050,,"{""LicenseKey"": ""OPC-MES-SYNTH-V4"", ""Version"": ""4.2.0""}",,org-line-05,L05-OP050 Mount Bay 1,InMachine,L05-OP050,,,False,Platform Operations,,
HardwareComponent,COMP-PLC-S7-1516F-L05-OP050-2,Siemens S7-1516F Safety PLC (L05-OP050),Platform Operations (Synthetic AI Guild),Siemens,Direct Automation Europe,SN-SYNTH-CMP-055-2,L05-OP050,L05-OP050,,"{""Model"": ""1516F-3 PN/DP"", ""Safety"": ""SIL3"", ""Rack"": 1}",,org-line-05,L05-OP050 Mount Bay 2,InMachine,L05-OP050,,,False,Assembly,,
HardwareComponent,COMP-PLC-S7-1516F-L05-OP060-1,Siemens S7-1516F Safety PLC (L05-OP060),Plant Maintenance (Synthetic AI Guild),Siemens,Direct Automation Europe,SN-SYNTH-CMP-056-1,L05-OP060,L05-OP060,,"{""Model"": ""1516F-3 PN/DP"", ""Safety"": ""SIL3"", ""Rack"": 1}",,org-line-05,L05-OP060 Mount Bay 1,InMachine,L05-OP060,,,False,Assembly,,
HardwareComponent,COMP-CAM-Cognex-9912-L05-OP060-2,Cognex In-Sight 9912 12MP Camera (L05-OP060),Plant Maintenance (Synthetic AI Guild),Cognex,Direct Automation Europe,SN-SYNTH-CMP-056-2,L05-OP060,L05-OP060,,"{""Resolution"": ""12MP"", ""Lens"": ""25mm"", ""Illumination"": ""Polarized Red""}",,org-line-05,L05-OP060 Mount Bay 2,InMachine,L05-OP060,,,False,Test,,
HardwareComponent,COMP-CAM-Cognex-9912-L05-OP070-1,Cognex In-Sight 9912 12MP Camera (L05-OP070),Robotics & Cybernetics (Synthetic AI Guild),Cognex,Direct Automation Europe,SN-SYNTH-CMP-057-1,L05-OP070,L05-OP070,,"{""Resolution"": ""12MP"", ""Lens"": ""25mm"", ""Illumination"": ""Polarized Red""}",,org-line-05,L05-OP070 Mount Bay 1,InMachine,L05-OP070,,,False,Test,,
HardwareComponent,COMP-DRV-AX5118-L05-OP070-2,Beckhoff AX5118 Servo Drive 18A (L05-OP070),Robotics & Cybernetics (Synthetic AI Guild),Beckhoff,Direct Automation Europe,SN-SYNTH-CMP-057-2,L05-OP070,L05-OP070,,"{""Current"": ""18A"", ""Feedback"": ""OCT One Cable"", ""Channels"": 1}",,org-line-05,L05-OP070 Mount Bay 2,InMachine,L05-OP070,,,False,Robotics,,
HardwareComponent,COMP-DRV-AX5118-L05-OP080-1,Beckhoff AX5118 Servo Drive 18A (L05-OP080),Platform Operations (Synthetic AI Guild),Beckhoff,Direct Automation Europe,SN-SYNTH-CMP-058-1,L05-OP080,L05-OP080,,"{""Current"": ""18A"", ""Feedback"": ""OCT One Cable"", ""Channels"": 1}",,org-line-05,L05-OP080 Mount Bay 1,InMachine,L05-OP080,,,False,Robotics,,
HardwareComponent,COMP-ROB-KUKA-KR210-L05-OP080-2,KUKA KR210 R2700 Prime Robot Arm (L05-OP080),Platform Operations (Synthetic AI Guild),KUKA,Direct Automation Europe,SN-SYNTH-CMP-058-2,L05-OP080,L05-OP080,,"{""Payload"": ""210kg"", ""Reach"": ""2700mm"", ""Controller"": ""KRC4""}",,org-line-05,L05-OP080 Mount Bay 2,InMachine,L05-OP080,,,False,Robotics,,
HardwareComponent,COMP-ROB-KUKA-KR210-L05-OP090-1,KUKA KR210 R2700 Prime Robot Arm (L05-OP090),Controls Engineering (Synthetic AI Guild),KUKA,Direct Automation Europe,SN-SYNTH-CMP-059-1,L05-OP090,L05-OP090,,"{""Payload"": ""210kg"", ""Reach"": ""2700mm"", ""Controller"": ""KRC4""}",,org-line-05,L05-OP090 Mount Bay 1,InMachine,L05-OP090,,,False,Robotics,,
HardwareComponent,COMP-VAL-Festo-VTUG-L05-OP090-2,Festo VTUG Multi-Valve Terminal 16X (L05-OP090),Controls Engineering (Synthetic AI Guild),Festo,Direct Automation Europe,SN-SYNTH-CMP-059-2,L05-OP090,L05-OP090,,"{""Valves"": 16, ""Bus"": ""Profinet"", ""AirPressure"": ""6.5 Bar""}",,org-line-05,L05-OP090 Mount Bay 2,InMachine,L05-OP090,,,False,Assembly,,
HardwareComponent,COMP-VAL-Festo-VTUG-L05-OP100-1,Festo VTUG Multi-Valve Terminal 16X (L05-OP100),SMT & Microchips (Synthetic AI Guild),Festo,Direct Automation Europe,SN-SYNTH-CMP-060-1,L05-OP100,L05-OP100,,"{""Valves"": 16, ""Bus"": ""Profinet"", ""AirPressure"": ""6.5 Bar""}",,org-line-05,L05-OP100 Mount Bay 1,InMachine,L05-OP100,,,False,Assembly,,
HardwareComponent,COMP-SWI-Hirschmann-BOBCAT-L05-OP100-2,Hirschmann BOBCAT Managed Switch (L05-OP100),SMT & Microchips (Synthetic AI Guild),Hirschmann,Direct Automation Europe,SN-SYNTH-CMP-060-2,L05-OP100,L05-OP100,,"{""Ports"": 12, ""PoE"": true, ""Speed"": ""2.5Gbps""}",,org-line-05,L05-OP100 Mount Bay 2,InMachine,L05-OP100,,,False,Platform Operations,,
HardwareComponent,COMP-SWI-Hirschmann-BOBCAT-L05-OP110-1,Hirschmann BOBCAT Managed Switch (L05-OP110),Robotics & Cybernetics (Synthetic AI Guild),Hirschmann,Direct Automation Europe,SN-SYNTH-CMP-061-1,L05-OP110,L05-OP110,,"{""Ports"": 12, ""PoE"": true, ""Speed"": ""2.5Gbps""}",,org-line-05,L05-OP110 Mount Bay 1,InMachine,L05-OP110,,,False,Platform Operations,,
SoftwareComponent,COMP-SW-TwinCAT3-RT-L05-OP110-2,Beckhoff TwinCAT 3 PLC Runtime License (L05-OP110),Robotics & Cybernetics (Synthetic AI Guild),Beckhoff,Direct Automation Europe,SN-SYNTH-CMP-061-2,L05-OP110,L05-OP110,,"{""LicenseKey"": ""TC3-SYNTH-ENTERPRISE-100"", ""Version"": ""3.1.4026.10""}",,org-line-05,L05-OP110 Mount Bay 2,InMachine,L05-OP110,,,False,Controls & Automation,,
SoftwareComponent,COMP-SW-TwinCAT3-RT-L05-OP120-1,Beckhoff TwinCAT 3 PLC Runtime License (L05-OP120),Plant Maintenance (Synthetic AI Guild),Beckhoff,Direct Automation Europe,SN-SYNTH-CMP-062-1,L05-OP120,L05-OP120,,"{""LicenseKey"": ""TC3-SYNTH-ENTERPRISE-100"", ""Version"": ""3.1.4026.10""}",,org-line-05,L05-OP120 Mount Bay 1,InMachine,L05-OP120,,,False,Controls & Automation,,
SoftwareComponent,COMP-SW-Opcenter-MES-L05-OP120-2,Siemens Opcenter MES Edge Connector (L05-OP120),Plant Maintenance (Synthetic AI Guild),Siemens,Direct Automation Europe,SN-SYNTH-CMP-062-2,L05-OP120,L05-OP120,,"{""LicenseKey"": ""OPC-MES-SYNTH-V4"", ""Version"": ""4.2.0""}",,org-line-05,L05-OP120 Mount Bay 2,InMachine,L05-OP120,,,False,Platform Operations,,
SoftwareComponent,COMP-SW-Opcenter-MES-L06-OP010-1,Siemens Opcenter MES Edge Connector (L06-OP010),Controls Engineering (Synthetic AI Guild),Siemens,Direct Automation Europe,SN-SYNTH-CMP-063-1,L06-OP010,L06-OP010,,"{""LicenseKey"": ""OPC-MES-SYNTH-V4"", ""Version"": ""4.2.0""}",,org-line-06,L06-OP010 Mount Bay 1,InMachine,L06-OP010,,,False,Platform Operations,,
HardwareComponent,COMP-PLC-S7-1516F-L06-OP010-2,Siemens S7-1516F Safety PLC (L06-OP010),Controls Engineering (Synthetic AI Guild),Siemens,Direct Automation Europe,SN-SYNTH-CMP-063-2,L06-OP010,L06-OP010,,"{""Model"": ""1516F-3 PN/DP"", ""Safety"": ""SIL3"", ""Rack"": 1}",,org-line-06,L06-OP010 Mount Bay 2,InMachine,L06-OP010,,,False,Assembly,,
HardwareComponent,COMP-PLC-S7-1516F-L06-OP020-1,Siemens S7-1516F Safety PLC (L06-OP020),Tooling & Mechanoids (Synthetic AI Guild),Siemens,Direct Automation Europe,SN-SYNTH-CMP-064-1,L06-OP020,L06-OP020,,"{""Model"": ""1516F-3 PN/DP"", ""Safety"": ""SIL3"", ""Rack"": 1}",,org-line-06,L06-OP020 Mount Bay 1,InMachine,L06-OP020,,,False,Assembly,,
HardwareComponent,COMP-CAM-Cognex-9912-L06-OP020-2,Cognex In-Sight 9912 12MP Camera (L06-OP020),Tooling & Mechanoids (Synthetic AI Guild),Cognex,Direct Automation Europe,SN-SYNTH-CMP-064-2,L06-OP020,L06-OP020,,"{""Resolution"": ""12MP"", ""Lens"": ""25mm"", ""Illumination"": ""Polarized Red""}",,org-line-06,L06-OP020 Mount Bay 2,InMachine,L06-OP020,,,False,Test,,
HardwareComponent,COMP-CAM-Cognex-9912-L06-OP030-1,Cognex In-Sight 9912 12MP Camera (L06-OP030),Controls Engineering (Synthetic AI Guild),Cognex,Direct Automation Europe,SN-SYNTH-CMP-065-1,L06-OP030,L06-OP030,,"{""Resolution"": ""12MP"", ""Lens"": ""25mm"", ""Illumination"": ""Polarized Red""}",,org-line-06,L06-OP030 Mount Bay 1,InMachine,L06-OP030,,,False,Test,,
HardwareComponent,COMP-DRV-AX5118-L06-OP030-2,Beckhoff AX5118 Servo Drive 18A (L06-OP030),Controls Engineering (Synthetic AI Guild),Beckhoff,Direct Automation Europe,SN-SYNTH-CMP-065-2,L06-OP030,L06-OP030,,"{""Current"": ""18A"", ""Feedback"": ""OCT One Cable"", ""Channels"": 1}",,org-line-06,L06-OP030 Mount Bay 2,InMachine,L06-OP030,,,False,Robotics,,
HardwareComponent,COMP-DRV-AX5118-L06-OP040-1,Beckhoff AX5118 Servo Drive 18A (L06-OP040),Tooling & Mechanoids (Synthetic AI Guild),Beckhoff,Direct Automation Europe,SN-SYNTH-CMP-066-1,L06-OP040,L06-OP040,,"{""Current"": ""18A"", ""Feedback"": ""OCT One Cable"", ""Channels"": 1}",,org-line-06,L06-OP040 Mount Bay 1,InMachine,L06-OP040,,,False,Robotics,,
HardwareComponent,COMP-ROB-KUKA-KR210-L06-OP040-2,KUKA KR210 R2700 Prime Robot Arm (L06-OP040),Tooling & Mechanoids (Synthetic AI Guild),KUKA,Direct Automation Europe,SN-SYNTH-CMP-066-2,L06-OP040,L06-OP040,,"{""Payload"": ""210kg"", ""Reach"": ""2700mm"", ""Controller"": ""KRC4""}",,org-line-06,L06-OP040 Mount Bay 2,InMachine,L06-OP040,,,False,Robotics,,
HardwareComponent,COMP-ROB-KUKA-KR210-L06-OP050-1,KUKA KR210 R2700 Prime Robot Arm (L06-OP050),Controls Engineering (Synthetic AI Guild),KUKA,Direct Automation Europe,SN-SYNTH-CMP-067-1,L06-OP050,L06-OP050,,"{""Payload"": ""210kg"", ""Reach"": ""2700mm"", ""Controller"": ""KRC4""}",,org-line-06,L06-OP050 Mount Bay 1,InMachine,L06-OP050,,,False,Robotics,,
HardwareComponent,COMP-VAL-Festo-VTUG-L06-OP050-2,Festo VTUG Multi-Valve Terminal 16X (L06-OP050),Controls Engineering (Synthetic AI Guild),Festo,Direct Automation Europe,SN-SYNTH-CMP-067-2,L06-OP050,L06-OP050,,"{""Valves"": 16, ""Bus"": ""Profinet"", ""AirPressure"": ""6.5 Bar""}",,org-line-06,L06-OP050 Mount Bay 2,InMachine,L06-OP050,,,False,Assembly,,
HardwareComponent,COMP-VAL-Festo-VTUG-L06-OP060-1,Festo VTUG Multi-Valve Terminal 16X (L06-OP060),Robotics & Cybernetics (Synthetic AI Guild),Festo,Direct Automation Europe,SN-SYNTH-CMP-068-1,L06-OP060,L06-OP060,,"{""Valves"": 16, ""Bus"": ""Profinet"", ""AirPressure"": ""6.5 Bar""}",,org-line-06,L06-OP060 Mount Bay 1,InMachine,L06-OP060,,,False,Assembly,,
HardwareComponent,COMP-SWI-Hirschmann-BOBCAT-L06-OP060-2,Hirschmann BOBCAT Managed Switch (L06-OP060),Robotics & Cybernetics (Synthetic AI Guild),Hirschmann,Direct Automation Europe,SN-SYNTH-CMP-068-2,L06-OP060,L06-OP060,,"{""Ports"": 12, ""PoE"": true, ""Speed"": ""2.5Gbps""}",,org-line-06,L06-OP060 Mount Bay 2,InMachine,L06-OP060,,,False,Platform Operations,,
HardwareComponent,COMP-SWI-Hirschmann-BOBCAT-L06-OP070-1,Hirschmann BOBCAT Managed Switch (L06-OP070),Vision & Photons (Synthetic AI Guild),Hirschmann,Direct Automation Europe,SN-SYNTH-CMP-069-1,L06-OP070,L06-OP070,,"{""Ports"": 12, ""PoE"": true, ""Speed"": ""2.5Gbps""}",,org-line-06,L06-OP070 Mount Bay 1,InMachine,L06-OP070,,,False,Platform Operations,,
SoftwareComponent,COMP-SW-TwinCAT3-RT-L06-OP070-2,Beckhoff TwinCAT 3 PLC Runtime License (L06-OP070),Vision & Photons (Synthetic AI Guild),Beckhoff,Direct Automation Europe,SN-SYNTH-CMP-069-2,L06-OP070,L06-OP070,,"{""LicenseKey"": ""TC3-SYNTH-ENTERPRISE-100"", ""Version"": ""3.1.4026.10""}",,org-line-06,L06-OP070 Mount Bay 2,InMachine,L06-OP070,,,False,Controls & Automation,,
SoftwareComponent,COMP-SW-TwinCAT3-RT-L06-OP080-1,Beckhoff TwinCAT 3 PLC Runtime License (L06-OP080),Vision & Photons (Synthetic AI Guild),Beckhoff,Direct Automation Europe,SN-SYNTH-CMP-070-1,L06-OP080,L06-OP080,,"{""LicenseKey"": ""TC3-SYNTH-ENTERPRISE-100"", ""Version"": ""3.1.4026.10""}",,org-line-06,L06-OP080 Mount Bay 1,InMachine,L06-OP080,,,False,Controls & Automation,,
SoftwareComponent,COMP-SW-Opcenter-MES-L06-OP080-2,Siemens Opcenter MES Edge Connector (L06-OP080),Vision & Photons (Synthetic AI Guild),Siemens,Direct Automation Europe,SN-SYNTH-CMP-070-2,L06-OP080,L06-OP080,,"{""LicenseKey"": ""OPC-MES-SYNTH-V4"", ""Version"": ""4.2.0""}",,org-line-06,L06-OP080 Mount Bay 2,InMachine,L06-OP080,,,False,Platform Operations,,
SoftwareComponent,COMP-SW-Opcenter-MES-L06-OP090-1,Siemens Opcenter MES Edge Connector (L06-OP090),Tooling & Mechanoids (Synthetic AI Guild),Siemens,Direct Automation Europe,SN-SYNTH-CMP-071-1,L06-OP090,L06-OP090,,"{""LicenseKey"": ""OPC-MES-SYNTH-V4"", ""Version"": ""4.2.0""}",,org-line-06,L06-OP090 Mount Bay 1,InMachine,L06-OP090,,,False,Platform Operations,,
HardwareComponent,COMP-PLC-S7-1516F-L06-OP090-2,Siemens S7-1516F Safety PLC (L06-OP090),Tooling & Mechanoids (Synthetic AI Guild),Siemens,Direct Automation Europe,SN-SYNTH-CMP-071-2,L06-OP090,L06-OP090,,"{""Model"": ""1516F-3 PN/DP"", ""Safety"": ""SIL3"", ""Rack"": 1}",,org-line-06,L06-OP090 Mount Bay 2,InMachine,L06-OP090,,,False,Assembly,,
HardwareComponent,COMP-PLC-S7-1516F-L06-OP100-1,Siemens S7-1516F Safety PLC (L06-OP100),Vision & Photons (Synthetic AI Guild),Siemens,Direct Automation Europe,SN-SYNTH-CMP-072-1,L06-OP100,L06-OP100,,"{""Model"": ""1516F-3 PN/DP"", ""Safety"": ""SIL3"", ""Rack"": 1}",,org-line-06,L06-OP100 Mount Bay 1,InMachine,L06-OP100,,,False,Assembly,,
HardwareComponent,COMP-CAM-Cognex-9912-L06-OP100-2,Cognex In-Sight 9912 12MP Camera (L06-OP100),Vision & Photons (Synthetic AI Guild),Cognex,Direct Automation Europe,SN-SYNTH-CMP-072-2,L06-OP100,L06-OP100,,"{""Resolution"": ""12MP"", ""Lens"": ""25mm"", ""Illumination"": ""Polarized Red""}",,org-line-06,L06-OP100 Mount Bay 2,InMachine,L06-OP100,,,False,Test,,
HardwareComponent,COMP-CAM-Cognex-9912-L06-OP110-1,Cognex In-Sight 9912 12MP Camera (L06-OP110),Vision & Photons (Synthetic AI Guild),Cognex,Direct Automation Europe,SN-SYNTH-CMP-073-1,L06-OP110,L06-OP110,,"{""Resolution"": ""12MP"", ""Lens"": ""25mm"", ""Illumination"": ""Polarized Red""}",,org-line-06,L06-OP110 Mount Bay 1,InMachine,L06-OP110,,,False,Test,,
HardwareComponent,COMP-DRV-AX5118-L06-OP110-2,Beckhoff AX5118 Servo Drive 18A (L06-OP110),Vision & Photons (Synthetic AI Guild),Beckhoff,Direct Automation Europe,SN-SYNTH-CMP-073-2,L06-OP110,L06-OP110,,"{""Current"": ""18A"", ""Feedback"": ""OCT One Cable"", ""Channels"": 1}",,org-line-06,L06-OP110 Mount Bay 2,InMachine,L06-OP110,,,False,Robotics,,
HardwareComponent,COMP-DRV-AX5118-L06-OP120-1,Beckhoff AX5118 Servo Drive 18A (L06-OP120),Plant Maintenance (Synthetic AI Guild),Beckhoff,Direct Automation Europe,SN-SYNTH-CMP-074-1,L06-OP120,L06-OP120,,"{""Current"": ""18A"", ""Feedback"": ""OCT One Cable"", ""Channels"": 1}",,org-line-06,L06-OP120 Mount Bay 1,InMachine,L06-OP120,,,False,Robotics,,
HardwareComponent,COMP-ROB-KUKA-KR210-L06-OP120-2,KUKA KR210 R2700 Prime Robot Arm (L06-OP120),Plant Maintenance (Synthetic AI Guild),KUKA,Direct Automation Europe,SN-SYNTH-CMP-074-2,L06-OP120,L06-OP120,,"{""Payload"": ""210kg"", ""Reach"": ""2700mm"", ""Controller"": ""KRC4""}",,org-line-06,L06-OP120 Mount Bay 2,InMachine,L06-OP120,,,False,Robotics,,
HardwareComponent,COMP-ROB-KUKA-KR210-L07-OP010-1,KUKA KR210 R2700 Prime Robot Arm (L07-OP010),Platform Operations (Synthetic AI Guild),KUKA,Direct Automation Europe,SN-SYNTH-CMP-075-1,L07-OP010,L07-OP010,,"{""Payload"": ""210kg"", ""Reach"": ""2700mm"", ""Controller"": ""KRC4""}",,org-line-07,L07-OP010 Mount Bay 1,InMachine,L07-OP010,,,False,Robotics,,
HardwareComponent,COMP-VAL-Festo-VTUG-L07-OP010-2,Festo VTUG Multi-Valve Terminal 16X (L07-OP010),Platform Operations (Synthetic AI Guild),Festo,Direct Automation Europe,SN-SYNTH-CMP-075-2,L07-OP010,L07-OP010,,"{""Valves"": 16, ""Bus"": ""Profinet"", ""AirPressure"": ""6.5 Bar""}",,org-line-07,L07-OP010 Mount Bay 2,InMachine,L07-OP010,,,False,Assembly,,
HardwareComponent,COMP-VAL-Festo-VTUG-L07-OP020-1,Festo VTUG Multi-Valve Terminal 16X (L07-OP020),Vision & Photons (Synthetic AI Guild),Festo,Direct Automation Europe,SN-SYNTH-CMP-076-1,L07-OP020,L07-OP020,,"{""Valves"": 16, ""Bus"": ""Profinet"", ""AirPressure"": ""6.5 Bar""}",,org-line-07,L07-OP020 Mount Bay 1,InMachine,L07-OP020,,,False,Assembly,,
HardwareComponent,COMP-SWI-Hirschmann-BOBCAT-L07-OP020-2,Hirschmann BOBCAT Managed Switch (L07-OP020),Vision & Photons (Synthetic AI Guild),Hirschmann,Direct Automation Europe,SN-SYNTH-CMP-076-2,L07-OP020,L07-OP020,,"{""Ports"": 12, ""PoE"": true, ""Speed"": ""2.5Gbps""}",,org-line-07,L07-OP020 Mount Bay 2,InMachine,L07-OP020,,,False,Platform Operations,,
HardwareComponent,COMP-SWI-Hirschmann-BOBCAT-L07-OP030-1,Hirschmann BOBCAT Managed Switch (L07-OP030),Vision & Photons (Synthetic AI Guild),Hirschmann,Direct Automation Europe,SN-SYNTH-CMP-077-1,L07-OP030,L07-OP030,,"{""Ports"": 12, ""PoE"": true, ""Speed"": ""2.5Gbps""}",,org-line-07,L07-OP030 Mount Bay 1,InMachine,L07-OP030,,,False,Platform Operations,,
SoftwareComponent,COMP-SW-TwinCAT3-RT-L07-OP030-2,Beckhoff TwinCAT 3 PLC Runtime License (L07-OP030),Vision & Photons (Synthetic AI Guild),Beckhoff,Direct Automation Europe,SN-SYNTH-CMP-077-2,L07-OP030,L07-OP030,,"{""LicenseKey"": ""TC3-SYNTH-ENTERPRISE-100"", ""Version"": ""3.1.4026.10""}",,org-line-07,L07-OP030 Mount Bay 2,InMachine,L07-OP030,,,False,Controls & Automation,,
SoftwareComponent,COMP-SW-TwinCAT3-RT-L07-OP040-1,Beckhoff TwinCAT 3 PLC Runtime License (L07-OP040),Plant Maintenance (Synthetic AI Guild),Beckhoff,Direct Automation Europe,SN-SYNTH-CMP-078-1,L07-OP040,L07-OP040,,"{""LicenseKey"": ""TC3-SYNTH-ENTERPRISE-100"", ""Version"": ""3.1.4026.10""}",,org-line-07,L07-OP040 Mount Bay 1,InMachine,L07-OP040,,,False,Controls & Automation,,
SoftwareComponent,COMP-SW-Opcenter-MES-L07-OP040-2,Siemens Opcenter MES Edge Connector (L07-OP040),Plant Maintenance (Synthetic AI Guild),Siemens,Direct Automation Europe,SN-SYNTH-CMP-078-2,L07-OP040,L07-OP040,,"{""LicenseKey"": ""OPC-MES-SYNTH-V4"", ""Version"": ""4.2.0""}",,org-line-07,L07-OP040 Mount Bay 2,InMachine,L07-OP040,,,False,Platform Operations,,
SoftwareComponent,COMP-SW-Opcenter-MES-L07-OP050-1,Siemens Opcenter MES Edge Connector (L07-OP050),Platform Operations (Synthetic AI Guild),Siemens,Direct Automation Europe,SN-SYNTH-CMP-079-1,L07-OP050,L07-OP050,,"{""LicenseKey"": ""OPC-MES-SYNTH-V4"", ""Version"": ""4.2.0""}",,org-line-07,L07-OP050 Mount Bay 1,InMachine,L07-OP050,,,False,Platform Operations,,
HardwareComponent,COMP-PLC-S7-1516F-L07-OP050-2,Siemens S7-1516F Safety PLC (L07-OP050),Platform Operations (Synthetic AI Guild),Siemens,Direct Automation Europe,SN-SYNTH-CMP-079-2,L07-OP050,L07-OP050,,"{""Model"": ""1516F-3 PN/DP"", ""Safety"": ""SIL3"", ""Rack"": 1}",,org-line-07,L07-OP050 Mount Bay 2,InMachine,L07-OP050,,,False,Assembly,,
HardwareComponent,COMP-PLC-S7-1516F-L07-OP060-1,Siemens S7-1516F Safety PLC (L07-OP060),Controls Engineering (Synthetic AI Guild),Siemens,Direct Automation Europe,SN-SYNTH-CMP-080-1,L07-OP060,L07-OP060,,"{""Model"": ""1516F-3 PN/DP"", ""Safety"": ""SIL3"", ""Rack"": 1}",,org-line-07,L07-OP060 Mount Bay 1,InMachine,L07-OP060,,,False,Assembly,,
HardwareComponent,COMP-CAM-Cognex-9912-L07-OP060-2,Cognex In-Sight 9912 12MP Camera (L07-OP060),Controls Engineering (Synthetic AI Guild),Cognex,Direct Automation Europe,SN-SYNTH-CMP-080-2,L07-OP060,L07-OP060,,"{""Resolution"": ""12MP"", ""Lens"": ""25mm"", ""Illumination"": ""Polarized Red""}",,org-line-07,L07-OP060 Mount Bay 2,InMachine,L07-OP060,,,False,Test,,
HardwareComponent,COMP-CAM-Cognex-9912-L07-OP070-1,Cognex In-Sight 9912 12MP Camera (L07-OP070),Vision & Photons (Synthetic AI Guild),Cognex,Direct Automation Europe,SN-SYNTH-CMP-081-1,L07-OP070,L07-OP070,,"{""Resolution"": ""12MP"", ""Lens"": ""25mm"", ""Illumination"": ""Polarized Red""}",,org-line-07,L07-OP070 Mount Bay 1,InMachine,L07-OP070,,,False,Test,,
HardwareComponent,COMP-DRV-AX5118-L07-OP070-2,Beckhoff AX5118 Servo Drive 18A (L07-OP070),Vision & Photons (Synthetic AI Guild),Beckhoff,Direct Automation Europe,SN-SYNTH-CMP-081-2,L07-OP070,L07-OP070,,"{""Current"": ""18A"", ""Feedback"": ""OCT One Cable"", ""Channels"": 1}",,org-line-07,L07-OP070 Mount Bay 2,InMachine,L07-OP070,,,False,Robotics,,
HardwareComponent,COMP-DRV-AX5118-L07-OP080-1,Beckhoff AX5118 Servo Drive 18A (L07-OP080),Controls Engineering (Synthetic AI Guild),Beckhoff,Direct Automation Europe,SN-SYNTH-CMP-082-1,L07-OP080,L07-OP080,,"{""Current"": ""18A"", ""Feedback"": ""OCT One Cable"", ""Channels"": 1}",,org-line-07,L07-OP080 Mount Bay 1,InMachine,L07-OP080,,,False,Robotics,,
HardwareComponent,COMP-ROB-KUKA-KR210-L07-OP080-2,KUKA KR210 R2700 Prime Robot Arm (L07-OP080),Controls Engineering (Synthetic AI Guild),KUKA,Direct Automation Europe,SN-SYNTH-CMP-082-2,L07-OP080,L07-OP080,,"{""Payload"": ""210kg"", ""Reach"": ""2700mm"", ""Controller"": ""KRC4""}",,org-line-07,L07-OP080 Mount Bay 2,InMachine,L07-OP080,,,False,Robotics,,
HardwareComponent,COMP-ROB-KUKA-KR210-L07-OP090-1,KUKA KR210 R2700 Prime Robot Arm (L07-OP090),Controls Engineering (Synthetic AI Guild),KUKA,Direct Automation Europe,SN-SYNTH-CMP-083-1,L07-OP090,L07-OP090,,"{""Payload"": ""210kg"", ""Reach"": ""2700mm"", ""Controller"": ""KRC4""}",,org-line-07,L07-OP090 Mount Bay 1,InMachine,L07-OP090,,,False,Robotics,,
HardwareComponent,COMP-VAL-Festo-VTUG-L07-OP090-2,Festo VTUG Multi-Valve Terminal 16X (L07-OP090),Controls Engineering (Synthetic AI Guild),Festo,Direct Automation Europe,SN-SYNTH-CMP-083-2,L07-OP090,L07-OP090,,"{""Valves"": 16, ""Bus"": ""Profinet"", ""AirPressure"": ""6.5 Bar""}",,org-line-07,L07-OP090 Mount Bay 2,InMachine,L07-OP090,,,False,Assembly,,
HardwareComponent,COMP-VAL-Festo-VTUG-L07-OP100-1,Festo VTUG Multi-Valve Terminal 16X (L07-OP100),Robotics & Cybernetics (Synthetic AI Guild),Festo,Direct Automation Europe,SN-SYNTH-CMP-084-1,L07-OP100,L07-OP100,,"{""Valves"": 16, ""Bus"": ""Profinet"", ""AirPressure"": ""6.5 Bar""}",,org-line-07,L07-OP100 Mount Bay 1,InMachine,L07-OP100,,,False,Assembly,,
HardwareComponent,COMP-SWI-Hirschmann-BOBCAT-L07-OP100-2,Hirschmann BOBCAT Managed Switch (L07-OP100),Robotics & Cybernetics (Synthetic AI Guild),Hirschmann,Direct Automation Europe,SN-SYNTH-CMP-084-2,L07-OP100,L07-OP100,,"{""Ports"": 12, ""PoE"": true, ""Speed"": ""2.5Gbps""}",,org-line-07,L07-OP100 Mount Bay 2,InMachine,L07-OP100,,,False,Platform Operations,,
HardwareComponent,COMP-SWI-Hirschmann-BOBCAT-L07-OP110-1,Hirschmann BOBCAT Managed Switch (L07-OP110),Vision & Photons (Synthetic AI Guild),Hirschmann,Direct Automation Europe,SN-SYNTH-CMP-085-1,L07-OP110,L07-OP110,,"{""Ports"": 12, ""PoE"": true, ""Speed"": ""2.5Gbps""}",,org-line-07,L07-OP110 Mount Bay 1,InMachine,L07-OP110,,,False,Platform Operations,,
SoftwareComponent,COMP-SW-TwinCAT3-RT-L07-OP110-2,Beckhoff TwinCAT 3 PLC Runtime License (L07-OP110),Vision & Photons (Synthetic AI Guild),Beckhoff,Direct Automation Europe,SN-SYNTH-CMP-085-2,L07-OP110,L07-OP110,,"{""LicenseKey"": ""TC3-SYNTH-ENTERPRISE-100"", ""Version"": ""3.1.4026.10""}",,org-line-07,L07-OP110 Mount Bay 2,InMachine,L07-OP110,,,False,Controls & Automation,,
SoftwareComponent,COMP-SW-TwinCAT3-RT-L07-OP120-1,Beckhoff TwinCAT 3 PLC Runtime License (L07-OP120),Controls Engineering (Synthetic AI Guild),Beckhoff,Direct Automation Europe,SN-SYNTH-CMP-086-1,L07-OP120,L07-OP120,,"{""LicenseKey"": ""TC3-SYNTH-ENTERPRISE-100"", ""Version"": ""3.1.4026.10""}",,org-line-07,L07-OP120 Mount Bay 1,InMachine,L07-OP120,,,False,Controls & Automation,,
SoftwareComponent,COMP-SW-Opcenter-MES-L07-OP120-2,Siemens Opcenter MES Edge Connector (L07-OP120),Controls Engineering (Synthetic AI Guild),Siemens,Direct Automation Europe,SN-SYNTH-CMP-086-2,L07-OP120,L07-OP120,,"{""LicenseKey"": ""OPC-MES-SYNTH-V4"", ""Version"": ""4.2.0""}",,org-line-07,L07-OP120 Mount Bay 2,InMachine,L07-OP120,,,False,Platform Operations,,
SoftwareComponent,COMP-SW-Opcenter-MES-L07-OP130-1,Siemens Opcenter MES Edge Connector (L07-OP130),Plant Maintenance (Synthetic AI Guild),Siemens,Direct Automation Europe,SN-SYNTH-CMP-087-1,L07-OP130,L07-OP130,,"{""LicenseKey"": ""OPC-MES-SYNTH-V4"", ""Version"": ""4.2.0""}",,org-line-07,L07-OP130 Mount Bay 1,InMachine,L07-OP130,,,False,Platform Operations,,
HardwareComponent,COMP-PLC-S7-1516F-L07-OP130-2,Siemens S7-1516F Safety PLC (L07-OP130),Plant Maintenance (Synthetic AI Guild),Siemens,Direct Automation Europe,SN-SYNTH-CMP-087-2,L07-OP130,L07-OP130,,"{""Model"": ""1516F-3 PN/DP"", ""Safety"": ""SIL3"", ""Rack"": 1}",,org-line-07,L07-OP130 Mount Bay 2,InMachine,L07-OP130,,,False,Assembly,,
HardwareComponent,COMP-PLC-S7-1516F-L08-OP010-1,Siemens S7-1516F Safety PLC (L08-OP010),SMT & Microchips (Synthetic AI Guild),Siemens,Direct Automation Europe,SN-SYNTH-CMP-088-1,L08-OP010,L08-OP010,,"{""Model"": ""1516F-3 PN/DP"", ""Safety"": ""SIL3"", ""Rack"": 1}",,org-line-08,L08-OP010 Mount Bay 1,InMachine,L08-OP010,,,False,Assembly,,
HardwareComponent,COMP-CAM-Cognex-9912-L08-OP010-2,Cognex In-Sight 9912 12MP Camera (L08-OP010),SMT & Microchips (Synthetic AI Guild),Cognex,Direct Automation Europe,SN-SYNTH-CMP-088-2,L08-OP010,L08-OP010,,"{""Resolution"": ""12MP"", ""Lens"": ""25mm"", ""Illumination"": ""Polarized Red""}",,org-line-08,L08-OP010 Mount Bay 2,InMachine,L08-OP010,,,False,Test,,
HardwareComponent,COMP-CAM-Cognex-9912-L08-OP020-1,Cognex In-Sight 9912 12MP Camera (L08-OP020),Platform Operations (Synthetic AI Guild),Cognex,Direct Automation Europe,SN-SYNTH-CMP-089-1,L08-OP020,L08-OP020,,"{""Resolution"": ""12MP"", ""Lens"": ""25mm"", ""Illumination"": ""Polarized Red""}",,org-line-08,L08-OP020 Mount Bay 1,InMachine,L08-OP020,,,False,Test,,
HardwareComponent,COMP-DRV-AX5118-L08-OP020-2,Beckhoff AX5118 Servo Drive 18A (L08-OP020),Platform Operations (Synthetic AI Guild),Beckhoff,Direct Automation Europe,SN-SYNTH-CMP-089-2,L08-OP020,L08-OP020,,"{""Current"": ""18A"", ""Feedback"": ""OCT One Cable"", ""Channels"": 1}",,org-line-08,L08-OP020 Mount Bay 2,InMachine,L08-OP020,,,False,Robotics,,
HardwareComponent,COMP-DRV-AX5118-L08-OP030-1,Beckhoff AX5118 Servo Drive 18A (L08-OP030),Platform Operations (Synthetic AI Guild),Beckhoff,Direct Automation Europe,SN-SYNTH-CMP-090-1,L08-OP030,L08-OP030,,"{""Current"": ""18A"", ""Feedback"": ""OCT One Cable"", ""Channels"": 1}",,org-line-08,L08-OP030 Mount Bay 1,InMachine,L08-OP030,,,False,Robotics,,
HardwareComponent,COMP-ROB-KUKA-KR210-L08-OP030-2,KUKA KR210 R2700 Prime Robot Arm (L08-OP030),Platform Operations (Synthetic AI Guild),KUKA,Direct Automation Europe,SN-SYNTH-CMP-090-2,L08-OP030,L08-OP030,,"{""Payload"": ""210kg"", ""Reach"": ""2700mm"", ""Controller"": ""KRC4""}",,org-line-08,L08-OP030 Mount Bay 2,InMachine,L08-OP030,,,False,Robotics,,
HardwareComponent,COMP-ROB-KUKA-KR210-L08-OP040-1,KUKA KR210 R2700 Prime Robot Arm (L08-OP040),Platform Operations (Synthetic AI Guild),KUKA,Direct Automation Europe,SN-SYNTH-CMP-091-1,L08-OP040,L08-OP040,,"{""Payload"": ""210kg"", ""Reach"": ""2700mm"", ""Controller"": ""KRC4""}",,org-line-08,L08-OP040 Mount Bay 1,InMachine,L08-OP040,,,False,Robotics,,
HardwareComponent,COMP-VAL-Festo-VTUG-L08-OP040-2,Festo VTUG Multi-Valve Terminal 16X (L08-OP040),Platform Operations (Synthetic AI Guild),Festo,Direct Automation Europe,SN-SYNTH-CMP-091-2,L08-OP040,L08-OP040,,"{""Valves"": 16, ""Bus"": ""Profinet"", ""AirPressure"": ""6.5 Bar""}",,org-line-08,L08-OP040 Mount Bay 2,InMachine,L08-OP040,,,False,Assembly,,
HardwareComponent,COMP-VAL-Festo-VTUG-L08-OP050-1,Festo VTUG Multi-Valve Terminal 16X (L08-OP050),Vision & Photons (Synthetic AI Guild),Festo,Direct Automation Europe,SN-SYNTH-CMP-092-1,L08-OP050,L08-OP050,,"{""Valves"": 16, ""Bus"": ""Profinet"", ""AirPressure"": ""6.5 Bar""}",,org-line-08,L08-OP050 Mount Bay 1,InMachine,L08-OP050,,,False,Assembly,,
HardwareComponent,COMP-SWI-Hirschmann-BOBCAT-L08-OP050-2,Hirschmann BOBCAT Managed Switch (L08-OP050),Vision & Photons (Synthetic AI Guild),Hirschmann,Direct Automation Europe,SN-SYNTH-CMP-092-2,L08-OP050,L08-OP050,,"{""Ports"": 12, ""PoE"": true, ""Speed"": ""2.5Gbps""}",,org-line-08,L08-OP050 Mount Bay 2,InMachine,L08-OP050,,,False,Platform Operations,,
HardwareComponent,COMP-SWI-Hirschmann-BOBCAT-L08-OP060-1,Hirschmann BOBCAT Managed Switch (L08-OP060),Plant Maintenance (Synthetic AI Guild),Hirschmann,Direct Automation Europe,SN-SYNTH-CMP-093-1,L08-OP060,L08-OP060,,"{""Ports"": 12, ""PoE"": true, ""Speed"": ""2.5Gbps""}",,org-line-08,L08-OP060 Mount Bay 1,InMachine,L08-OP060,,,False,Platform Operations,,
SoftwareComponent,COMP-SW-TwinCAT3-RT-L08-OP060-2,Beckhoff TwinCAT 3 PLC Runtime License (L08-OP060),Plant Maintenance (Synthetic AI Guild),Beckhoff,Direct Automation Europe,SN-SYNTH-CMP-093-2,L08-OP060,L08-OP060,,"{""LicenseKey"": ""TC3-SYNTH-ENTERPRISE-100"", ""Version"": ""3.1.4026.10""}",,org-line-08,L08-OP060 Mount Bay 2,InMachine,L08-OP060,,,False,Controls & Automation,,
SoftwareComponent,COMP-SW-TwinCAT3-RT-L08-OP070-1,Beckhoff TwinCAT 3 PLC Runtime License (L08-OP070),Platform Operations (Synthetic AI Guild),Beckhoff,Direct Automation Europe,SN-SYNTH-CMP-094-1,L08-OP070,L08-OP070,,"{""LicenseKey"": ""TC3-SYNTH-ENTERPRISE-100"", ""Version"": ""3.1.4026.10""}",,org-line-08,L08-OP070 Mount Bay 1,InMachine,L08-OP070,,,False,Controls & Automation,,
SoftwareComponent,COMP-SW-Opcenter-MES-L08-OP070-2,Siemens Opcenter MES Edge Connector (L08-OP070),Platform Operations (Synthetic AI Guild),Siemens,Direct Automation Europe,SN-SYNTH-CMP-094-2,L08-OP070,L08-OP070,,"{""LicenseKey"": ""OPC-MES-SYNTH-V4"", ""Version"": ""4.2.0""}",,org-line-08,L08-OP070 Mount Bay 2,InMachine,L08-OP070,,,False,Platform Operations,,
SoftwareComponent,COMP-SW-Opcenter-MES-L08-OP080-1,Siemens Opcenter MES Edge Connector (L08-OP080),Tooling & Mechanoids (Synthetic AI Guild),Siemens,Direct Automation Europe,SN-SYNTH-CMP-095-1,L08-OP080,L08-OP080,,"{""LicenseKey"": ""OPC-MES-SYNTH-V4"", ""Version"": ""4.2.0""}",,org-line-08,L08-OP080 Mount Bay 1,InMachine,L08-OP080,,,False,Platform Operations,,
HardwareComponent,COMP-PLC-S7-1516F-L08-OP080-2,Siemens S7-1516F Safety PLC (L08-OP080),Tooling & Mechanoids (Synthetic AI Guild),Siemens,Direct Automation Europe,SN-SYNTH-CMP-095-2,L08-OP080,L08-OP080,,"{""Model"": ""1516F-3 PN/DP"", ""Safety"": ""SIL3"", ""Rack"": 1}",,org-line-08,L08-OP080 Mount Bay 2,InMachine,L08-OP080,,,False,Assembly,,
HardwareComponent,COMP-PLC-S7-1516F-L08-OP090-1,Siemens S7-1516F Safety PLC (L08-OP090),Controls Engineering (Synthetic AI Guild),Siemens,Direct Automation Europe,SN-SYNTH-CMP-096-1,L08-OP090,L08-OP090,,"{""Model"": ""1516F-3 PN/DP"", ""Safety"": ""SIL3"", ""Rack"": 1}",,org-line-08,L08-OP090 Mount Bay 1,InMachine,L08-OP090,,,False,Assembly,,
HardwareComponent,COMP-CAM-Cognex-9912-L08-OP090-2,Cognex In-Sight 9912 12MP Camera (L08-OP090),Controls Engineering (Synthetic AI Guild),Cognex,Direct Automation Europe,SN-SYNTH-CMP-096-2,L08-OP090,L08-OP090,,"{""Resolution"": ""12MP"", ""Lens"": ""25mm"", ""Illumination"": ""Polarized Red""}",,org-line-08,L08-OP090 Mount Bay 2,InMachine,L08-OP090,,,False,Test,,
HardwareComponent,COMP-CAM-Cognex-9912-L08-OP100-1,Cognex In-Sight 9912 12MP Camera (L08-OP100),Controls Engineering (Synthetic AI Guild),Cognex,Direct Automation Europe,SN-SYNTH-CMP-097-1,L08-OP100,L08-OP100,,"{""Resolution"": ""12MP"", ""Lens"": ""25mm"", ""Illumination"": ""Polarized Red""}",,org-line-08,L08-OP100 Mount Bay 1,InMachine,L08-OP100,,,False,Test,,
HardwareComponent,COMP-DRV-AX5118-L08-OP100-2,Beckhoff AX5118 Servo Drive 18A (L08-OP100),Controls Engineering (Synthetic AI Guild),Beckhoff,Direct Automation Europe,SN-SYNTH-CMP-097-2,L08-OP100,L08-OP100,,"{""Current"": ""18A"", ""Feedback"": ""OCT One Cable"", ""Channels"": 1}",,org-line-08,L08-OP100 Mount Bay 2,InMachine,L08-OP100,,,False,Robotics,,
HardwareComponent,COMP-DRV-AX5118-L08-OP110-1,Beckhoff AX5118 Servo Drive 18A (L08-OP110),Platform Operations (Synthetic AI Guild),Beckhoff,Direct Automation Europe,SN-SYNTH-CMP-098-1,L08-OP110,L08-OP110,,"{""Current"": ""18A"", ""Feedback"": ""OCT One Cable"", ""Channels"": 1}",,org-line-08,L08-OP110 Mount Bay 1,InMachine,L08-OP110,,,False,Robotics,,
HardwareComponent,COMP-ROB-KUKA-KR210-L08-OP110-2,KUKA KR210 R2700 Prime Robot Arm (L08-OP110),Platform Operations (Synthetic AI Guild),KUKA,Direct Automation Europe,SN-SYNTH-CMP-098-2,L08-OP110,L08-OP110,,"{""Payload"": ""210kg"", ""Reach"": ""2700mm"", ""Controller"": ""KRC4""}",,org-line-08,L08-OP110 Mount Bay 2,InMachine,L08-OP110,,,False,Robotics,,
HardwareComponent,COMP-ROB-KUKA-KR210-L08-OP120-1,KUKA KR210 R2700 Prime Robot Arm (L08-OP120),Tooling & Mechanoids (Synthetic AI Guild),KUKA,Direct Automation Europe,SN-SYNTH-CMP-099-1,L08-OP120,L08-OP120,,"{""Payload"": ""210kg"", ""Reach"": ""2700mm"", ""Controller"": ""KRC4""}",,org-line-08,L08-OP120 Mount Bay 1,InMachine,L08-OP120,,,False,Robotics,,
HardwareComponent,COMP-VAL-Festo-VTUG-L08-OP120-2,Festo VTUG Multi-Valve Terminal 16X (L08-OP120),Tooling & Mechanoids (Synthetic AI Guild),Festo,Direct Automation Europe,SN-SYNTH-CMP-099-2,L08-OP120,L08-OP120,,"{""Valves"": 16, ""Bus"": ""Profinet"", ""AirPressure"": ""6.5 Bar""}",,org-line-08,L08-OP120 Mount Bay 2,InMachine,L08-OP120,,,False,Assembly,,
HardwareComponent,COMP-VAL-Festo-VTUG-L08-OP130-1,Festo VTUG Multi-Valve Terminal 16X (L08-OP130),SMT & Microchips (Synthetic AI Guild),Festo,Direct Automation Europe,SN-SYNTH-CMP-100-1,L08-OP130,L08-OP130,,"{""Valves"": 16, ""Bus"": ""Profinet"", ""AirPressure"": ""6.5 Bar""}",,org-line-08,L08-OP130 Mount Bay 1,InMachine,L08-OP130,,,False,Assembly,,
HardwareComponent,COMP-SWI-Hirschmann-BOBCAT-L08-OP130-2,Hirschmann BOBCAT Managed Switch (L08-OP130),SMT & Microchips (Synthetic AI Guild),Hirschmann,Direct Automation Europe,SN-SYNTH-CMP-100-2,L08-OP130,L08-OP130,,"{""Ports"": 12, ""PoE"": true, ""Speed"": ""2.5Gbps""}",,org-line-08,L08-OP130 Mount Bay 2,InMachine,L08-OP130,,,False,Platform Operations,,
HardwareComponent,SPARE-SIEM-S7-1500-0001,Synthetic Siemens S7-1500 CPU 1516-3 PN/DP (Spare) #001,Plant Maintenance (Synthetic AI Guild),Siemens,Direct Automation Europe,SN-FAKE-SIEM-0001,,,,"{""CostInHUF"": 2850000, ""Status"": ""UnderRepair"", ""WarehouseLocation"": ""Repair Depot Bay 2"", ""InspectionDate"": ""2026-09-01T00:00:00Z"", ""CalibrationValidUntil"": ""2027-09-01T00:00:00Z"", ""AssetClass"": ""High-Value Serialized Spare""}",,org-maintenance,Repair Depot Bay 2,UnderRepair,,,,False,Assembly,,
HardwareComponent,SPARE-BECK-AX5000-0002,Synthetic Beckhoff AX5000 Servo Drive 12A (Spare) #002,Plant Maintenance (Synthetic AI Guild),Beckhoff,Direct Automation Europe,SN-FAKE-BECK-0002,,,,"{""CostInHUF"": 1450000, ""Status"": ""UnderRepair"", ""WarehouseLocation"": ""Repair Depot Bay 3"", ""InspectionDate"": ""2026-09-01T00:00:00Z"", ""CalibrationValidUntil"": ""2027-09-01T00:00:00Z"", ""AssetClass"": ""High-Value Serialized Spare""}",,org-maintenance,Repair Depot Bay 3,UnderRepair,,,,False,Robotics,,
HardwareComponent,SPARE-COGN-IN9912-0003,Synthetic Cognex In-Sight 9912 12MP Inspection Camera #003,Plant Maintenance (Synthetic AI Guild),Cognex,Direct Automation Europe,SN-FAKE-COGN-0003,,,,"{""CostInHUF"": 2200000, ""Status"": ""UnderRepair"", ""WarehouseLocation"": ""Repair Depot Bay 4"", ""InspectionDate"": ""2026-09-01T00:00:00Z"", ""CalibrationValidUntil"": ""2027-09-01T00:00:00Z"", ""AssetClass"": ""High-Value Serialized Spare""}",,org-maintenance,Repair Depot Bay 4,UnderRepair,,,,False,Test,,
HardwareComponent,SPARE-KUKA-KRC4-PC-0004,Synthetic KUKA KRC4 Industrial Robot Controller PC #004,Plant Maintenance (Synthetic AI Guild),KUKA,Direct Automation Europe,SN-FAKE-KUKA-0004,,,,"{""CostInHUF"": 3900000, ""Status"": ""UnderRepair"", ""WarehouseLocation"": ""Repair Depot Bay 1"", ""InspectionDate"": ""2026-09-01T00:00:00Z"", ""CalibrationValidUntil"": ""2027-09-01T00:00:00Z"", ""AssetClass"": ""High-Value Serialized Spare""}",,org-maintenance,Repair Depot Bay 1,UnderRepair,,,,False,Robotics,,
HardwareComponent,SPARE-FEST-VTUG-16-0005,Synthetic Festo VTUG Valve Terminal 16-Valve Multi #005,Plant Maintenance (Synthetic AI Guild),Festo,Direct Automation Europe,SN-FAKE-FEST-0005,,,,"{""CostInHUF"": 850000, ""Status"": ""UnderRepair"", ""WarehouseLocation"": ""Repair Depot Bay 2"", ""InspectionDate"": ""2026-09-01T00:00:00Z"", ""CalibrationValidUntil"": ""2027-09-01T00:00:00Z"", ""AssetClass"": ""High-Value Serialized Spare""}",,org-maintenance,Repair Depot Bay 2,UnderRepair,,,,False,Assembly,,
HardwareComponent,SPARE-ATLAS-STR-61-0006,Synthetic Atlas Copco Tensor STR-61 Tightening Spindle #006,Plant Maintenance (Synthetic AI Guild),Atlas Copco,Direct Automation Europe,SN-FAKE-ATLA-0006,,,,"{""CostInHUF"": 3100000, ""Status"": ""UnderRepair"", ""WarehouseLocation"": ""Repair Depot Bay 3"", ""InspectionDate"": ""2026-09-01T00:00:00Z"", ""CalibrationValidUntil"": ""2027-09-01T00:00:00Z"", ""AssetClass"": ""High-Value Serialized Spare""}",,org-maintenance,Repair Depot Bay 3,UnderRepair,,,,False,Fastening,,
HardwareComponent,SPARE-SICK-MICROSCAN-0007,Synthetic SICK microScan3 Core Safety Laser Scanner #007,Plant Maintenance (Synthetic AI Guild),SICK,Direct Automation Europe,SN-FAKE-SICK-0007,,,,"{""CostInHUF"": 1250000, ""Status"": ""UnderRepair"", ""WarehouseLocation"": ""Repair Depot Bay 4"", ""InspectionDate"": ""2026-09-01T00:00:00Z"", ""CalibrationValidUntil"": ""2027-09-01T00:00:00Z"", ""AssetClass"": ""High-Value Serialized Spare""}",,org-maintenance,Repair Depot Bay 4,UnderRepair,,,,False,Assembly,,
HardwareComponent,SPARE-SEW-MOVIPRO-0008,Synthetic SEW Eurodrive MOVIPRO Decentralized Inverter #008,Plant Maintenance (Synthetic AI Guild),SEW Eurodrive,Direct Automation Europe,SN-FAKE-SEW -0008,,,,"{""CostInHUF"": 1600000, ""Status"": ""UnderRepair"", ""WarehouseLocation"": ""Repair Depot Bay 1"", ""InspectionDate"": ""2026-09-01T00:00:00Z"", ""CalibrationValidUntil"": ""2027-09-01T00:00:00Z"", ""AssetClass"": ""High-Value Serialized Spare""}",,org-maintenance,Repair Depot Bay 1,UnderRepair,,,,False,Assembly,,
HardwareComponent,SPARE-BALL-RFID-RWD-0009,Synthetic Balluff BIS-M 13.56MHz High-Temp RFID Reader #009,Plant Maintenance (Synthetic AI Guild),Balluff,Direct Automation Europe,SN-FAKE-BALL-0009,,,,"{""CostInHUF"": 480000, ""Status"": ""UnderRepair"", ""WarehouseLocation"": ""Repair Depot Bay 2"", ""InspectionDate"": ""2026-09-01T00:00:00Z"", ""CalibrationValidUntil"": ""2027-09-01T00:00:00Z"", ""AssetClass"": ""High-Value Serialized Spare""}",,org-maintenance,Repair Depot Bay 2,UnderRepair,,,,False,Test,,
HardwareComponent,SPARE-TRUMPF-OPTIC-0010,Synthetic Trumpf BEO D70 Laser Seam Optical Focus Head #010,Plant Maintenance (Synthetic AI Guild),Trumpf,Direct Automation Europe,SN-FAKE-TRUM-0010,,,,"{""CostInHUF"": 4500000, ""Status"": ""UnderRepair"", ""WarehouseLocation"": ""Repair Depot Bay 3"", ""InspectionDate"": ""2026-09-01T00:00:00Z"", ""CalibrationValidUntil"": ""2027-09-01T00:00:00Z"", ""AssetClass"": ""High-Value Serialized Spare""}",,org-maintenance,Repair Depot Bay 3,UnderRepair,,,,False,Welding,,
HardwareComponent,SPARE-TOX-E-PRESS-0011,Synthetic TOX ElectricDrive 50kN Servo Press Drive #011,Plant Maintenance (Synthetic AI Guild),TOX Pressotechnik,Direct Automation Europe,SN-FAKE-TOX -0011,,,,"{""CostInHUF"": 4800000, ""Status"": ""UnderRepair"", ""WarehouseLocation"": ""Repair Depot Bay 4"", ""InspectionDate"": ""2026-09-01T00:00:00Z"", ""CalibrationValidUntil"": ""2027-09-01T00:00:00Z"", ""AssetClass"": ""High-Value Serialized Spare""}",,org-maintenance,Repair Depot Bay 4,UnderRepair,,,,False,Fastening,,
HardwareComponent,SPARE-HIRS-BOBCAT-0012,Synthetic Hirschmann BRS20 Industrial Managed Switch #012,Plant Maintenance (Synthetic AI Guild),Hirschmann,Direct Automation Europe,SN-FAKE-HIRS-0012,,,,"{""CostInHUF"": 720000, ""Status"": ""UnderRepair"", ""WarehouseLocation"": ""Repair Depot Bay 1"", ""InspectionDate"": ""2026-09-01T00:00:00Z"", ""CalibrationValidUntil"": ""2027-09-01T00:00:00Z"", ""AssetClass"": ""High-Value Serialized Spare""}",,org-maintenance,Repair Depot Bay 1,UnderRepair,,,,False,Platform Operations,,
HardwareComponent,SPARE-SIEM-S7-1500-0013,Synthetic Siemens S7-1500 CPU 1516-3 PN/DP (Spare) #013,Plant Maintenance (Synthetic AI Guild),Siemens,Direct Automation Europe,SN-FAKE-SIEM-0013,,,,"{""CostInHUF"": 2850000, ""Status"": ""UnderRepair"", ""WarehouseLocation"": ""Repair Depot Bay 2"", ""InspectionDate"": ""2026-09-01T00:00:00Z"", ""CalibrationValidUntil"": ""2027-09-01T00:00:00Z"", ""AssetClass"": ""High-Value Serialized Spare""}",,org-maintenance,Repair Depot Bay 2,UnderRepair,,,,False,Assembly,,
HardwareComponent,SPARE-BECK-AX5000-0014,Synthetic Beckhoff AX5000 Servo Drive 12A (Spare) #014,Plant Maintenance (Synthetic AI Guild),Beckhoff,Direct Automation Europe,SN-FAKE-BECK-0014,,,,"{""CostInHUF"": 1450000, ""Status"": ""UnderRepair"", ""WarehouseLocation"": ""Repair Depot Bay 3"", ""InspectionDate"": ""2026-09-01T00:00:00Z"", ""CalibrationValidUntil"": ""2027-09-01T00:00:00Z"", ""AssetClass"": ""High-Value Serialized Spare""}",,org-maintenance,Repair Depot Bay 3,UnderRepair,,,,False,Robotics,,
HardwareComponent,SPARE-COGN-IN9912-0015,Synthetic Cognex In-Sight 9912 12MP Inspection Camera #015,Plant Maintenance (Synthetic AI Guild),Cognex,Direct Automation Europe,SN-FAKE-COGN-0015,,,,"{""CostInHUF"": 2200000, ""Status"": ""UnderRepair"", ""WarehouseLocation"": ""Repair Depot Bay 4"", ""InspectionDate"": ""2026-09-01T00:00:00Z"", ""CalibrationValidUntil"": ""2027-09-01T00:00:00Z"", ""AssetClass"": ""High-Value Serialized Spare""}",,org-maintenance,Repair Depot Bay 4,UnderRepair,,,,False,Test,,
HardwareComponent,SPARE-KUKA-KRC4-PC-0016,Synthetic KUKA KRC4 Industrial Robot Controller PC #016,Plant Maintenance (Synthetic AI Guild),KUKA,Direct Automation Europe,SN-FAKE-KUKA-0016,,,,"{""CostInHUF"": 3900000, ""Status"": ""UnderRepair"", ""WarehouseLocation"": ""Repair Depot Bay 1"", ""InspectionDate"": ""2026-09-01T00:00:00Z"", ""CalibrationValidUntil"": ""2027-09-01T00:00:00Z"", ""AssetClass"": ""High-Value Serialized Spare""}",,org-maintenance,Repair Depot Bay 1,UnderRepair,,,,False,Robotics,,
HardwareComponent,SPARE-FEST-VTUG-16-0017,Synthetic Festo VTUG Valve Terminal 16-Valve Multi #017,Plant Maintenance (Synthetic AI Guild),Festo,Direct Automation Europe,SN-FAKE-FEST-0017,,,,"{""CostInHUF"": 850000, ""Status"": ""UnderRepair"", ""WarehouseLocation"": ""Repair Depot Bay 2"", ""InspectionDate"": ""2026-09-01T00:00:00Z"", ""CalibrationValidUntil"": ""2027-09-01T00:00:00Z"", ""AssetClass"": ""High-Value Serialized Spare""}",,org-maintenance,Repair Depot Bay 2,UnderRepair,,,,False,Assembly,,
HardwareComponent,SPARE-ATLAS-STR-61-0018,Synthetic Atlas Copco Tensor STR-61 Tightening Spindle #018,Plant Maintenance (Synthetic AI Guild),Atlas Copco,Direct Automation Europe,SN-FAKE-ATLA-0018,,,,"{""CostInHUF"": 3100000, ""Status"": ""UnderRepair"", ""WarehouseLocation"": ""Repair Depot Bay 3"", ""InspectionDate"": ""2026-09-01T00:00:00Z"", ""CalibrationValidUntil"": ""2027-09-01T00:00:00Z"", ""AssetClass"": ""High-Value Serialized Spare""}",,org-maintenance,Repair Depot Bay 3,UnderRepair,,,,False,Fastening,,
HardwareComponent,SPARE-SICK-MICROSCAN-0019,Synthetic SICK microScan3 Core Safety Laser Scanner #019,Plant Maintenance (Synthetic AI Guild),SICK,Direct Automation Europe,SN-FAKE-SICK-0019,,,,"{""CostInHUF"": 1250000, ""Status"": ""UnderRepair"", ""WarehouseLocation"": ""Repair Depot Bay 4"", ""InspectionDate"": ""2026-09-01T00:00:00Z"", ""CalibrationValidUntil"": ""2027-09-01T00:00:00Z"", ""AssetClass"": ""High-Value Serialized Spare""}",,org-maintenance,Repair Depot Bay 4,UnderRepair,,,,False,Assembly,,
HardwareComponent,SPARE-SEW-MOVIPRO-0020,Synthetic SEW Eurodrive MOVIPRO Decentralized Inverter #020,Plant Maintenance (Synthetic AI Guild),SEW Eurodrive,Direct Automation Europe,SN-FAKE-SEW -0020,,,,"{""CostInHUF"": 1600000, ""Status"": ""UnderRepair"", ""WarehouseLocation"": ""Repair Depot Bay 1"", ""InspectionDate"": ""2026-09-01T00:00:00Z"", ""CalibrationValidUntil"": ""2027-09-01T00:00:00Z"", ""AssetClass"": ""High-Value Serialized Spare""}",,org-maintenance,Repair Depot Bay 1,UnderRepair,,,,False,Assembly,,
HardwareComponent,SPARE-BALL-RFID-RWD-0021,Synthetic Balluff BIS-M 13.56MHz High-Temp RFID Reader #021,Plant Maintenance (Synthetic AI Guild),Balluff,Direct Automation Europe,SN-FAKE-BALL-0021,,,,"{""CostInHUF"": 480000, ""Status"": ""UnderRepair"", ""WarehouseLocation"": ""Repair Depot Bay 2"", ""InspectionDate"": ""2026-09-01T00:00:00Z"", ""CalibrationValidUntil"": ""2027-09-01T00:00:00Z"", ""AssetClass"": ""High-Value Serialized Spare""}",,org-maintenance,Repair Depot Bay 2,UnderRepair,,,,False,Test,,
HardwareComponent,SPARE-TRUMPF-OPTIC-0022,Synthetic Trumpf BEO D70 Laser Seam Optical Focus Head #022,Plant Maintenance (Synthetic AI Guild),Trumpf,Direct Automation Europe,SN-FAKE-TRUM-0022,,,,"{""CostInHUF"": 4500000, ""Status"": ""UnderRepair"", ""WarehouseLocation"": ""Repair Depot Bay 3"", ""InspectionDate"": ""2026-09-01T00:00:00Z"", ""CalibrationValidUntil"": ""2027-09-01T00:00:00Z"", ""AssetClass"": ""High-Value Serialized Spare""}",,org-maintenance,Repair Depot Bay 3,UnderRepair,,,,False,Welding,,
HardwareComponent,SPARE-TOX-E-PRESS-0023,Synthetic TOX ElectricDrive 50kN Servo Press Drive #023,Plant Maintenance (Synthetic AI Guild),TOX Pressotechnik,Direct Automation Europe,SN-FAKE-TOX -0023,,,,"{""CostInHUF"": 4800000, ""Status"": ""UnderRepair"", ""WarehouseLocation"": ""Repair Depot Bay 4"", ""InspectionDate"": ""2026-09-01T00:00:00Z"", ""CalibrationValidUntil"": ""2027-09-01T00:00:00Z"", ""AssetClass"": ""High-Value Serialized Spare""}",,org-maintenance,Repair Depot Bay 4,UnderRepair,,,,False,Fastening,,
HardwareComponent,SPARE-HIRS-BOBCAT-0024,Synthetic Hirschmann BRS20 Industrial Managed Switch #024,Plant Maintenance (Synthetic AI Guild),Hirschmann,Direct Automation Europe,SN-FAKE-HIRS-0024,,,,"{""CostInHUF"": 720000, ""Status"": ""UnderRepair"", ""WarehouseLocation"": ""Repair Depot Bay 1"", ""InspectionDate"": ""2026-09-01T00:00:00Z"", ""CalibrationValidUntil"": ""2027-09-01T00:00:00Z"", ""AssetClass"": ""High-Value Serialized Spare""}",,org-maintenance,Repair Depot Bay 1,UnderRepair,,,,False,Platform Operations,,
HardwareComponent,SPARE-SIEM-S7-1500-0025,Synthetic Siemens S7-1500 CPU 1516-3 PN/DP (Spare) #025,Plant Maintenance (Synthetic AI Guild),Siemens,Direct Automation Europe,SN-FAKE-SIEM-0025,,,,"{""CostInHUF"": 2850000, ""Status"": ""UnderRepair"", ""WarehouseLocation"": ""Repair Depot Bay 2"", ""InspectionDate"": ""2026-09-01T00:00:00Z"", ""CalibrationValidUntil"": ""2027-09-01T00:00:00Z"", ""AssetClass"": ""High-Value Serialized Spare""}",,org-maintenance,Repair Depot Bay 2,UnderRepair,,,,False,Assembly,,
HardwareComponent,SPARE-BECK-AX5000-0026,Synthetic Beckhoff AX5000 Servo Drive 12A (Spare) #026,Plant Maintenance (Synthetic AI Guild),Beckhoff,Direct Automation Europe,SN-FAKE-BECK-0026,,,,"{""CostInHUF"": 1450000, ""Status"": ""UnderRepair"", ""WarehouseLocation"": ""Repair Depot Bay 3"", ""InspectionDate"": ""2026-09-01T00:00:00Z"", ""CalibrationValidUntil"": ""2027-09-01T00:00:00Z"", ""AssetClass"": ""High-Value Serialized Spare""}",,org-maintenance,Repair Depot Bay 3,UnderRepair,,,,False,Robotics,,
HardwareComponent,SPARE-COGN-IN9912-0027,Synthetic Cognex In-Sight 9912 12MP Inspection Camera #027,Plant Maintenance (Synthetic AI Guild),Cognex,Direct Automation Europe,SN-FAKE-COGN-0027,,,,"{""CostInHUF"": 2200000, ""Status"": ""UnderRepair"", ""WarehouseLocation"": ""Repair Depot Bay 4"", ""InspectionDate"": ""2026-09-01T00:00:00Z"", ""CalibrationValidUntil"": ""2027-09-01T00:00:00Z"", ""AssetClass"": ""High-Value Serialized Spare""}",,org-maintenance,Repair Depot Bay 4,UnderRepair,,,,False,Test,,
HardwareComponent,SPARE-KUKA-KRC4-PC-0028,Synthetic KUKA KRC4 Industrial Robot Controller PC #028,Plant Maintenance (Synthetic AI Guild),KUKA,Direct Automation Europe,SN-FAKE-KUKA-0028,,,,"{""CostInHUF"": 3900000, ""Status"": ""UnderRepair"", ""WarehouseLocation"": ""Repair Depot Bay 1"", ""InspectionDate"": ""2026-09-01T00:00:00Z"", ""CalibrationValidUntil"": ""2027-09-01T00:00:00Z"", ""AssetClass"": ""High-Value Serialized Spare""}",,org-maintenance,Repair Depot Bay 1,UnderRepair,,,,False,Robotics,,
HardwareComponent,SPARE-FEST-VTUG-16-0029,Synthetic Festo VTUG Valve Terminal 16-Valve Multi #029,Plant Maintenance (Synthetic AI Guild),Festo,Direct Automation Europe,SN-FAKE-FEST-0029,,,,"{""CostInHUF"": 850000, ""Status"": ""UnderRepair"", ""WarehouseLocation"": ""Repair Depot Bay 2"", ""InspectionDate"": ""2026-09-01T00:00:00Z"", ""CalibrationValidUntil"": ""2027-09-01T00:00:00Z"", ""AssetClass"": ""High-Value Serialized Spare""}",,org-maintenance,Repair Depot Bay 2,UnderRepair,,,,False,Assembly,,
HardwareComponent,SPARE-ATLAS-STR-61-0030,Synthetic Atlas Copco Tensor STR-61 Tightening Spindle #030,Plant Maintenance (Synthetic AI Guild),Atlas Copco,Direct Automation Europe,SN-FAKE-ATLA-0030,,,,"{""CostInHUF"": 3100000, ""Status"": ""UnderRepair"", ""WarehouseLocation"": ""Repair Depot Bay 3"", ""InspectionDate"": ""2026-09-01T00:00:00Z"", ""CalibrationValidUntil"": ""2027-09-01T00:00:00Z"", ""AssetClass"": ""High-Value Serialized Spare""}",,org-maintenance,Repair Depot Bay 3,UnderRepair,,,,False,Fastening,,
HardwareComponent,SPARE-SICK-MICROSCAN-0031,Synthetic SICK microScan3 Core Safety Laser Scanner #031,Plant Maintenance (Synthetic AI Guild),SICK,Direct Automation Europe,SN-FAKE-SICK-0031,,,,"{""CostInHUF"": 1250000, ""Status"": ""UnderRepair"", ""WarehouseLocation"": ""Repair Depot Bay 4"", ""InspectionDate"": ""2026-09-01T00:00:00Z"", ""CalibrationValidUntil"": ""2027-09-01T00:00:00Z"", ""AssetClass"": ""High-Value Serialized Spare""}",,org-maintenance,Repair Depot Bay 4,UnderRepair,,,,False,Assembly,,
HardwareComponent,SPARE-SEW-MOVIPRO-0032,Synthetic SEW Eurodrive MOVIPRO Decentralized Inverter #032,Plant Maintenance (Synthetic AI Guild),SEW Eurodrive,Direct Automation Europe,SN-FAKE-SEW -0032,,,,"{""CostInHUF"": 1600000, ""Status"": ""UnderRepair"", ""WarehouseLocation"": ""Repair Depot Bay 1"", ""InspectionDate"": ""2026-09-01T00:00:00Z"", ""CalibrationValidUntil"": ""2027-09-01T00:00:00Z"", ""AssetClass"": ""High-Value Serialized Spare""}",,org-maintenance,Repair Depot Bay 1,UnderRepair,,,,False,Assembly,,
HardwareComponent,SPARE-BALL-RFID-RWD-0033,Synthetic Balluff BIS-M 13.56MHz High-Temp RFID Reader #033,Plant Maintenance (Synthetic AI Guild),Balluff,Direct Automation Europe,SN-FAKE-BALL-0033,,,,"{""CostInHUF"": 480000, ""Status"": ""UnderRepair"", ""WarehouseLocation"": ""Repair Depot Bay 2"", ""InspectionDate"": ""2026-09-01T00:00:00Z"", ""CalibrationValidUntil"": ""2027-09-01T00:00:00Z"", ""AssetClass"": ""High-Value Serialized Spare""}",,org-maintenance,Repair Depot Bay 2,UnderRepair,,,,False,Test,,
HardwareComponent,SPARE-TRUMPF-OPTIC-0034,Synthetic Trumpf BEO D70 Laser Seam Optical Focus Head #034,Plant Maintenance (Synthetic AI Guild),Trumpf,Direct Automation Europe,SN-FAKE-TRUM-0034,,,,"{""CostInHUF"": 4500000, ""Status"": ""UnderRepair"", ""WarehouseLocation"": ""Repair Depot Bay 3"", ""InspectionDate"": ""2026-09-01T00:00:00Z"", ""CalibrationValidUntil"": ""2027-09-01T00:00:00Z"", ""AssetClass"": ""High-Value Serialized Spare""}",,org-maintenance,Repair Depot Bay 3,UnderRepair,,,,False,Welding,,
HardwareComponent,SPARE-TOX-E-PRESS-0035,Synthetic TOX ElectricDrive 50kN Servo Press Drive #035,Plant Maintenance (Synthetic AI Guild),TOX Pressotechnik,Direct Automation Europe,SN-FAKE-TOX -0035,,,,"{""CostInHUF"": 4800000, ""Status"": ""UnderRepair"", ""WarehouseLocation"": ""Repair Depot Bay 4"", ""InspectionDate"": ""2026-09-01T00:00:00Z"", ""CalibrationValidUntil"": ""2027-09-01T00:00:00Z"", ""AssetClass"": ""High-Value Serialized Spare""}",,org-maintenance,Repair Depot Bay 4,UnderRepair,,,,False,Fastening,,
HardwareComponent,SPARE-HIRS-BOBCAT-0036,Synthetic Hirschmann BRS20 Industrial Managed Switch #036,Plant Maintenance (Synthetic AI Guild),Hirschmann,Direct Automation Europe,SN-FAKE-HIRS-0036,,,,"{""CostInHUF"": 720000, ""Status"": ""UnderRepair"", ""WarehouseLocation"": ""Repair Depot Bay 1"", ""InspectionDate"": ""2026-09-01T00:00:00Z"", ""CalibrationValidUntil"": ""2027-09-01T00:00:00Z"", ""AssetClass"": ""High-Value Serialized Spare""}",,org-maintenance,Repair Depot Bay 1,UnderRepair,,,,False,Platform Operations,,
HardwareComponent,SPARE-SIEM-S7-1500-0037,Synthetic Siemens S7-1500 CPU 1516-3 PN/DP (Spare) #037,Plant Maintenance (Synthetic AI Guild),Siemens,Direct Automation Europe,SN-FAKE-SIEM-0037,,,,"{""CostInHUF"": 2850000, ""Status"": ""UnderRepair"", ""WarehouseLocation"": ""Repair Depot Bay 2"", ""InspectionDate"": ""2026-09-01T00:00:00Z"", ""CalibrationValidUntil"": ""2027-09-01T00:00:00Z"", ""AssetClass"": ""High-Value Serialized Spare""}",,org-maintenance,Repair Depot Bay 2,UnderRepair,,,,False,Assembly,,
HardwareComponent,SPARE-BECK-AX5000-0038,Synthetic Beckhoff AX5000 Servo Drive 12A (Spare) #038,Plant Maintenance (Synthetic AI Guild),Beckhoff,Direct Automation Europe,SN-FAKE-BECK-0038,,,,"{""CostInHUF"": 1450000, ""Status"": ""UnderRepair"", ""WarehouseLocation"": ""Repair Depot Bay 3"", ""InspectionDate"": ""2026-09-01T00:00:00Z"", ""CalibrationValidUntil"": ""2027-09-01T00:00:00Z"", ""AssetClass"": ""High-Value Serialized Spare""}",,org-maintenance,Repair Depot Bay 3,UnderRepair,,,,False,Robotics,,
HardwareComponent,SPARE-COGN-IN9912-0039,Synthetic Cognex In-Sight 9912 12MP Inspection Camera #039,Plant Maintenance (Synthetic AI Guild),Cognex,Direct Automation Europe,SN-FAKE-COGN-0039,,,,"{""CostInHUF"": 2200000, ""Status"": ""UnderRepair"", ""WarehouseLocation"": ""Repair Depot Bay 4"", ""InspectionDate"": ""2026-09-01T00:00:00Z"", ""CalibrationValidUntil"": ""2027-09-01T00:00:00Z"", ""AssetClass"": ""High-Value Serialized Spare""}",,org-maintenance,Repair Depot Bay 4,UnderRepair,,,,False,Test,,
HardwareComponent,SPARE-KUKA-KRC4-PC-0040,Synthetic KUKA KRC4 Industrial Robot Controller PC #040,Plant Maintenance (Synthetic AI Guild),KUKA,Direct Automation Europe,SN-FAKE-KUKA-0040,,,,"{""CostInHUF"": 3900000, ""Status"": ""UnderRepair"", ""WarehouseLocation"": ""Repair Depot Bay 1"", ""InspectionDate"": ""2026-09-01T00:00:00Z"", ""CalibrationValidUntil"": ""2027-09-01T00:00:00Z"", ""AssetClass"": ""High-Value Serialized Spare""}",,org-maintenance,Repair Depot Bay 1,UnderRepair,,,,False,Robotics,,
HardwareComponent,SPARE-FEST-VTUG-16-0041,Synthetic Festo VTUG Valve Terminal 16-Valve Multi #041,Plant Maintenance (Synthetic AI Guild),Festo,Direct Automation Europe,SN-FAKE-FEST-0041,,,,"{""CostInHUF"": 850000, ""Status"": ""UnderRepair"", ""WarehouseLocation"": ""Repair Depot Bay 2"", ""InspectionDate"": ""2026-09-01T00:00:00Z"", ""CalibrationValidUntil"": ""2027-09-01T00:00:00Z"", ""AssetClass"": ""High-Value Serialized Spare""}",,org-maintenance,Repair Depot Bay 2,UnderRepair,,,,False,Assembly,,
HardwareComponent,SPARE-ATLAS-STR-61-0042,Synthetic Atlas Copco Tensor STR-61 Tightening Spindle #042,Plant Maintenance (Synthetic AI Guild),Atlas Copco,Direct Automation Europe,SN-FAKE-ATLA-0042,,,,"{""CostInHUF"": 3100000, ""Status"": ""UnderRepair"", ""WarehouseLocation"": ""Repair Depot Bay 3"", ""InspectionDate"": ""2026-09-01T00:00:00Z"", ""CalibrationValidUntil"": ""2027-09-01T00:00:00Z"", ""AssetClass"": ""High-Value Serialized Spare""}",,org-maintenance,Repair Depot Bay 3,UnderRepair,,,,False,Fastening,,
HardwareComponent,SPARE-SICK-MICROSCAN-0043,Synthetic SICK microScan3 Core Safety Laser Scanner #043,Plant Maintenance (Synthetic AI Guild),SICK,Direct Automation Europe,SN-FAKE-SICK-0043,,,,"{""CostInHUF"": 1250000, ""Status"": ""UnderRepair"", ""WarehouseLocation"": ""Repair Depot Bay 4"", ""InspectionDate"": ""2026-09-01T00:00:00Z"", ""CalibrationValidUntil"": ""2027-09-01T00:00:00Z"", ""AssetClass"": ""High-Value Serialized Spare""}",,org-maintenance,Repair Depot Bay 4,UnderRepair,,,,False,Assembly,,
HardwareComponent,SPARE-SEW-MOVIPRO-0044,Synthetic SEW Eurodrive MOVIPRO Decentralized Inverter #044,Plant Maintenance (Synthetic AI Guild),SEW Eurodrive,Direct Automation Europe,SN-FAKE-SEW -0044,,,,"{""CostInHUF"": 1600000, ""Status"": ""UnderRepair"", ""WarehouseLocation"": ""Repair Depot Bay 1"", ""InspectionDate"": ""2026-09-01T00:00:00Z"", ""CalibrationValidUntil"": ""2027-09-01T00:00:00Z"", ""AssetClass"": ""High-Value Serialized Spare""}",,org-maintenance,Repair Depot Bay 1,UnderRepair,,,,False,Assembly,,
HardwareComponent,SPARE-BALL-RFID-RWD-0045,Synthetic Balluff BIS-M 13.56MHz High-Temp RFID Reader #045,Plant Maintenance (Synthetic AI Guild),Balluff,Direct Automation Europe,SN-FAKE-BALL-0045,,,,"{""CostInHUF"": 480000, ""Status"": ""UnderRepair"", ""WarehouseLocation"": ""Repair Depot Bay 2"", ""InspectionDate"": ""2026-09-01T00:00:00Z"", ""CalibrationValidUntil"": ""2027-09-01T00:00:00Z"", ""AssetClass"": ""High-Value Serialized Spare""}",,org-maintenance,Repair Depot Bay 2,UnderRepair,,,,False,Test,,
HardwareComponent,SPARE-TRUMPF-OPTIC-0046,Synthetic Trumpf BEO D70 Laser Seam Optical Focus Head #046,Plant Maintenance (Synthetic AI Guild),Trumpf,Direct Automation Europe,SN-FAKE-TRUM-0046,,,,"{""CostInHUF"": 4500000, ""Status"": ""UnderRepair"", ""WarehouseLocation"": ""Repair Depot Bay 3"", ""InspectionDate"": ""2026-09-01T00:00:00Z"", ""CalibrationValidUntil"": ""2027-09-01T00:00:00Z"", ""AssetClass"": ""High-Value Serialized Spare""}",,org-maintenance,Repair Depot Bay 3,UnderRepair,,,,False,Welding,,
HardwareComponent,SPARE-TOX-E-PRESS-0047,Synthetic TOX ElectricDrive 50kN Servo Press Drive #047,Plant Maintenance (Synthetic AI Guild),TOX Pressotechnik,Direct Automation Europe,SN-FAKE-TOX -0047,,,,"{""CostInHUF"": 4800000, ""Status"": ""UnderRepair"", ""WarehouseLocation"": ""Repair Depot Bay 4"", ""InspectionDate"": ""2026-09-01T00:00:00Z"", ""CalibrationValidUntil"": ""2027-09-01T00:00:00Z"", ""AssetClass"": ""High-Value Serialized Spare""}",,org-maintenance,Repair Depot Bay 4,UnderRepair,,,,False,Fastening,,
HardwareComponent,SPARE-HIRS-BOBCAT-0048,Synthetic Hirschmann BRS20 Industrial Managed Switch #048,Plant Maintenance (Synthetic AI Guild),Hirschmann,Direct Automation Europe,SN-FAKE-HIRS-0048,,,,"{""CostInHUF"": 720000, ""Status"": ""UnderRepair"", ""WarehouseLocation"": ""Repair Depot Bay 1"", ""InspectionDate"": ""2026-09-01T00:00:00Z"", ""CalibrationValidUntil"": ""2027-09-01T00:00:00Z"", ""AssetClass"": ""High-Value Serialized Spare""}",,org-maintenance,Repair Depot Bay 1,UnderRepair,,,,False,Platform Operations,,
HardwareComponent,SPARE-SIEM-S7-1500-0049,Synthetic Siemens S7-1500 CPU 1516-3 PN/DP (Spare) #049,Plant Maintenance (Synthetic AI Guild),Siemens,Direct Automation Europe,SN-FAKE-SIEM-0049,,,,"{""CostInHUF"": 2850000, ""Status"": ""UnderRepair"", ""WarehouseLocation"": ""Repair Depot Bay 2"", ""InspectionDate"": ""2026-09-01T00:00:00Z"", ""CalibrationValidUntil"": ""2027-09-01T00:00:00Z"", ""AssetClass"": ""High-Value Serialized Spare""}",,org-maintenance,Repair Depot Bay 2,UnderRepair,,,,False,Assembly,,
HardwareComponent,SPARE-BECK-AX5000-0050,Synthetic Beckhoff AX5000 Servo Drive 12A (Spare) #050,Plant Maintenance (Synthetic AI Guild),Beckhoff,Direct Automation Europe,SN-FAKE-BECK-0050,,,,"{""CostInHUF"": 1450000, ""Status"": ""UnderRepair"", ""WarehouseLocation"": ""Repair Depot Bay 3"", ""InspectionDate"": ""2026-09-01T00:00:00Z"", ""CalibrationValidUntil"": ""2027-09-01T00:00:00Z"", ""AssetClass"": ""High-Value Serialized Spare""}",,org-maintenance,Repair Depot Bay 3,UnderRepair,,,,False,Robotics,,
HardwareComponent,SPARE-COGN-IN9912-0051,Synthetic Cognex In-Sight 9912 12MP Inspection Camera #051,Plant Maintenance (Synthetic AI Guild),Cognex,Direct Automation Europe,SN-FAKE-COGN-0051,,,,"{""CostInHUF"": 2200000, ""Status"": ""InStorage"", ""WarehouseLocation"": ""Warehouse Aisle B \u2013 Shelf 4-2"", ""InspectionDate"": ""2026-09-01T00:00:00Z"", ""CalibrationValidUntil"": ""2027-09-01T00:00:00Z"", ""AssetClass"": ""High-Value Serialized Spare""}",,org-maintenance,Warehouse Aisle B – Shelf 4-2,InStorage,,,,False,Test,,
HardwareComponent,SPARE-KUKA-KRC4-PC-0052,Synthetic KUKA KRC4 Industrial Robot Controller PC #052,Plant Maintenance (Synthetic AI Guild),KUKA,Direct Automation Europe,SN-FAKE-KUKA-0052,,,,"{""CostInHUF"": 3900000, ""Status"": ""InStorage"", ""WarehouseLocation"": ""Warehouse Aisle C \u2013 Shelf 5-3"", ""InspectionDate"": ""2026-09-01T00:00:00Z"", ""CalibrationValidUntil"": ""2027-09-01T00:00:00Z"", ""AssetClass"": ""High-Value Serialized Spare""}",,org-maintenance,Warehouse Aisle C – Shelf 5-3,InStorage,,,,False,Robotics,,
HardwareComponent,SPARE-FEST-VTUG-16-0053,Synthetic Festo VTUG Valve Terminal 16-Valve Multi #053,Plant Maintenance (Synthetic AI Guild),Festo,Direct Automation Europe,SN-FAKE-FEST-0053,,,,"{""CostInHUF"": 850000, ""Status"": ""InStorage"", ""WarehouseLocation"": ""Warehouse Aisle D \u2013 Shelf 6-4"", ""InspectionDate"": ""2026-09-01T00:00:00Z"", ""CalibrationValidUntil"": ""2027-09-01T00:00:00Z"", ""AssetClass"": ""High-Value Serialized Spare""}",,org-maintenance,Warehouse Aisle D – Shelf 6-4,InStorage,,,,False,Assembly,,
HardwareComponent,SPARE-ATLAS-STR-61-0054,Synthetic Atlas Copco Tensor STR-61 Tightening Spindle #054,Plant Maintenance (Synthetic AI Guild),Atlas Copco,Direct Automation Europe,SN-FAKE-ATLA-0054,,,,"{""CostInHUF"": 3100000, ""Status"": ""InStorage"", ""WarehouseLocation"": ""Warehouse Aisle E \u2013 Shelf 7-5"", ""InspectionDate"": ""2026-09-01T00:00:00Z"", ""CalibrationValidUntil"": ""2027-09-01T00:00:00Z"", ""AssetClass"": ""High-Value Serialized Spare""}",,org-maintenance,Warehouse Aisle E – Shelf 7-5,InStorage,,,,False,Fastening,,
HardwareComponent,SPARE-SICK-MICROSCAN-0055,Synthetic SICK microScan3 Core Safety Laser Scanner #055,Plant Maintenance (Synthetic AI Guild),SICK,Direct Automation Europe,SN-FAKE-SICK-0055,,,,"{""CostInHUF"": 1250000, ""Status"": ""InStorage"", ""WarehouseLocation"": ""Warehouse Aisle F \u2013 Shelf 8-1"", ""InspectionDate"": ""2026-09-01T00:00:00Z"", ""CalibrationValidUntil"": ""2027-09-01T00:00:00Z"", ""AssetClass"": ""High-Value Serialized Spare""}",,org-maintenance,Warehouse Aisle F – Shelf 8-1,InStorage,,,,False,Assembly,,
HardwareComponent,SPARE-SEW-MOVIPRO-0056,Synthetic SEW Eurodrive MOVIPRO Decentralized Inverter #056,Plant Maintenance (Synthetic AI Guild),SEW Eurodrive,Direct Automation Europe,SN-FAKE-SEW -0056,,,,"{""CostInHUF"": 1600000, ""Status"": ""InStorage"", ""WarehouseLocation"": ""Warehouse Aisle G \u2013 Shelf 1-2"", ""InspectionDate"": ""2026-09-01T00:00:00Z"", ""CalibrationValidUntil"": ""2027-09-01T00:00:00Z"", ""AssetClass"": ""High-Value Serialized Spare""}",,org-maintenance,Warehouse Aisle G – Shelf 1-2,InStorage,,,,False,Assembly,,
HardwareComponent,SPARE-BALL-RFID-RWD-0057,Synthetic Balluff BIS-M 13.56MHz High-Temp RFID Reader #057,Plant Maintenance (Synthetic AI Guild),Balluff,Direct Automation Europe,SN-FAKE-BALL-0057,,,,"{""CostInHUF"": 480000, ""Status"": ""InStorage"", ""WarehouseLocation"": ""Warehouse Aisle A \u2013 Shelf 2-3"", ""InspectionDate"": ""2026-09-01T00:00:00Z"", ""CalibrationValidUntil"": ""2027-09-01T00:00:00Z"", ""AssetClass"": ""High-Value Serialized Spare""}",,org-maintenance,Warehouse Aisle A – Shelf 2-3,InStorage,,,,False,Test,,
HardwareComponent,SPARE-TRUMPF-OPTIC-0058,Synthetic Trumpf BEO D70 Laser Seam Optical Focus Head #058,Plant Maintenance (Synthetic AI Guild),Trumpf,Direct Automation Europe,SN-FAKE-TRUM-0058,,,,"{""CostInHUF"": 4500000, ""Status"": ""InStorage"", ""WarehouseLocation"": ""Warehouse Aisle B \u2013 Shelf 3-4"", ""InspectionDate"": ""2026-09-01T00:00:00Z"", ""CalibrationValidUntil"": ""2027-09-01T00:00:00Z"", ""AssetClass"": ""High-Value Serialized Spare""}",,org-maintenance,Warehouse Aisle B – Shelf 3-4,InStorage,,,,False,Welding,,
HardwareComponent,SPARE-TOX-E-PRESS-0059,Synthetic TOX ElectricDrive 50kN Servo Press Drive #059,Plant Maintenance (Synthetic AI Guild),TOX Pressotechnik,Direct Automation Europe,SN-FAKE-TOX -0059,,,,"{""CostInHUF"": 4800000, ""Status"": ""InStorage"", ""WarehouseLocation"": ""Warehouse Aisle C \u2013 Shelf 4-5"", ""InspectionDate"": ""2026-09-01T00:00:00Z"", ""CalibrationValidUntil"": ""2027-09-01T00:00:00Z"", ""AssetClass"": ""High-Value Serialized Spare""}",,org-maintenance,Warehouse Aisle C – Shelf 4-5,InStorage,,,,False,Fastening,,
HardwareComponent,SPARE-HIRS-BOBCAT-0060,Synthetic Hirschmann BRS20 Industrial Managed Switch #060,Plant Maintenance (Synthetic AI Guild),Hirschmann,Direct Automation Europe,SN-FAKE-HIRS-0060,,,,"{""CostInHUF"": 720000, ""Status"": ""InStorage"", ""WarehouseLocation"": ""Warehouse Aisle D \u2013 Shelf 5-1"", ""InspectionDate"": ""2026-09-01T00:00:00Z"", ""CalibrationValidUntil"": ""2027-09-01T00:00:00Z"", ""AssetClass"": ""High-Value Serialized Spare""}",,org-maintenance,Warehouse Aisle D – Shelf 5-1,InStorage,,,,False,Platform Operations,,
HardwareComponent,SPARE-SIEM-S7-1500-0061,Synthetic Siemens S7-1500 CPU 1516-3 PN/DP (Spare) #061,Plant Maintenance (Synthetic AI Guild),Siemens,Direct Automation Europe,SN-FAKE-SIEM-0061,,,,"{""CostInHUF"": 2850000, ""Status"": ""InStorage"", ""WarehouseLocation"": ""Warehouse Aisle E \u2013 Shelf 6-2"", ""InspectionDate"": ""2026-09-01T00:00:00Z"", ""CalibrationValidUntil"": ""2027-09-01T00:00:00Z"", ""AssetClass"": ""High-Value Serialized Spare""}",,org-maintenance,Warehouse Aisle E – Shelf 6-2,InStorage,,,,False,Assembly,,
HardwareComponent,SPARE-BECK-AX5000-0062,Synthetic Beckhoff AX5000 Servo Drive 12A (Spare) #062,Plant Maintenance (Synthetic AI Guild),Beckhoff,Direct Automation Europe,SN-FAKE-BECK-0062,,,,"{""CostInHUF"": 1450000, ""Status"": ""InStorage"", ""WarehouseLocation"": ""Warehouse Aisle F \u2013 Shelf 7-3"", ""InspectionDate"": ""2026-09-01T00:00:00Z"", ""CalibrationValidUntil"": ""2027-09-01T00:00:00Z"", ""AssetClass"": ""High-Value Serialized Spare""}",,org-maintenance,Warehouse Aisle F – Shelf 7-3,InStorage,,,,False,Robotics,,
HardwareComponent,SPARE-COGN-IN9912-0063,Synthetic Cognex In-Sight 9912 12MP Inspection Camera #063,Plant Maintenance (Synthetic AI Guild),Cognex,Direct Automation Europe,SN-FAKE-COGN-0063,,,,"{""CostInHUF"": 2200000, ""Status"": ""InStorage"", ""WarehouseLocation"": ""Warehouse Aisle G \u2013 Shelf 8-4"", ""InspectionDate"": ""2026-09-01T00:00:00Z"", ""CalibrationValidUntil"": ""2027-09-01T00:00:00Z"", ""AssetClass"": ""High-Value Serialized Spare""}",,org-maintenance,Warehouse Aisle G – Shelf 8-4,InStorage,,,,False,Test,,
HardwareComponent,SPARE-KUKA-KRC4-PC-0064,Synthetic KUKA KRC4 Industrial Robot Controller PC #064,Plant Maintenance (Synthetic AI Guild),KUKA,Direct Automation Europe,SN-FAKE-KUKA-0064,,,,"{""CostInHUF"": 3900000, ""Status"": ""InStorage"", ""WarehouseLocation"": ""Warehouse Aisle A \u2013 Shelf 1-5"", ""InspectionDate"": ""2026-09-01T00:00:00Z"", ""CalibrationValidUntil"": ""2027-09-01T00:00:00Z"", ""AssetClass"": ""High-Value Serialized Spare""}",,org-maintenance,Warehouse Aisle A – Shelf 1-5,InStorage,,,,False,Robotics,,
HardwareComponent,SPARE-FEST-VTUG-16-0065,Synthetic Festo VTUG Valve Terminal 16-Valve Multi #065,Plant Maintenance (Synthetic AI Guild),Festo,Direct Automation Europe,SN-FAKE-FEST-0065,,,,"{""CostInHUF"": 850000, ""Status"": ""InStorage"", ""WarehouseLocation"": ""Warehouse Aisle B \u2013 Shelf 2-1"", ""InspectionDate"": ""2026-09-01T00:00:00Z"", ""CalibrationValidUntil"": ""2027-09-01T00:00:00Z"", ""AssetClass"": ""High-Value Serialized Spare""}",,org-maintenance,Warehouse Aisle B – Shelf 2-1,InStorage,,,,False,Assembly,,
HardwareComponent,SPARE-ATLAS-STR-61-0066,Synthetic Atlas Copco Tensor STR-61 Tightening Spindle #066,Plant Maintenance (Synthetic AI Guild),Atlas Copco,Direct Automation Europe,SN-FAKE-ATLA-0066,,,,"{""CostInHUF"": 3100000, ""Status"": ""InStorage"", ""WarehouseLocation"": ""Warehouse Aisle C \u2013 Shelf 3-2"", ""InspectionDate"": ""2026-09-01T00:00:00Z"", ""CalibrationValidUntil"": ""2027-09-01T00:00:00Z"", ""AssetClass"": ""High-Value Serialized Spare""}",,org-maintenance,Warehouse Aisle C – Shelf 3-2,InStorage,,,,False,Fastening,,
HardwareComponent,SPARE-SICK-MICROSCAN-0067,Synthetic SICK microScan3 Core Safety Laser Scanner #067,Plant Maintenance (Synthetic AI Guild),SICK,Direct Automation Europe,SN-FAKE-SICK-0067,,,,"{""CostInHUF"": 1250000, ""Status"": ""InStorage"", ""WarehouseLocation"": ""Warehouse Aisle D \u2013 Shelf 4-3"", ""InspectionDate"": ""2026-09-01T00:00:00Z"", ""CalibrationValidUntil"": ""2027-09-01T00:00:00Z"", ""AssetClass"": ""High-Value Serialized Spare""}",,org-maintenance,Warehouse Aisle D – Shelf 4-3,InStorage,,,,False,Assembly,,
HardwareComponent,SPARE-SEW-MOVIPRO-0068,Synthetic SEW Eurodrive MOVIPRO Decentralized Inverter #068,Plant Maintenance (Synthetic AI Guild),SEW Eurodrive,Direct Automation Europe,SN-FAKE-SEW -0068,,,,"{""CostInHUF"": 1600000, ""Status"": ""InStorage"", ""WarehouseLocation"": ""Warehouse Aisle E \u2013 Shelf 5-4"", ""InspectionDate"": ""2026-09-01T00:00:00Z"", ""CalibrationValidUntil"": ""2027-09-01T00:00:00Z"", ""AssetClass"": ""High-Value Serialized Spare""}",,org-maintenance,Warehouse Aisle E – Shelf 5-4,InStorage,,,,False,Assembly,,
HardwareComponent,SPARE-BALL-RFID-RWD-0069,Synthetic Balluff BIS-M 13.56MHz High-Temp RFID Reader #069,Plant Maintenance (Synthetic AI Guild),Balluff,Direct Automation Europe,SN-FAKE-BALL-0069,,,,"{""CostInHUF"": 480000, ""Status"": ""InStorage"", ""WarehouseLocation"": ""Warehouse Aisle F \u2013 Shelf 6-5"", ""InspectionDate"": ""2026-09-01T00:00:00Z"", ""CalibrationValidUntil"": ""2027-09-01T00:00:00Z"", ""AssetClass"": ""High-Value Serialized Spare""}",,org-maintenance,Warehouse Aisle F – Shelf 6-5,InStorage,,,,False,Test,,
HardwareComponent,SPARE-TRUMPF-OPTIC-0070,Synthetic Trumpf BEO D70 Laser Seam Optical Focus Head #070,Plant Maintenance (Synthetic AI Guild),Trumpf,Direct Automation Europe,SN-FAKE-TRUM-0070,,,,"{""CostInHUF"": 4500000, ""Status"": ""InStorage"", ""WarehouseLocation"": ""Warehouse Aisle G \u2013 Shelf 7-1"", ""InspectionDate"": ""2026-09-01T00:00:00Z"", ""CalibrationValidUntil"": ""2027-09-01T00:00:00Z"", ""AssetClass"": ""High-Value Serialized Spare""}",,org-maintenance,Warehouse Aisle G – Shelf 7-1,InStorage,,,,False,Welding,,
HardwareComponent,SPARE-TOX-E-PRESS-0071,Synthetic TOX ElectricDrive 50kN Servo Press Drive #071,Plant Maintenance (Synthetic AI Guild),TOX Pressotechnik,Direct Automation Europe,SN-FAKE-TOX -0071,,,,"{""CostInHUF"": 4800000, ""Status"": ""InStorage"", ""WarehouseLocation"": ""Warehouse Aisle A \u2013 Shelf 8-2"", ""InspectionDate"": ""2026-09-01T00:00:00Z"", ""CalibrationValidUntil"": ""2027-09-01T00:00:00Z"", ""AssetClass"": ""High-Value Serialized Spare""}",,org-maintenance,Warehouse Aisle A – Shelf 8-2,InStorage,,,,False,Fastening,,
HardwareComponent,SPARE-HIRS-BOBCAT-0072,Synthetic Hirschmann BRS20 Industrial Managed Switch #072,Plant Maintenance (Synthetic AI Guild),Hirschmann,Direct Automation Europe,SN-FAKE-HIRS-0072,,,,"{""CostInHUF"": 720000, ""Status"": ""InStorage"", ""WarehouseLocation"": ""Warehouse Aisle B \u2013 Shelf 1-3"", ""InspectionDate"": ""2026-09-01T00:00:00Z"", ""CalibrationValidUntil"": ""2027-09-01T00:00:00Z"", ""AssetClass"": ""High-Value Serialized Spare""}",,org-maintenance,Warehouse Aisle B – Shelf 1-3,InStorage,,,,False,Platform Operations,,
HardwareComponent,SPARE-SIEM-S7-1500-0073,Synthetic Siemens S7-1500 CPU 1516-3 PN/DP (Spare) #073,Plant Maintenance (Synthetic AI Guild),Siemens,Direct Automation Europe,SN-FAKE-SIEM-0073,,,,"{""CostInHUF"": 2850000, ""Status"": ""InStorage"", ""WarehouseLocation"": ""Warehouse Aisle C \u2013 Shelf 2-4"", ""InspectionDate"": ""2026-09-01T00:00:00Z"", ""CalibrationValidUntil"": ""2027-09-01T00:00:00Z"", ""AssetClass"": ""High-Value Serialized Spare""}",,org-maintenance,Warehouse Aisle C – Shelf 2-4,InStorage,,,,False,Assembly,,
HardwareComponent,SPARE-BECK-AX5000-0074,Synthetic Beckhoff AX5000 Servo Drive 12A (Spare) #074,Plant Maintenance (Synthetic AI Guild),Beckhoff,Direct Automation Europe,SN-FAKE-BECK-0074,,,,"{""CostInHUF"": 1450000, ""Status"": ""InStorage"", ""WarehouseLocation"": ""Warehouse Aisle D \u2013 Shelf 3-5"", ""InspectionDate"": ""2026-09-01T00:00:00Z"", ""CalibrationValidUntil"": ""2027-09-01T00:00:00Z"", ""AssetClass"": ""High-Value Serialized Spare""}",,org-maintenance,Warehouse Aisle D – Shelf 3-5,InStorage,,,,False,Robotics,,
HardwareComponent,SPARE-COGN-IN9912-0075,Synthetic Cognex In-Sight 9912 12MP Inspection Camera #075,Plant Maintenance (Synthetic AI Guild),Cognex,Direct Automation Europe,SN-FAKE-COGN-0075,,,,"{""CostInHUF"": 2200000, ""Status"": ""InStorage"", ""WarehouseLocation"": ""Warehouse Aisle E \u2013 Shelf 4-1"", ""InspectionDate"": ""2026-09-01T00:00:00Z"", ""CalibrationValidUntil"": ""2027-09-01T00:00:00Z"", ""AssetClass"": ""High-Value Serialized Spare""}",,org-maintenance,Warehouse Aisle E – Shelf 4-1,InStorage,,,,False,Test,,
HardwareComponent,SPARE-KUKA-KRC4-PC-0076,Synthetic KUKA KRC4 Industrial Robot Controller PC #076,Plant Maintenance (Synthetic AI Guild),KUKA,Direct Automation Europe,SN-FAKE-KUKA-0076,,,,"{""CostInHUF"": 3900000, ""Status"": ""InStorage"", ""WarehouseLocation"": ""Warehouse Aisle F \u2013 Shelf 5-2"", ""InspectionDate"": ""2026-09-01T00:00:00Z"", ""CalibrationValidUntil"": ""2027-09-01T00:00:00Z"", ""AssetClass"": ""High-Value Serialized Spare""}",,org-maintenance,Warehouse Aisle F – Shelf 5-2,InStorage,,,,False,Robotics,,
HardwareComponent,SPARE-FEST-VTUG-16-0077,Synthetic Festo VTUG Valve Terminal 16-Valve Multi #077,Plant Maintenance (Synthetic AI Guild),Festo,Direct Automation Europe,SN-FAKE-FEST-0077,,,,"{""CostInHUF"": 850000, ""Status"": ""InStorage"", ""WarehouseLocation"": ""Warehouse Aisle G \u2013 Shelf 6-3"", ""InspectionDate"": ""2026-09-01T00:00:00Z"", ""CalibrationValidUntil"": ""2027-09-01T00:00:00Z"", ""AssetClass"": ""High-Value Serialized Spare""}",,org-maintenance,Warehouse Aisle G – Shelf 6-3,InStorage,,,,False,Assembly,,
HardwareComponent,SPARE-ATLAS-STR-61-0078,Synthetic Atlas Copco Tensor STR-61 Tightening Spindle #078,Plant Maintenance (Synthetic AI Guild),Atlas Copco,Direct Automation Europe,SN-FAKE-ATLA-0078,,,,"{""CostInHUF"": 3100000, ""Status"": ""InStorage"", ""WarehouseLocation"": ""Warehouse Aisle A \u2013 Shelf 7-4"", ""InspectionDate"": ""2026-09-01T00:00:00Z"", ""CalibrationValidUntil"": ""2027-09-01T00:00:00Z"", ""AssetClass"": ""High-Value Serialized Spare""}",,org-maintenance,Warehouse Aisle A – Shelf 7-4,InStorage,,,,False,Fastening,,
HardwareComponent,SPARE-SICK-MICROSCAN-0079,Synthetic SICK microScan3 Core Safety Laser Scanner #079,Plant Maintenance (Synthetic AI Guild),SICK,Direct Automation Europe,SN-FAKE-SICK-0079,,,,"{""CostInHUF"": 1250000, ""Status"": ""InStorage"", ""WarehouseLocation"": ""Warehouse Aisle B \u2013 Shelf 8-5"", ""InspectionDate"": ""2026-09-01T00:00:00Z"", ""CalibrationValidUntil"": ""2027-09-01T00:00:00Z"", ""AssetClass"": ""High-Value Serialized Spare""}",,org-maintenance,Warehouse Aisle B – Shelf 8-5,InStorage,,,,False,Assembly,,
HardwareComponent,SPARE-SEW-MOVIPRO-0080,Synthetic SEW Eurodrive MOVIPRO Decentralized Inverter #080,Plant Maintenance (Synthetic AI Guild),SEW Eurodrive,Direct Automation Europe,SN-FAKE-SEW -0080,,,,"{""CostInHUF"": 1600000, ""Status"": ""InStorage"", ""WarehouseLocation"": ""Warehouse Aisle C \u2013 Shelf 1-1"", ""InspectionDate"": ""2026-09-01T00:00:00Z"", ""CalibrationValidUntil"": ""2027-09-01T00:00:00Z"", ""AssetClass"": ""High-Value Serialized Spare""}",,org-maintenance,Warehouse Aisle C – Shelf 1-1,InStorage,,,,False,Assembly,,
HardwareComponent,SPARE-BALL-RFID-RWD-0081,Synthetic Balluff BIS-M 13.56MHz High-Temp RFID Reader #081,Plant Maintenance (Synthetic AI Guild),Balluff,Direct Automation Europe,SN-FAKE-BALL-0081,,,,"{""CostInHUF"": 480000, ""Status"": ""InStorage"", ""WarehouseLocation"": ""Warehouse Aisle D \u2013 Shelf 2-2"", ""InspectionDate"": ""2026-09-01T00:00:00Z"", ""CalibrationValidUntil"": ""2027-09-01T00:00:00Z"", ""AssetClass"": ""High-Value Serialized Spare""}",,org-maintenance,Warehouse Aisle D – Shelf 2-2,InStorage,,,,False,Test,,
HardwareComponent,SPARE-TRUMPF-OPTIC-0082,Synthetic Trumpf BEO D70 Laser Seam Optical Focus Head #082,Plant Maintenance (Synthetic AI Guild),Trumpf,Direct Automation Europe,SN-FAKE-TRUM-0082,,,,"{""CostInHUF"": 4500000, ""Status"": ""InStorage"", ""WarehouseLocation"": ""Warehouse Aisle E \u2013 Shelf 3-3"", ""InspectionDate"": ""2026-09-01T00:00:00Z"", ""CalibrationValidUntil"": ""2027-09-01T00:00:00Z"", ""AssetClass"": ""High-Value Serialized Spare""}",,org-maintenance,Warehouse Aisle E – Shelf 3-3,InStorage,,,,False,Welding,,
HardwareComponent,SPARE-TOX-E-PRESS-0083,Synthetic TOX ElectricDrive 50kN Servo Press Drive #083,Plant Maintenance (Synthetic AI Guild),TOX Pressotechnik,Direct Automation Europe,SN-FAKE-TOX -0083,,,,"{""CostInHUF"": 4800000, ""Status"": ""InStorage"", ""WarehouseLocation"": ""Warehouse Aisle F \u2013 Shelf 4-4"", ""InspectionDate"": ""2026-09-01T00:00:00Z"", ""CalibrationValidUntil"": ""2027-09-01T00:00:00Z"", ""AssetClass"": ""High-Value Serialized Spare""}",,org-maintenance,Warehouse Aisle F – Shelf 4-4,InStorage,,,,False,Fastening,,
HardwareComponent,SPARE-HIRS-BOBCAT-0084,Synthetic Hirschmann BRS20 Industrial Managed Switch #084,Plant Maintenance (Synthetic AI Guild),Hirschmann,Direct Automation Europe,SN-FAKE-HIRS-0084,,,,"{""CostInHUF"": 720000, ""Status"": ""InStorage"", ""WarehouseLocation"": ""Warehouse Aisle G \u2013 Shelf 5-5"", ""InspectionDate"": ""2026-09-01T00:00:00Z"", ""CalibrationValidUntil"": ""2027-09-01T00:00:00Z"", ""AssetClass"": ""High-Value Serialized Spare""}",,org-maintenance,Warehouse Aisle G – Shelf 5-5,InStorage,,,,False,Platform Operations,,
HardwareComponent,SPARE-SIEM-S7-1500-0085,Synthetic Siemens S7-1500 CPU 1516-3 PN/DP (Spare) #085,Plant Maintenance (Synthetic AI Guild),Siemens,Direct Automation Europe,SN-FAKE-SIEM-0085,,,,"{""CostInHUF"": 2850000, ""Status"": ""InStorage"", ""WarehouseLocation"": ""Warehouse Aisle A \u2013 Shelf 6-1"", ""InspectionDate"": ""2026-09-01T00:00:00Z"", ""CalibrationValidUntil"": ""2027-09-01T00:00:00Z"", ""AssetClass"": ""High-Value Serialized Spare""}",,org-maintenance,Warehouse Aisle A – Shelf 6-1,InStorage,,,,False,Assembly,,
HardwareComponent,SPARE-BECK-AX5000-0086,Synthetic Beckhoff AX5000 Servo Drive 12A (Spare) #086,Plant Maintenance (Synthetic AI Guild),Beckhoff,Direct Automation Europe,SN-FAKE-BECK-0086,,,,"{""CostInHUF"": 1450000, ""Status"": ""InStorage"", ""WarehouseLocation"": ""Warehouse Aisle B \u2013 Shelf 7-2"", ""InspectionDate"": ""2026-09-01T00:00:00Z"", ""CalibrationValidUntil"": ""2027-09-01T00:00:00Z"", ""AssetClass"": ""High-Value Serialized Spare""}",,org-maintenance,Warehouse Aisle B – Shelf 7-2,InStorage,,,,False,Robotics,,
HardwareComponent,SPARE-COGN-IN9912-0087,Synthetic Cognex In-Sight 9912 12MP Inspection Camera #087,Plant Maintenance (Synthetic AI Guild),Cognex,Direct Automation Europe,SN-FAKE-COGN-0087,,,,"{""CostInHUF"": 2200000, ""Status"": ""InStorage"", ""WarehouseLocation"": ""Warehouse Aisle C \u2013 Shelf 8-3"", ""InspectionDate"": ""2026-09-01T00:00:00Z"", ""CalibrationValidUntil"": ""2027-09-01T00:00:00Z"", ""AssetClass"": ""High-Value Serialized Spare""}",,org-maintenance,Warehouse Aisle C – Shelf 8-3,InStorage,,,,False,Test,,
HardwareComponent,SPARE-KUKA-KRC4-PC-0088,Synthetic KUKA KRC4 Industrial Robot Controller PC #088,Plant Maintenance (Synthetic AI Guild),KUKA,Direct Automation Europe,SN-FAKE-KUKA-0088,,,,"{""CostInHUF"": 3900000, ""Status"": ""InStorage"", ""WarehouseLocation"": ""Warehouse Aisle D \u2013 Shelf 1-4"", ""InspectionDate"": ""2026-09-01T00:00:00Z"", ""CalibrationValidUntil"": ""2027-09-01T00:00:00Z"", ""AssetClass"": ""High-Value Serialized Spare""}",,org-maintenance,Warehouse Aisle D – Shelf 1-4,InStorage,,,,False,Robotics,,
HardwareComponent,SPARE-FEST-VTUG-16-0089,Synthetic Festo VTUG Valve Terminal 16-Valve Multi #089,Plant Maintenance (Synthetic AI Guild),Festo,Direct Automation Europe,SN-FAKE-FEST-0089,,,,"{""CostInHUF"": 850000, ""Status"": ""InStorage"", ""WarehouseLocation"": ""Warehouse Aisle E \u2013 Shelf 2-5"", ""InspectionDate"": ""2026-09-01T00:00:00Z"", ""CalibrationValidUntil"": ""2027-09-01T00:00:00Z"", ""AssetClass"": ""High-Value Serialized Spare""}",,org-maintenance,Warehouse Aisle E – Shelf 2-5,InStorage,,,,False,Assembly,,
HardwareComponent,SPARE-ATLAS-STR-61-0090,Synthetic Atlas Copco Tensor STR-61 Tightening Spindle #090,Plant Maintenance (Synthetic AI Guild),Atlas Copco,Direct Automation Europe,SN-FAKE-ATLA-0090,,,,"{""CostInHUF"": 3100000, ""Status"": ""InStorage"", ""WarehouseLocation"": ""Warehouse Aisle F \u2013 Shelf 3-1"", ""InspectionDate"": ""2026-09-01T00:00:00Z"", ""CalibrationValidUntil"": ""2027-09-01T00:00:00Z"", ""AssetClass"": ""High-Value Serialized Spare""}",,org-maintenance,Warehouse Aisle F – Shelf 3-1,InStorage,,,,False,Fastening,,
HardwareComponent,SPARE-SICK-MICROSCAN-0091,Synthetic SICK microScan3 Core Safety Laser Scanner #091,Plant Maintenance (Synthetic AI Guild),SICK,Direct Automation Europe,SN-FAKE-SICK-0091,,,,"{""CostInHUF"": 1250000, ""Status"": ""InStorage"", ""WarehouseLocation"": ""Warehouse Aisle G \u2013 Shelf 4-2"", ""InspectionDate"": ""2026-09-01T00:00:00Z"", ""CalibrationValidUntil"": ""2027-09-01T00:00:00Z"", ""AssetClass"": ""High-Value Serialized Spare""}",,org-maintenance,Warehouse Aisle G – Shelf 4-2,InStorage,,,,False,Assembly,,
HardwareComponent,SPARE-SEW-MOVIPRO-0092,Synthetic SEW Eurodrive MOVIPRO Decentralized Inverter #092,Plant Maintenance (Synthetic AI Guild),SEW Eurodrive,Direct Automation Europe,SN-FAKE-SEW -0092,,,,"{""CostInHUF"": 1600000, ""Status"": ""InStorage"", ""WarehouseLocation"": ""Warehouse Aisle A \u2013 Shelf 5-3"", ""InspectionDate"": ""2026-09-01T00:00:00Z"", ""CalibrationValidUntil"": ""2027-09-01T00:00:00Z"", ""AssetClass"": ""High-Value Serialized Spare""}",,org-maintenance,Warehouse Aisle A – Shelf 5-3,InStorage,,,,False,Assembly,,
HardwareComponent,SPARE-BALL-RFID-RWD-0093,Synthetic Balluff BIS-M 13.56MHz High-Temp RFID Reader #093,Plant Maintenance (Synthetic AI Guild),Balluff,Direct Automation Europe,SN-FAKE-BALL-0093,,,,"{""CostInHUF"": 480000, ""Status"": ""InStorage"", ""WarehouseLocation"": ""Warehouse Aisle B \u2013 Shelf 6-4"", ""InspectionDate"": ""2026-09-01T00:00:00Z"", ""CalibrationValidUntil"": ""2027-09-01T00:00:00Z"", ""AssetClass"": ""High-Value Serialized Spare""}",,org-maintenance,Warehouse Aisle B – Shelf 6-4,InStorage,,,,False,Test,,
HardwareComponent,SPARE-TRUMPF-OPTIC-0094,Synthetic Trumpf BEO D70 Laser Seam Optical Focus Head #094,Plant Maintenance (Synthetic AI Guild),Trumpf,Direct Automation Europe,SN-FAKE-TRUM-0094,,,,"{""CostInHUF"": 4500000, ""Status"": ""InStorage"", ""WarehouseLocation"": ""Warehouse Aisle C \u2013 Shelf 7-5"", ""InspectionDate"": ""2026-09-01T00:00:00Z"", ""CalibrationValidUntil"": ""2027-09-01T00:00:00Z"", ""AssetClass"": ""High-Value Serialized Spare""}",,org-maintenance,Warehouse Aisle C – Shelf 7-5,InStorage,,,,False,Welding,,
HardwareComponent,SPARE-TOX-E-PRESS-0095,Synthetic TOX ElectricDrive 50kN Servo Press Drive #095,Plant Maintenance (Synthetic AI Guild),TOX Pressotechnik,Direct Automation Europe,SN-FAKE-TOX -0095,,,,"{""CostInHUF"": 4800000, ""Status"": ""InStorage"", ""WarehouseLocation"": ""Warehouse Aisle D \u2013 Shelf 8-1"", ""InspectionDate"": ""2026-09-01T00:00:00Z"", ""CalibrationValidUntil"": ""2027-09-01T00:00:00Z"", ""AssetClass"": ""High-Value Serialized Spare""}",,org-maintenance,Warehouse Aisle D – Shelf 8-1,InStorage,,,,False,Fastening,,
HardwareComponent,SPARE-HIRS-BOBCAT-0096,Synthetic Hirschmann BRS20 Industrial Managed Switch #096,Plant Maintenance (Synthetic AI Guild),Hirschmann,Direct Automation Europe,SN-FAKE-HIRS-0096,,,,"{""CostInHUF"": 720000, ""Status"": ""InStorage"", ""WarehouseLocation"": ""Warehouse Aisle E \u2013 Shelf 1-2"", ""InspectionDate"": ""2026-09-01T00:00:00Z"", ""CalibrationValidUntil"": ""2027-09-01T00:00:00Z"", ""AssetClass"": ""High-Value Serialized Spare""}",,org-maintenance,Warehouse Aisle E – Shelf 1-2,InStorage,,,,False,Platform Operations,,
HardwareComponent,SPARE-SIEM-S7-1500-0097,Synthetic Siemens S7-1500 CPU 1516-3 PN/DP (Spare) #097,Plant Maintenance (Synthetic AI Guild),Siemens,Direct Automation Europe,SN-FAKE-SIEM-0097,,,,"{""CostInHUF"": 2850000, ""Status"": ""InStorage"", ""WarehouseLocation"": ""Warehouse Aisle F \u2013 Shelf 2-3"", ""InspectionDate"": ""2026-09-01T00:00:00Z"", ""CalibrationValidUntil"": ""2027-09-01T00:00:00Z"", ""AssetClass"": ""High-Value Serialized Spare""}",,org-maintenance,Warehouse Aisle F – Shelf 2-3,InStorage,,,,False,Assembly,,
HardwareComponent,SPARE-BECK-AX5000-0098,Synthetic Beckhoff AX5000 Servo Drive 12A (Spare) #098,Plant Maintenance (Synthetic AI Guild),Beckhoff,Direct Automation Europe,SN-FAKE-BECK-0098,,,,"{""CostInHUF"": 1450000, ""Status"": ""InStorage"", ""WarehouseLocation"": ""Warehouse Aisle G \u2013 Shelf 3-4"", ""InspectionDate"": ""2026-09-01T00:00:00Z"", ""CalibrationValidUntil"": ""2027-09-01T00:00:00Z"", ""AssetClass"": ""High-Value Serialized Spare""}",,org-maintenance,Warehouse Aisle G – Shelf 3-4,InStorage,,,,False,Robotics,,
HardwareComponent,SPARE-COGN-IN9912-0099,Synthetic Cognex In-Sight 9912 12MP Inspection Camera #099,Plant Maintenance (Synthetic AI Guild),Cognex,Direct Automation Europe,SN-FAKE-COGN-0099,,,,"{""CostInHUF"": 2200000, ""Status"": ""InStorage"", ""WarehouseLocation"": ""Warehouse Aisle A \u2013 Shelf 4-5"", ""InspectionDate"": ""2026-09-01T00:00:00Z"", ""CalibrationValidUntil"": ""2027-09-01T00:00:00Z"", ""AssetClass"": ""High-Value Serialized Spare""}",,org-maintenance,Warehouse Aisle A – Shelf 4-5,InStorage,,,,False,Test,,
HardwareComponent,SPARE-KUKA-KRC4-PC-0100,Synthetic KUKA KRC4 Industrial Robot Controller PC #100,Plant Maintenance (Synthetic AI Guild),KUKA,Direct Automation Europe,SN-FAKE-KUKA-0100,,,,"{""CostInHUF"": 3900000, ""Status"": ""InStorage"", ""WarehouseLocation"": ""Warehouse Aisle B \u2013 Shelf 5-1"", ""InspectionDate"": ""2026-09-01T00:00:00Z"", ""CalibrationValidUntil"": ""2027-09-01T00:00:00Z"", ""AssetClass"": ""High-Value Serialized Spare""}",,org-maintenance,Warehouse Aisle B – Shelf 5-1,InStorage,,,,False,Robotics,,
HardwareComponent,SPARE-FEST-VTUG-16-0101,Synthetic Festo VTUG Valve Terminal 16-Valve Multi #101,Plant Maintenance (Synthetic AI Guild),Festo,Direct Automation Europe,SN-FAKE-FEST-0101,,,,"{""CostInHUF"": 850000, ""Status"": ""InStorage"", ""WarehouseLocation"": ""Warehouse Aisle C \u2013 Shelf 6-2"", ""InspectionDate"": ""2026-09-01T00:00:00Z"", ""CalibrationValidUntil"": ""2027-09-01T00:00:00Z"", ""AssetClass"": ""High-Value Serialized Spare""}",,org-maintenance,Warehouse Aisle C – Shelf 6-2,InStorage,,,,False,Assembly,,
HardwareComponent,SPARE-ATLAS-STR-61-0102,Synthetic Atlas Copco Tensor STR-61 Tightening Spindle #102,Plant Maintenance (Synthetic AI Guild),Atlas Copco,Direct Automation Europe,SN-FAKE-ATLA-0102,,,,"{""CostInHUF"": 3100000, ""Status"": ""InStorage"", ""WarehouseLocation"": ""Warehouse Aisle D \u2013 Shelf 7-3"", ""InspectionDate"": ""2026-09-01T00:00:00Z"", ""CalibrationValidUntil"": ""2027-09-01T00:00:00Z"", ""AssetClass"": ""High-Value Serialized Spare""}",,org-maintenance,Warehouse Aisle D – Shelf 7-3,InStorage,,,,False,Fastening,,
HardwareComponent,SPARE-SICK-MICROSCAN-0103,Synthetic SICK microScan3 Core Safety Laser Scanner #103,Plant Maintenance (Synthetic AI Guild),SICK,Direct Automation Europe,SN-FAKE-SICK-0103,,,,"{""CostInHUF"": 1250000, ""Status"": ""InStorage"", ""WarehouseLocation"": ""Warehouse Aisle E \u2013 Shelf 8-4"", ""InspectionDate"": ""2026-09-01T00:00:00Z"", ""CalibrationValidUntil"": ""2027-09-01T00:00:00Z"", ""AssetClass"": ""High-Value Serialized Spare""}",,org-maintenance,Warehouse Aisle E – Shelf 8-4,InStorage,,,,False,Assembly,,
HardwareComponent,SPARE-SEW-MOVIPRO-0104,Synthetic SEW Eurodrive MOVIPRO Decentralized Inverter #104,Plant Maintenance (Synthetic AI Guild),SEW Eurodrive,Direct Automation Europe,SN-FAKE-SEW -0104,,,,"{""CostInHUF"": 1600000, ""Status"": ""InStorage"", ""WarehouseLocation"": ""Warehouse Aisle F \u2013 Shelf 1-5"", ""InspectionDate"": ""2026-09-01T00:00:00Z"", ""CalibrationValidUntil"": ""2027-09-01T00:00:00Z"", ""AssetClass"": ""High-Value Serialized Spare""}",,org-maintenance,Warehouse Aisle F – Shelf 1-5,InStorage,,,,False,Assembly,,
HardwareComponent,SPARE-BALL-RFID-RWD-0105,Synthetic Balluff BIS-M 13.56MHz High-Temp RFID Reader #105,Plant Maintenance (Synthetic AI Guild),Balluff,Direct Automation Europe,SN-FAKE-BALL-0105,,,,"{""CostInHUF"": 480000, ""Status"": ""InStorage"", ""WarehouseLocation"": ""Warehouse Aisle G \u2013 Shelf 2-1"", ""InspectionDate"": ""2026-09-01T00:00:00Z"", ""CalibrationValidUntil"": ""2027-09-01T00:00:00Z"", ""AssetClass"": ""High-Value Serialized Spare""}",,org-maintenance,Warehouse Aisle G – Shelf 2-1,InStorage,,,,False,Test,,
HardwareComponent,SPARE-TRUMPF-OPTIC-0106,Synthetic Trumpf BEO D70 Laser Seam Optical Focus Head #106,Plant Maintenance (Synthetic AI Guild),Trumpf,Direct Automation Europe,SN-FAKE-TRUM-0106,,,,"{""CostInHUF"": 4500000, ""Status"": ""InStorage"", ""WarehouseLocation"": ""Warehouse Aisle A \u2013 Shelf 3-2"", ""InspectionDate"": ""2026-09-01T00:00:00Z"", ""CalibrationValidUntil"": ""2027-09-01T00:00:00Z"", ""AssetClass"": ""High-Value Serialized Spare""}",,org-maintenance,Warehouse Aisle A – Shelf 3-2,InStorage,,,,False,Welding,,
HardwareComponent,SPARE-TOX-E-PRESS-0107,Synthetic TOX ElectricDrive 50kN Servo Press Drive #107,Plant Maintenance (Synthetic AI Guild),TOX Pressotechnik,Direct Automation Europe,SN-FAKE-TOX -0107,,,,"{""CostInHUF"": 4800000, ""Status"": ""InStorage"", ""WarehouseLocation"": ""Warehouse Aisle B \u2013 Shelf 4-3"", ""InspectionDate"": ""2026-09-01T00:00:00Z"", ""CalibrationValidUntil"": ""2027-09-01T00:00:00Z"", ""AssetClass"": ""High-Value Serialized Spare""}",,org-maintenance,Warehouse Aisle B – Shelf 4-3,InStorage,,,,False,Fastening,,
HardwareComponent,SPARE-HIRS-BOBCAT-0108,Synthetic Hirschmann BRS20 Industrial Managed Switch #108,Plant Maintenance (Synthetic AI Guild),Hirschmann,Direct Automation Europe,SN-FAKE-HIRS-0108,,,,"{""CostInHUF"": 720000, ""Status"": ""InStorage"", ""WarehouseLocation"": ""Warehouse Aisle C \u2013 Shelf 5-4"", ""InspectionDate"": ""2026-09-01T00:00:00Z"", ""CalibrationValidUntil"": ""2027-09-01T00:00:00Z"", ""AssetClass"": ""High-Value Serialized Spare""}",,org-maintenance,Warehouse Aisle C – Shelf 5-4,InStorage,,,,False,Platform Operations,,
HardwareComponent,SPARE-SIEM-S7-1500-0109,Synthetic Siemens S7-1500 CPU 1516-3 PN/DP (Spare) #109,Plant Maintenance (Synthetic AI Guild),Siemens,Direct Automation Europe,SN-FAKE-SIEM-0109,,,,"{""CostInHUF"": 2850000, ""Status"": ""InStorage"", ""WarehouseLocation"": ""Warehouse Aisle D \u2013 Shelf 6-5"", ""InspectionDate"": ""2026-09-01T00:00:00Z"", ""CalibrationValidUntil"": ""2027-09-01T00:00:00Z"", ""AssetClass"": ""High-Value Serialized Spare""}",,org-maintenance,Warehouse Aisle D – Shelf 6-5,InStorage,,,,False,Assembly,,
HardwareComponent,SPARE-BECK-AX5000-0110,Synthetic Beckhoff AX5000 Servo Drive 12A (Spare) #110,Plant Maintenance (Synthetic AI Guild),Beckhoff,Direct Automation Europe,SN-FAKE-BECK-0110,,,,"{""CostInHUF"": 1450000, ""Status"": ""InStorage"", ""WarehouseLocation"": ""Warehouse Aisle E \u2013 Shelf 7-1"", ""InspectionDate"": ""2026-09-01T00:00:00Z"", ""CalibrationValidUntil"": ""2027-09-01T00:00:00Z"", ""AssetClass"": ""High-Value Serialized Spare""}",,org-maintenance,Warehouse Aisle E – Shelf 7-1,InStorage,,,,False,Robotics,,
HardwareComponent,SPARE-COGN-IN9912-0111,Synthetic Cognex In-Sight 9912 12MP Inspection Camera #111,Plant Maintenance (Synthetic AI Guild),Cognex,Direct Automation Europe,SN-FAKE-COGN-0111,,,,"{""CostInHUF"": 2200000, ""Status"": ""InStorage"", ""WarehouseLocation"": ""Warehouse Aisle F \u2013 Shelf 8-2"", ""InspectionDate"": ""2026-09-01T00:00:00Z"", ""CalibrationValidUntil"": ""2027-09-01T00:00:00Z"", ""AssetClass"": ""High-Value Serialized Spare""}",,org-maintenance,Warehouse Aisle F – Shelf 8-2,InStorage,,,,False,Test,,
HardwareComponent,SPARE-KUKA-KRC4-PC-0112,Synthetic KUKA KRC4 Industrial Robot Controller PC #112,Plant Maintenance (Synthetic AI Guild),KUKA,Direct Automation Europe,SN-FAKE-KUKA-0112,,,,"{""CostInHUF"": 3900000, ""Status"": ""InStorage"", ""WarehouseLocation"": ""Warehouse Aisle G \u2013 Shelf 1-3"", ""InspectionDate"": ""2026-09-01T00:00:00Z"", ""CalibrationValidUntil"": ""2027-09-01T00:00:00Z"", ""AssetClass"": ""High-Value Serialized Spare""}",,org-maintenance,Warehouse Aisle G – Shelf 1-3,InStorage,,,,False,Robotics,,
HardwareComponent,SPARE-FEST-VTUG-16-0113,Synthetic Festo VTUG Valve Terminal 16-Valve Multi #113,Plant Maintenance (Synthetic AI Guild),Festo,Direct Automation Europe,SN-FAKE-FEST-0113,,,,"{""CostInHUF"": 850000, ""Status"": ""InStorage"", ""WarehouseLocation"": ""Warehouse Aisle A \u2013 Shelf 2-4"", ""InspectionDate"": ""2026-09-01T00:00:00Z"", ""CalibrationValidUntil"": ""2027-09-01T00:00:00Z"", ""AssetClass"": ""High-Value Serialized Spare""}",,org-maintenance,Warehouse Aisle A – Shelf 2-4,InStorage,,,,False,Assembly,,
HardwareComponent,SPARE-ATLAS-STR-61-0114,Synthetic Atlas Copco Tensor STR-61 Tightening Spindle #114,Plant Maintenance (Synthetic AI Guild),Atlas Copco,Direct Automation Europe,SN-FAKE-ATLA-0114,,,,"{""CostInHUF"": 3100000, ""Status"": ""InStorage"", ""WarehouseLocation"": ""Warehouse Aisle B \u2013 Shelf 3-5"", ""InspectionDate"": ""2026-09-01T00:00:00Z"", ""CalibrationValidUntil"": ""2027-09-01T00:00:00Z"", ""AssetClass"": ""High-Value Serialized Spare""}",,org-maintenance,Warehouse Aisle B – Shelf 3-5,InStorage,,,,False,Fastening,,
HardwareComponent,SPARE-SICK-MICROSCAN-0115,Synthetic SICK microScan3 Core Safety Laser Scanner #115,Plant Maintenance (Synthetic AI Guild),SICK,Direct Automation Europe,SN-FAKE-SICK-0115,,,,"{""CostInHUF"": 1250000, ""Status"": ""InStorage"", ""WarehouseLocation"": ""Warehouse Aisle C \u2013 Shelf 4-1"", ""InspectionDate"": ""2026-09-01T00:00:00Z"", ""CalibrationValidUntil"": ""2027-09-01T00:00:00Z"", ""AssetClass"": ""High-Value Serialized Spare""}",,org-maintenance,Warehouse Aisle C – Shelf 4-1,InStorage,,,,False,Assembly,,
HardwareComponent,SPARE-SEW-MOVIPRO-0116,Synthetic SEW Eurodrive MOVIPRO Decentralized Inverter #116,Plant Maintenance (Synthetic AI Guild),SEW Eurodrive,Direct Automation Europe,SN-FAKE-SEW -0116,,,,"{""CostInHUF"": 1600000, ""Status"": ""InStorage"", ""WarehouseLocation"": ""Warehouse Aisle D \u2013 Shelf 5-2"", ""InspectionDate"": ""2026-09-01T00:00:00Z"", ""CalibrationValidUntil"": ""2027-09-01T00:00:00Z"", ""AssetClass"": ""High-Value Serialized Spare""}",,org-maintenance,Warehouse Aisle D – Shelf 5-2,InStorage,,,,False,Assembly,,
HardwareComponent,SPARE-BALL-RFID-RWD-0117,Synthetic Balluff BIS-M 13.56MHz High-Temp RFID Reader #117,Plant Maintenance (Synthetic AI Guild),Balluff,Direct Automation Europe,SN-FAKE-BALL-0117,,,,"{""CostInHUF"": 480000, ""Status"": ""InStorage"", ""WarehouseLocation"": ""Warehouse Aisle E \u2013 Shelf 6-3"", ""InspectionDate"": ""2026-09-01T00:00:00Z"", ""CalibrationValidUntil"": ""2027-09-01T00:00:00Z"", ""AssetClass"": ""High-Value Serialized Spare""}",,org-maintenance,Warehouse Aisle E – Shelf 6-3,InStorage,,,,False,Test,,
HardwareComponent,SPARE-TRUMPF-OPTIC-0118,Synthetic Trumpf BEO D70 Laser Seam Optical Focus Head #118,Plant Maintenance (Synthetic AI Guild),Trumpf,Direct Automation Europe,SN-FAKE-TRUM-0118,,,,"{""CostInHUF"": 4500000, ""Status"": ""InStorage"", ""WarehouseLocation"": ""Warehouse Aisle F \u2013 Shelf 7-4"", ""InspectionDate"": ""2026-09-01T00:00:00Z"", ""CalibrationValidUntil"": ""2027-09-01T00:00:00Z"", ""AssetClass"": ""High-Value Serialized Spare""}",,org-maintenance,Warehouse Aisle F – Shelf 7-4,InStorage,,,,False,Welding,,
HardwareComponent,SPARE-TOX-E-PRESS-0119,Synthetic TOX ElectricDrive 50kN Servo Press Drive #119,Plant Maintenance (Synthetic AI Guild),TOX Pressotechnik,Direct Automation Europe,SN-FAKE-TOX -0119,,,,"{""CostInHUF"": 4800000, ""Status"": ""InStorage"", ""WarehouseLocation"": ""Warehouse Aisle G \u2013 Shelf 8-5"", ""InspectionDate"": ""2026-09-01T00:00:00Z"", ""CalibrationValidUntil"": ""2027-09-01T00:00:00Z"", ""AssetClass"": ""High-Value Serialized Spare""}",,org-maintenance,Warehouse Aisle G – Shelf 8-5,InStorage,,,,False,Fastening,,
HardwareComponent,SPARE-HIRS-BOBCAT-0120,Synthetic Hirschmann BRS20 Industrial Managed Switch #120,Plant Maintenance (Synthetic AI Guild),Hirschmann,Direct Automation Europe,SN-FAKE-HIRS-0120,,,,"{""CostInHUF"": 720000, ""Status"": ""InStorage"", ""WarehouseLocation"": ""Warehouse Aisle A \u2013 Shelf 1-1"", ""InspectionDate"": ""2026-09-01T00:00:00Z"", ""CalibrationValidUntil"": ""2027-09-01T00:00:00Z"", ""AssetClass"": ""High-Value Serialized Spare""}",,org-maintenance,Warehouse Aisle A – Shelf 1-1,InStorage,,,,False,Platform Operations,,
HardwareComponent,SPARE-SIEM-S7-1500-0121,Synthetic Siemens S7-1500 CPU 1516-3 PN/DP (Spare) #121,Plant Maintenance (Synthetic AI Guild),Siemens,Direct Automation Europe,SN-FAKE-SIEM-0121,,,,"{""CostInHUF"": 2850000, ""Status"": ""InStorage"", ""WarehouseLocation"": ""Warehouse Aisle B \u2013 Shelf 2-2"", ""InspectionDate"": ""2026-09-01T00:00:00Z"", ""CalibrationValidUntil"": ""2027-09-01T00:00:00Z"", ""AssetClass"": ""High-Value Serialized Spare""}",,org-maintenance,Warehouse Aisle B – Shelf 2-2,InStorage,,,,False,Assembly,,
HardwareComponent,SPARE-BECK-AX5000-0122,Synthetic Beckhoff AX5000 Servo Drive 12A (Spare) #122,Plant Maintenance (Synthetic AI Guild),Beckhoff,Direct Automation Europe,SN-FAKE-BECK-0122,,,,"{""CostInHUF"": 1450000, ""Status"": ""InStorage"", ""WarehouseLocation"": ""Warehouse Aisle C \u2013 Shelf 3-3"", ""InspectionDate"": ""2026-09-01T00:00:00Z"", ""CalibrationValidUntil"": ""2027-09-01T00:00:00Z"", ""AssetClass"": ""High-Value Serialized Spare""}",,org-maintenance,Warehouse Aisle C – Shelf 3-3,InStorage,,,,False,Robotics,,
HardwareComponent,SPARE-COGN-IN9912-0123,Synthetic Cognex In-Sight 9912 12MP Inspection Camera #123,Plant Maintenance (Synthetic AI Guild),Cognex,Direct Automation Europe,SN-FAKE-COGN-0123,,,,"{""CostInHUF"": 2200000, ""Status"": ""InStorage"", ""WarehouseLocation"": ""Warehouse Aisle D \u2013 Shelf 4-4"", ""InspectionDate"": ""2026-09-01T00:00:00Z"", ""CalibrationValidUntil"": ""2027-09-01T00:00:00Z"", ""AssetClass"": ""High-Value Serialized Spare""}",,org-maintenance,Warehouse Aisle D – Shelf 4-4,InStorage,,,,False,Test,,
HardwareComponent,SPARE-KUKA-KRC4-PC-0124,Synthetic KUKA KRC4 Industrial Robot Controller PC #124,Plant Maintenance (Synthetic AI Guild),KUKA,Direct Automation Europe,SN-FAKE-KUKA-0124,,,,"{""CostInHUF"": 3900000, ""Status"": ""InStorage"", ""WarehouseLocation"": ""Warehouse Aisle E \u2013 Shelf 5-5"", ""InspectionDate"": ""2026-09-01T00:00:00Z"", ""CalibrationValidUntil"": ""2027-09-01T00:00:00Z"", ""AssetClass"": ""High-Value Serialized Spare""}",,org-maintenance,Warehouse Aisle E – Shelf 5-5,InStorage,,,,False,Robotics,,
HardwareComponent,SPARE-FEST-VTUG-16-0125,Synthetic Festo VTUG Valve Terminal 16-Valve Multi #125,Plant Maintenance (Synthetic AI Guild),Festo,Direct Automation Europe,SN-FAKE-FEST-0125,,,,"{""CostInHUF"": 850000, ""Status"": ""InStorage"", ""WarehouseLocation"": ""Warehouse Aisle F \u2013 Shelf 6-1"", ""InspectionDate"": ""2026-09-01T00:00:00Z"", ""CalibrationValidUntil"": ""2027-09-01T00:00:00Z"", ""AssetClass"": ""High-Value Serialized Spare""}",,org-maintenance,Warehouse Aisle F – Shelf 6-1,InStorage,,,,False,Assembly,,
HardwareComponent,SPARE-ATLAS-STR-61-0126,Synthetic Atlas Copco Tensor STR-61 Tightening Spindle #126,Plant Maintenance (Synthetic AI Guild),Atlas Copco,Direct Automation Europe,SN-FAKE-ATLA-0126,,,,"{""CostInHUF"": 3100000, ""Status"": ""InStorage"", ""WarehouseLocation"": ""Warehouse Aisle G \u2013 Shelf 7-2"", ""InspectionDate"": ""2026-09-01T00:00:00Z"", ""CalibrationValidUntil"": ""2027-09-01T00:00:00Z"", ""AssetClass"": ""High-Value Serialized Spare""}",,org-maintenance,Warehouse Aisle G – Shelf 7-2,InStorage,,,,False,Fastening,,
HardwareComponent,SPARE-SICK-MICROSCAN-0127,Synthetic SICK microScan3 Core Safety Laser Scanner #127,Plant Maintenance (Synthetic AI Guild),SICK,Direct Automation Europe,SN-FAKE-SICK-0127,,,,"{""CostInHUF"": 1250000, ""Status"": ""InStorage"", ""WarehouseLocation"": ""Warehouse Aisle A \u2013 Shelf 8-3"", ""InspectionDate"": ""2026-09-01T00:00:00Z"", ""CalibrationValidUntil"": ""2027-09-01T00:00:00Z"", ""AssetClass"": ""High-Value Serialized Spare""}",,org-maintenance,Warehouse Aisle A – Shelf 8-3,InStorage,,,,False,Assembly,,
HardwareComponent,SPARE-SEW-MOVIPRO-0128,Synthetic SEW Eurodrive MOVIPRO Decentralized Inverter #128,Plant Maintenance (Synthetic AI Guild),SEW Eurodrive,Direct Automation Europe,SN-FAKE-SEW -0128,,,,"{""CostInHUF"": 1600000, ""Status"": ""InStorage"", ""WarehouseLocation"": ""Warehouse Aisle B \u2013 Shelf 1-4"", ""InspectionDate"": ""2026-09-01T00:00:00Z"", ""CalibrationValidUntil"": ""2027-09-01T00:00:00Z"", ""AssetClass"": ""High-Value Serialized Spare""}",,org-maintenance,Warehouse Aisle B – Shelf 1-4,InStorage,,,,False,Assembly,,
HardwareComponent,SPARE-BALL-RFID-RWD-0129,Synthetic Balluff BIS-M 13.56MHz High-Temp RFID Reader #129,Plant Maintenance (Synthetic AI Guild),Balluff,Direct Automation Europe,SN-FAKE-BALL-0129,,,,"{""CostInHUF"": 480000, ""Status"": ""InStorage"", ""WarehouseLocation"": ""Warehouse Aisle C \u2013 Shelf 2-5"", ""InspectionDate"": ""2026-09-01T00:00:00Z"", ""CalibrationValidUntil"": ""2027-09-01T00:00:00Z"", ""AssetClass"": ""High-Value Serialized Spare""}",,org-maintenance,Warehouse Aisle C – Shelf 2-5,InStorage,,,,False,Test,,
HardwareComponent,SPARE-TRUMPF-OPTIC-0130,Synthetic Trumpf BEO D70 Laser Seam Optical Focus Head #130,Plant Maintenance (Synthetic AI Guild),Trumpf,Direct Automation Europe,SN-FAKE-TRUM-0130,,,,"{""CostInHUF"": 4500000, ""Status"": ""InStorage"", ""WarehouseLocation"": ""Warehouse Aisle D \u2013 Shelf 3-1"", ""InspectionDate"": ""2026-09-01T00:00:00Z"", ""CalibrationValidUntil"": ""2027-09-01T00:00:00Z"", ""AssetClass"": ""High-Value Serialized Spare""}",,org-maintenance,Warehouse Aisle D – Shelf 3-1,InStorage,,,,False,Welding,,
HardwareComponent,SPARE-TOX-E-PRESS-0131,Synthetic TOX ElectricDrive 50kN Servo Press Drive #131,Plant Maintenance (Synthetic AI Guild),TOX Pressotechnik,Direct Automation Europe,SN-FAKE-TOX -0131,,,,"{""CostInHUF"": 4800000, ""Status"": ""InStorage"", ""WarehouseLocation"": ""Warehouse Aisle E \u2013 Shelf 4-2"", ""InspectionDate"": ""2026-09-01T00:00:00Z"", ""CalibrationValidUntil"": ""2027-09-01T00:00:00Z"", ""AssetClass"": ""High-Value Serialized Spare""}",,org-maintenance,Warehouse Aisle E – Shelf 4-2,InStorage,,,,False,Fastening,,
HardwareComponent,SPARE-HIRS-BOBCAT-0132,Synthetic Hirschmann BRS20 Industrial Managed Switch #132,Plant Maintenance (Synthetic AI Guild),Hirschmann,Direct Automation Europe,SN-FAKE-HIRS-0132,,,,"{""CostInHUF"": 720000, ""Status"": ""InStorage"", ""WarehouseLocation"": ""Warehouse Aisle F \u2013 Shelf 5-3"", ""InspectionDate"": ""2026-09-01T00:00:00Z"", ""CalibrationValidUntil"": ""2027-09-01T00:00:00Z"", ""AssetClass"": ""High-Value Serialized Spare""}",,org-maintenance,Warehouse Aisle F – Shelf 5-3,InStorage,,,,False,Platform Operations,,
HardwareComponent,SPARE-SIEM-S7-1500-0133,Synthetic Siemens S7-1500 CPU 1516-3 PN/DP (Spare) #133,Plant Maintenance (Synthetic AI Guild),Siemens,Direct Automation Europe,SN-FAKE-SIEM-0133,,,,"{""CostInHUF"": 2850000, ""Status"": ""InStorage"", ""WarehouseLocation"": ""Warehouse Aisle G \u2013 Shelf 6-4"", ""InspectionDate"": ""2026-09-01T00:00:00Z"", ""CalibrationValidUntil"": ""2027-09-01T00:00:00Z"", ""AssetClass"": ""High-Value Serialized Spare""}",,org-maintenance,Warehouse Aisle G – Shelf 6-4,InStorage,,,,False,Assembly,,
HardwareComponent,SPARE-BECK-AX5000-0134,Synthetic Beckhoff AX5000 Servo Drive 12A (Spare) #134,Plant Maintenance (Synthetic AI Guild),Beckhoff,Direct Automation Europe,SN-FAKE-BECK-0134,,,,"{""CostInHUF"": 1450000, ""Status"": ""InStorage"", ""WarehouseLocation"": ""Warehouse Aisle A \u2013 Shelf 7-5"", ""InspectionDate"": ""2026-09-01T00:00:00Z"", ""CalibrationValidUntil"": ""2027-09-01T00:00:00Z"", ""AssetClass"": ""High-Value Serialized Spare""}",,org-maintenance,Warehouse Aisle A – Shelf 7-5,InStorage,,,,False,Robotics,,
HardwareComponent,SPARE-COGN-IN9912-0135,Synthetic Cognex In-Sight 9912 12MP Inspection Camera #135,Plant Maintenance (Synthetic AI Guild),Cognex,Direct Automation Europe,SN-FAKE-COGN-0135,,,,"{""CostInHUF"": 2200000, ""Status"": ""InStorage"", ""WarehouseLocation"": ""Warehouse Aisle B \u2013 Shelf 8-1"", ""InspectionDate"": ""2026-09-01T00:00:00Z"", ""CalibrationValidUntil"": ""2027-09-01T00:00:00Z"", ""AssetClass"": ""High-Value Serialized Spare""}",,org-maintenance,Warehouse Aisle B – Shelf 8-1,InStorage,,,,False,Test,,
HardwareComponent,SPARE-KUKA-KRC4-PC-0136,Synthetic KUKA KRC4 Industrial Robot Controller PC #136,Plant Maintenance (Synthetic AI Guild),KUKA,Direct Automation Europe,SN-FAKE-KUKA-0136,,,,"{""CostInHUF"": 3900000, ""Status"": ""InStorage"", ""WarehouseLocation"": ""Warehouse Aisle C \u2013 Shelf 1-2"", ""InspectionDate"": ""2026-09-01T00:00:00Z"", ""CalibrationValidUntil"": ""2027-09-01T00:00:00Z"", ""AssetClass"": ""High-Value Serialized Spare""}",,org-maintenance,Warehouse Aisle C – Shelf 1-2,InStorage,,,,False,Robotics,,
HardwareComponent,SPARE-FEST-VTUG-16-0137,Synthetic Festo VTUG Valve Terminal 16-Valve Multi #137,Plant Maintenance (Synthetic AI Guild),Festo,Direct Automation Europe,SN-FAKE-FEST-0137,,,,"{""CostInHUF"": 850000, ""Status"": ""InStorage"", ""WarehouseLocation"": ""Warehouse Aisle D \u2013 Shelf 2-3"", ""InspectionDate"": ""2026-09-01T00:00:00Z"", ""CalibrationValidUntil"": ""2027-09-01T00:00:00Z"", ""AssetClass"": ""High-Value Serialized Spare""}",,org-maintenance,Warehouse Aisle D – Shelf 2-3,InStorage,,,,False,Assembly,,
HardwareComponent,SPARE-ATLAS-STR-61-0138,Synthetic Atlas Copco Tensor STR-61 Tightening Spindle #138,Plant Maintenance (Synthetic AI Guild),Atlas Copco,Direct Automation Europe,SN-FAKE-ATLA-0138,,,,"{""CostInHUF"": 3100000, ""Status"": ""InStorage"", ""WarehouseLocation"": ""Warehouse Aisle E \u2013 Shelf 3-4"", ""InspectionDate"": ""2026-09-01T00:00:00Z"", ""CalibrationValidUntil"": ""2027-09-01T00:00:00Z"", ""AssetClass"": ""High-Value Serialized Spare""}",,org-maintenance,Warehouse Aisle E – Shelf 3-4,InStorage,,,,False,Fastening,,
HardwareComponent,SPARE-SICK-MICROSCAN-0139,Synthetic SICK microScan3 Core Safety Laser Scanner #139,Plant Maintenance (Synthetic AI Guild),SICK,Direct Automation Europe,SN-FAKE-SICK-0139,,,,"{""CostInHUF"": 1250000, ""Status"": ""InStorage"", ""WarehouseLocation"": ""Warehouse Aisle F \u2013 Shelf 4-5"", ""InspectionDate"": ""2026-09-01T00:00:00Z"", ""CalibrationValidUntil"": ""2027-09-01T00:00:00Z"", ""AssetClass"": ""High-Value Serialized Spare""}",,org-maintenance,Warehouse Aisle F – Shelf 4-5,InStorage,,,,False,Assembly,,
HardwareComponent,SPARE-SEW-MOVIPRO-0140,Synthetic SEW Eurodrive MOVIPRO Decentralized Inverter #140,Plant Maintenance (Synthetic AI Guild),SEW Eurodrive,Direct Automation Europe,SN-FAKE-SEW -0140,,,,"{""CostInHUF"": 1600000, ""Status"": ""InStorage"", ""WarehouseLocation"": ""Warehouse Aisle G \u2013 Shelf 5-1"", ""InspectionDate"": ""2026-09-01T00:00:00Z"", ""CalibrationValidUntil"": ""2027-09-01T00:00:00Z"", ""AssetClass"": ""High-Value Serialized Spare""}",,org-maintenance,Warehouse Aisle G – Shelf 5-1,InStorage,,,,False,Assembly,,
HardwareComponent,SPARE-BALL-RFID-RWD-0141,Synthetic Balluff BIS-M 13.56MHz High-Temp RFID Reader #141,Plant Maintenance (Synthetic AI Guild),Balluff,Direct Automation Europe,SN-FAKE-BALL-0141,,,,"{""CostInHUF"": 480000, ""Status"": ""InStorage"", ""WarehouseLocation"": ""Warehouse Aisle A \u2013 Shelf 6-2"", ""InspectionDate"": ""2026-09-01T00:00:00Z"", ""CalibrationValidUntil"": ""2027-09-01T00:00:00Z"", ""AssetClass"": ""High-Value Serialized Spare""}",,org-maintenance,Warehouse Aisle A – Shelf 6-2,InStorage,,,,False,Test,,
HardwareComponent,SPARE-TRUMPF-OPTIC-0142,Synthetic Trumpf BEO D70 Laser Seam Optical Focus Head #142,Plant Maintenance (Synthetic AI Guild),Trumpf,Direct Automation Europe,SN-FAKE-TRUM-0142,,,,"{""CostInHUF"": 4500000, ""Status"": ""InStorage"", ""WarehouseLocation"": ""Warehouse Aisle B \u2013 Shelf 7-3"", ""InspectionDate"": ""2026-09-01T00:00:00Z"", ""CalibrationValidUntil"": ""2027-09-01T00:00:00Z"", ""AssetClass"": ""High-Value Serialized Spare""}",,org-maintenance,Warehouse Aisle B – Shelf 7-3,InStorage,,,,False,Welding,,
HardwareComponent,SPARE-TOX-E-PRESS-0143,Synthetic TOX ElectricDrive 50kN Servo Press Drive #143,Plant Maintenance (Synthetic AI Guild),TOX Pressotechnik,Direct Automation Europe,SN-FAKE-TOX -0143,,,,"{""CostInHUF"": 4800000, ""Status"": ""InStorage"", ""WarehouseLocation"": ""Warehouse Aisle C \u2013 Shelf 8-4"", ""InspectionDate"": ""2026-09-01T00:00:00Z"", ""CalibrationValidUntil"": ""2027-09-01T00:00:00Z"", ""AssetClass"": ""High-Value Serialized Spare""}",,org-maintenance,Warehouse Aisle C – Shelf 8-4,InStorage,,,,False,Fastening,,
HardwareComponent,SPARE-HIRS-BOBCAT-0144,Synthetic Hirschmann BRS20 Industrial Managed Switch #144,Plant Maintenance (Synthetic AI Guild),Hirschmann,Direct Automation Europe,SN-FAKE-HIRS-0144,,,,"{""CostInHUF"": 720000, ""Status"": ""InStorage"", ""WarehouseLocation"": ""Warehouse Aisle D \u2013 Shelf 1-5"", ""InspectionDate"": ""2026-09-01T00:00:00Z"", ""CalibrationValidUntil"": ""2027-09-01T00:00:00Z"", ""AssetClass"": ""High-Value Serialized Spare""}",,org-maintenance,Warehouse Aisle D – Shelf 1-5,InStorage,,,,False,Platform Operations,,
HardwareComponent,SPARE-SIEM-S7-1500-0145,Synthetic Siemens S7-1500 CPU 1516-3 PN/DP (Spare) #145,Plant Maintenance (Synthetic AI Guild),Siemens,Direct Automation Europe,SN-FAKE-SIEM-0145,,,,"{""CostInHUF"": 2850000, ""Status"": ""InStorage"", ""WarehouseLocation"": ""Warehouse Aisle E \u2013 Shelf 2-1"", ""InspectionDate"": ""2026-09-01T00:00:00Z"", ""CalibrationValidUntil"": ""2027-09-01T00:00:00Z"", ""AssetClass"": ""High-Value Serialized Spare""}",,org-maintenance,Warehouse Aisle E – Shelf 2-1,InStorage,,,,False,Assembly,,
HardwareComponent,SPARE-BECK-AX5000-0146,Synthetic Beckhoff AX5000 Servo Drive 12A (Spare) #146,Plant Maintenance (Synthetic AI Guild),Beckhoff,Direct Automation Europe,SN-FAKE-BECK-0146,,,,"{""CostInHUF"": 1450000, ""Status"": ""InStorage"", ""WarehouseLocation"": ""Warehouse Aisle F \u2013 Shelf 3-2"", ""InspectionDate"": ""2026-09-01T00:00:00Z"", ""CalibrationValidUntil"": ""2027-09-01T00:00:00Z"", ""AssetClass"": ""High-Value Serialized Spare""}",,org-maintenance,Warehouse Aisle F – Shelf 3-2,InStorage,,,,False,Robotics,,
HardwareComponent,SPARE-COGN-IN9912-0147,Synthetic Cognex In-Sight 9912 12MP Inspection Camera #147,Plant Maintenance (Synthetic AI Guild),Cognex,Direct Automation Europe,SN-FAKE-COGN-0147,,,,"{""CostInHUF"": 2200000, ""Status"": ""InStorage"", ""WarehouseLocation"": ""Warehouse Aisle G \u2013 Shelf 4-3"", ""InspectionDate"": ""2026-09-01T00:00:00Z"", ""CalibrationValidUntil"": ""2027-09-01T00:00:00Z"", ""AssetClass"": ""High-Value Serialized Spare""}",,org-maintenance,Warehouse Aisle G – Shelf 4-3,InStorage,,,,False,Test,,
HardwareComponent,SPARE-KUKA-KRC4-PC-0148,Synthetic KUKA KRC4 Industrial Robot Controller PC #148,Plant Maintenance (Synthetic AI Guild),KUKA,Direct Automation Europe,SN-FAKE-KUKA-0148,,,,"{""CostInHUF"": 3900000, ""Status"": ""InStorage"", ""WarehouseLocation"": ""Warehouse Aisle A \u2013 Shelf 5-4"", ""InspectionDate"": ""2026-09-01T00:00:00Z"", ""CalibrationValidUntil"": ""2027-09-01T00:00:00Z"", ""AssetClass"": ""High-Value Serialized Spare""}",,org-maintenance,Warehouse Aisle A – Shelf 5-4,InStorage,,,,False,Robotics,,
HardwareComponent,SPARE-FEST-VTUG-16-0149,Synthetic Festo VTUG Valve Terminal 16-Valve Multi #149,Plant Maintenance (Synthetic AI Guild),Festo,Direct Automation Europe,SN-FAKE-FEST-0149,,,,"{""CostInHUF"": 850000, ""Status"": ""InStorage"", ""WarehouseLocation"": ""Warehouse Aisle B \u2013 Shelf 6-5"", ""InspectionDate"": ""2026-09-01T00:00:00Z"", ""CalibrationValidUntil"": ""2027-09-01T00:00:00Z"", ""AssetClass"": ""High-Value Serialized Spare""}",,org-maintenance,Warehouse Aisle B – Shelf 6-5,InStorage,,,,False,Assembly,,
HardwareComponent,SPARE-ATLAS-STR-61-0150,Synthetic Atlas Copco Tensor STR-61 Tightening Spindle #150,Plant Maintenance (Synthetic AI Guild),Atlas Copco,Direct Automation Europe,SN-FAKE-ATLA-0150,,,,"{""CostInHUF"": 3100000, ""Status"": ""InStorage"", ""WarehouseLocation"": ""Warehouse Aisle C \u2013 Shelf 7-1"", ""InspectionDate"": ""2026-09-01T00:00:00Z"", ""CalibrationValidUntil"": ""2027-09-01T00:00:00Z"", ""AssetClass"": ""High-Value Serialized Spare""}",,org-maintenance,Warehouse Aisle C – Shelf 7-1,InStorage,,,,False,Fastening,,
HardwareComponent,SPARE-SICK-MICROSCAN-0151,Synthetic SICK microScan3 Core Safety Laser Scanner #151,Plant Maintenance (Synthetic AI Guild),SICK,Direct Automation Europe,SN-FAKE-SICK-0151,,,,"{""CostInHUF"": 1250000, ""Status"": ""InStorage"", ""WarehouseLocation"": ""Warehouse Aisle D \u2013 Shelf 8-2"", ""InspectionDate"": ""2026-09-01T00:00:00Z"", ""CalibrationValidUntil"": ""2027-09-01T00:00:00Z"", ""AssetClass"": ""High-Value Serialized Spare""}",,org-maintenance,Warehouse Aisle D – Shelf 8-2,InStorage,,,,False,Assembly,,
HardwareComponent,SPARE-SEW-MOVIPRO-0152,Synthetic SEW Eurodrive MOVIPRO Decentralized Inverter #152,Plant Maintenance (Synthetic AI Guild),SEW Eurodrive,Direct Automation Europe,SN-FAKE-SEW -0152,,,,"{""CostInHUF"": 1600000, ""Status"": ""InStorage"", ""WarehouseLocation"": ""Warehouse Aisle E \u2013 Shelf 1-3"", ""InspectionDate"": ""2026-09-01T00:00:00Z"", ""CalibrationValidUntil"": ""2027-09-01T00:00:00Z"", ""AssetClass"": ""High-Value Serialized Spare""}",,org-maintenance,Warehouse Aisle E – Shelf 1-3,InStorage,,,,False,Assembly,,
HardwareComponent,SPARE-BALL-RFID-RWD-0153,Synthetic Balluff BIS-M 13.56MHz High-Temp RFID Reader #153,Plant Maintenance (Synthetic AI Guild),Balluff,Direct Automation Europe,SN-FAKE-BALL-0153,,,,"{""CostInHUF"": 480000, ""Status"": ""InStorage"", ""WarehouseLocation"": ""Warehouse Aisle F \u2013 Shelf 2-4"", ""InspectionDate"": ""2026-09-01T00:00:00Z"", ""CalibrationValidUntil"": ""2027-09-01T00:00:00Z"", ""AssetClass"": ""High-Value Serialized Spare""}",,org-maintenance,Warehouse Aisle F – Shelf 2-4,InStorage,,,,False,Test,,
HardwareComponent,SPARE-TRUMPF-OPTIC-0154,Synthetic Trumpf BEO D70 Laser Seam Optical Focus Head #154,Plant Maintenance (Synthetic AI Guild),Trumpf,Direct Automation Europe,SN-FAKE-TRUM-0154,,,,"{""CostInHUF"": 4500000, ""Status"": ""InStorage"", ""WarehouseLocation"": ""Warehouse Aisle G \u2013 Shelf 3-5"", ""InspectionDate"": ""2026-09-01T00:00:00Z"", ""CalibrationValidUntil"": ""2027-09-01T00:00:00Z"", ""AssetClass"": ""High-Value Serialized Spare""}",,org-maintenance,Warehouse Aisle G – Shelf 3-5,InStorage,,,,False,Welding,,
HardwareComponent,SPARE-TOX-E-PRESS-0155,Synthetic TOX ElectricDrive 50kN Servo Press Drive #155,Plant Maintenance (Synthetic AI Guild),TOX Pressotechnik,Direct Automation Europe,SN-FAKE-TOX -0155,,,,"{""CostInHUF"": 4800000, ""Status"": ""InStorage"", ""WarehouseLocation"": ""Warehouse Aisle A \u2013 Shelf 4-1"", ""InspectionDate"": ""2026-09-01T00:00:00Z"", ""CalibrationValidUntil"": ""2027-09-01T00:00:00Z"", ""AssetClass"": ""High-Value Serialized Spare""}",,org-maintenance,Warehouse Aisle A – Shelf 4-1,InStorage,,,,False,Fastening,,
HardwareComponent,SPARE-HIRS-BOBCAT-0156,Synthetic Hirschmann BRS20 Industrial Managed Switch #156,Plant Maintenance (Synthetic AI Guild),Hirschmann,Direct Automation Europe,SN-FAKE-HIRS-0156,,,,"{""CostInHUF"": 720000, ""Status"": ""InStorage"", ""WarehouseLocation"": ""Warehouse Aisle B \u2013 Shelf 5-2"", ""InspectionDate"": ""2026-09-01T00:00:00Z"", ""CalibrationValidUntil"": ""2027-09-01T00:00:00Z"", ""AssetClass"": ""High-Value Serialized Spare""}",,org-maintenance,Warehouse Aisle B – Shelf 5-2,InStorage,,,,False,Platform Operations,,
HardwareComponent,SPARE-SIEM-S7-1500-0157,Synthetic Siemens S7-1500 CPU 1516-3 PN/DP (Spare) #157,Plant Maintenance (Synthetic AI Guild),Siemens,Direct Automation Europe,SN-FAKE-SIEM-0157,,,,"{""CostInHUF"": 2850000, ""Status"": ""InStorage"", ""WarehouseLocation"": ""Warehouse Aisle C \u2013 Shelf 6-3"", ""InspectionDate"": ""2026-09-01T00:00:00Z"", ""CalibrationValidUntil"": ""2027-09-01T00:00:00Z"", ""AssetClass"": ""High-Value Serialized Spare""}",,org-maintenance,Warehouse Aisle C – Shelf 6-3,InStorage,,,,False,Assembly,,
HardwareComponent,SPARE-BECK-AX5000-0158,Synthetic Beckhoff AX5000 Servo Drive 12A (Spare) #158,Plant Maintenance (Synthetic AI Guild),Beckhoff,Direct Automation Europe,SN-FAKE-BECK-0158,,,,"{""CostInHUF"": 1450000, ""Status"": ""InStorage"", ""WarehouseLocation"": ""Warehouse Aisle D \u2013 Shelf 7-4"", ""InspectionDate"": ""2026-09-01T00:00:00Z"", ""CalibrationValidUntil"": ""2027-09-01T00:00:00Z"", ""AssetClass"": ""High-Value Serialized Spare""}",,org-maintenance,Warehouse Aisle D – Shelf 7-4,InStorage,,,,False,Robotics,,
HardwareComponent,SPARE-COGN-IN9912-0159,Synthetic Cognex In-Sight 9912 12MP Inspection Camera #159,Plant Maintenance (Synthetic AI Guild),Cognex,Direct Automation Europe,SN-FAKE-COGN-0159,,,,"{""CostInHUF"": 2200000, ""Status"": ""InStorage"", ""WarehouseLocation"": ""Warehouse Aisle E \u2013 Shelf 8-5"", ""InspectionDate"": ""2026-09-01T00:00:00Z"", ""CalibrationValidUntil"": ""2027-09-01T00:00:00Z"", ""AssetClass"": ""High-Value Serialized Spare""}",,org-maintenance,Warehouse Aisle E – Shelf 8-5,InStorage,,,,False,Test,,
HardwareComponent,SPARE-KUKA-KRC4-PC-0160,Synthetic KUKA KRC4 Industrial Robot Controller PC #160,Plant Maintenance (Synthetic AI Guild),KUKA,Direct Automation Europe,SN-FAKE-KUKA-0160,,,,"{""CostInHUF"": 3900000, ""Status"": ""InStorage"", ""WarehouseLocation"": ""Warehouse Aisle F \u2013 Shelf 1-1"", ""InspectionDate"": ""2026-09-01T00:00:00Z"", ""CalibrationValidUntil"": ""2027-09-01T00:00:00Z"", ""AssetClass"": ""High-Value Serialized Spare""}",,org-maintenance,Warehouse Aisle F – Shelf 1-1,InStorage,,,,False,Robotics,,
HardwareComponent,SPARE-FEST-VTUG-16-0161,Synthetic Festo VTUG Valve Terminal 16-Valve Multi #161,Plant Maintenance (Synthetic AI Guild),Festo,Direct Automation Europe,SN-FAKE-FEST-0161,,,,"{""CostInHUF"": 850000, ""Status"": ""InStorage"", ""WarehouseLocation"": ""Warehouse Aisle G \u2013 Shelf 2-2"", ""InspectionDate"": ""2026-09-01T00:00:00Z"", ""CalibrationValidUntil"": ""2027-09-01T00:00:00Z"", ""AssetClass"": ""High-Value Serialized Spare""}",,org-maintenance,Warehouse Aisle G – Shelf 2-2,InStorage,,,,False,Assembly,,
HardwareComponent,SPARE-ATLAS-STR-61-0162,Synthetic Atlas Copco Tensor STR-61 Tightening Spindle #162,Plant Maintenance (Synthetic AI Guild),Atlas Copco,Direct Automation Europe,SN-FAKE-ATLA-0162,,,,"{""CostInHUF"": 3100000, ""Status"": ""InStorage"", ""WarehouseLocation"": ""Warehouse Aisle A \u2013 Shelf 3-3"", ""InspectionDate"": ""2026-09-01T00:00:00Z"", ""CalibrationValidUntil"": ""2027-09-01T00:00:00Z"", ""AssetClass"": ""High-Value Serialized Spare""}",,org-maintenance,Warehouse Aisle A – Shelf 3-3,InStorage,,,,False,Fastening,,
HardwareComponent,SPARE-SICK-MICROSCAN-0163,Synthetic SICK microScan3 Core Safety Laser Scanner #163,Plant Maintenance (Synthetic AI Guild),SICK,Direct Automation Europe,SN-FAKE-SICK-0163,,,,"{""CostInHUF"": 1250000, ""Status"": ""InStorage"", ""WarehouseLocation"": ""Warehouse Aisle B \u2013 Shelf 4-4"", ""InspectionDate"": ""2026-09-01T00:00:00Z"", ""CalibrationValidUntil"": ""2027-09-01T00:00:00Z"", ""AssetClass"": ""High-Value Serialized Spare""}",,org-maintenance,Warehouse Aisle B – Shelf 4-4,InStorage,,,,False,Assembly,,
HardwareComponent,SPARE-SEW-MOVIPRO-0164,Synthetic SEW Eurodrive MOVIPRO Decentralized Inverter #164,Plant Maintenance (Synthetic AI Guild),SEW Eurodrive,Direct Automation Europe,SN-FAKE-SEW -0164,,,,"{""CostInHUF"": 1600000, ""Status"": ""InStorage"", ""WarehouseLocation"": ""Warehouse Aisle C \u2013 Shelf 5-5"", ""InspectionDate"": ""2026-09-01T00:00:00Z"", ""CalibrationValidUntil"": ""2027-09-01T00:00:00Z"", ""AssetClass"": ""High-Value Serialized Spare""}",,org-maintenance,Warehouse Aisle C – Shelf 5-5,InStorage,,,,False,Assembly,,
HardwareComponent,SPARE-BALL-RFID-RWD-0165,Synthetic Balluff BIS-M 13.56MHz High-Temp RFID Reader #165,Plant Maintenance (Synthetic AI Guild),Balluff,Direct Automation Europe,SN-FAKE-BALL-0165,,,,"{""CostInHUF"": 480000, ""Status"": ""InStorage"", ""WarehouseLocation"": ""Warehouse Aisle D \u2013 Shelf 6-1"", ""InspectionDate"": ""2026-09-01T00:00:00Z"", ""CalibrationValidUntil"": ""2027-09-01T00:00:00Z"", ""AssetClass"": ""High-Value Serialized Spare""}",,org-maintenance,Warehouse Aisle D – Shelf 6-1,InStorage,,,,False,Test,,
HardwareComponent,SPARE-TRUMPF-OPTIC-0166,Synthetic Trumpf BEO D70 Laser Seam Optical Focus Head #166,Plant Maintenance (Synthetic AI Guild),Trumpf,Direct Automation Europe,SN-FAKE-TRUM-0166,,,,"{""CostInHUF"": 4500000, ""Status"": ""InStorage"", ""WarehouseLocation"": ""Warehouse Aisle E \u2013 Shelf 7-2"", ""InspectionDate"": ""2026-09-01T00:00:00Z"", ""CalibrationValidUntil"": ""2027-09-01T00:00:00Z"", ""AssetClass"": ""High-Value Serialized Spare""}",,org-maintenance,Warehouse Aisle E – Shelf 7-2,InStorage,,,,False,Welding,,
HardwareComponent,SPARE-TOX-E-PRESS-0167,Synthetic TOX ElectricDrive 50kN Servo Press Drive #167,Plant Maintenance (Synthetic AI Guild),TOX Pressotechnik,Direct Automation Europe,SN-FAKE-TOX -0167,,,,"{""CostInHUF"": 4800000, ""Status"": ""InStorage"", ""WarehouseLocation"": ""Warehouse Aisle F \u2013 Shelf 8-3"", ""InspectionDate"": ""2026-09-01T00:00:00Z"", ""CalibrationValidUntil"": ""2027-09-01T00:00:00Z"", ""AssetClass"": ""High-Value Serialized Spare""}",,org-maintenance,Warehouse Aisle F – Shelf 8-3,InStorage,,,,False,Fastening,,
HardwareComponent,SPARE-HIRS-BOBCAT-0168,Synthetic Hirschmann BRS20 Industrial Managed Switch #168,Plant Maintenance (Synthetic AI Guild),Hirschmann,Direct Automation Europe,SN-FAKE-HIRS-0168,,,,"{""CostInHUF"": 720000, ""Status"": ""InStorage"", ""WarehouseLocation"": ""Warehouse Aisle G \u2013 Shelf 1-4"", ""InspectionDate"": ""2026-09-01T00:00:00Z"", ""CalibrationValidUntil"": ""2027-09-01T00:00:00Z"", ""AssetClass"": ""High-Value Serialized Spare""}",,org-maintenance,Warehouse Aisle G – Shelf 1-4,InStorage,,,,False,Platform Operations,,
HardwareComponent,SPARE-SIEM-S7-1500-0169,Synthetic Siemens S7-1500 CPU 1516-3 PN/DP (Spare) #169,Plant Maintenance (Synthetic AI Guild),Siemens,Direct Automation Europe,SN-FAKE-SIEM-0169,,,,"{""CostInHUF"": 2850000, ""Status"": ""InStorage"", ""WarehouseLocation"": ""Warehouse Aisle A \u2013 Shelf 2-5"", ""InspectionDate"": ""2026-09-01T00:00:00Z"", ""CalibrationValidUntil"": ""2027-09-01T00:00:00Z"", ""AssetClass"": ""High-Value Serialized Spare""}",,org-maintenance,Warehouse Aisle A – Shelf 2-5,InStorage,,,,False,Assembly,,
HardwareComponent,SPARE-BECK-AX5000-0170,Synthetic Beckhoff AX5000 Servo Drive 12A (Spare) #170,Plant Maintenance (Synthetic AI Guild),Beckhoff,Direct Automation Europe,SN-FAKE-BECK-0170,,,,"{""CostInHUF"": 1450000, ""Status"": ""InStorage"", ""WarehouseLocation"": ""Warehouse Aisle B \u2013 Shelf 3-1"", ""InspectionDate"": ""2026-09-01T00:00:00Z"", ""CalibrationValidUntil"": ""2027-09-01T00:00:00Z"", ""AssetClass"": ""High-Value Serialized Spare""}",,org-maintenance,Warehouse Aisle B – Shelf 3-1,InStorage,,,,False,Robotics,,
HardwareComponent,SPARE-COGN-IN9912-0171,Synthetic Cognex In-Sight 9912 12MP Inspection Camera #171,Plant Maintenance (Synthetic AI Guild),Cognex,Direct Automation Europe,SN-FAKE-COGN-0171,,,,"{""CostInHUF"": 2200000, ""Status"": ""InStorage"", ""WarehouseLocation"": ""Warehouse Aisle C \u2013 Shelf 4-2"", ""InspectionDate"": ""2026-09-01T00:00:00Z"", ""CalibrationValidUntil"": ""2027-09-01T00:00:00Z"", ""AssetClass"": ""High-Value Serialized Spare""}",,org-maintenance,Warehouse Aisle C – Shelf 4-2,InStorage,,,,False,Test,,
HardwareComponent,SPARE-KUKA-KRC4-PC-0172,Synthetic KUKA KRC4 Industrial Robot Controller PC #172,Plant Maintenance (Synthetic AI Guild),KUKA,Direct Automation Europe,SN-FAKE-KUKA-0172,,,,"{""CostInHUF"": 3900000, ""Status"": ""InStorage"", ""WarehouseLocation"": ""Warehouse Aisle D \u2013 Shelf 5-3"", ""InspectionDate"": ""2026-09-01T00:00:00Z"", ""CalibrationValidUntil"": ""2027-09-01T00:00:00Z"", ""AssetClass"": ""High-Value Serialized Spare""}",,org-maintenance,Warehouse Aisle D – Shelf 5-3,InStorage,,,,False,Robotics,,
HardwareComponent,SPARE-FEST-VTUG-16-0173,Synthetic Festo VTUG Valve Terminal 16-Valve Multi #173,Plant Maintenance (Synthetic AI Guild),Festo,Direct Automation Europe,SN-FAKE-FEST-0173,,,,"{""CostInHUF"": 850000, ""Status"": ""InStorage"", ""WarehouseLocation"": ""Warehouse Aisle E \u2013 Shelf 6-4"", ""InspectionDate"": ""2026-09-01T00:00:00Z"", ""CalibrationValidUntil"": ""2027-09-01T00:00:00Z"", ""AssetClass"": ""High-Value Serialized Spare""}",,org-maintenance,Warehouse Aisle E – Shelf 6-4,InStorage,,,,False,Assembly,,
HardwareComponent,SPARE-ATLAS-STR-61-0174,Synthetic Atlas Copco Tensor STR-61 Tightening Spindle #174,Plant Maintenance (Synthetic AI Guild),Atlas Copco,Direct Automation Europe,SN-FAKE-ATLA-0174,,,,"{""CostInHUF"": 3100000, ""Status"": ""InStorage"", ""WarehouseLocation"": ""Warehouse Aisle F \u2013 Shelf 7-5"", ""InspectionDate"": ""2026-09-01T00:00:00Z"", ""CalibrationValidUntil"": ""2027-09-01T00:00:00Z"", ""AssetClass"": ""High-Value Serialized Spare""}",,org-maintenance,Warehouse Aisle F – Shelf 7-5,InStorage,,,,False,Fastening,,
HardwareComponent,SPARE-SICK-MICROSCAN-0175,Synthetic SICK microScan3 Core Safety Laser Scanner #175,Plant Maintenance (Synthetic AI Guild),SICK,Direct Automation Europe,SN-FAKE-SICK-0175,,,,"{""CostInHUF"": 1250000, ""Status"": ""InStorage"", ""WarehouseLocation"": ""Warehouse Aisle G \u2013 Shelf 8-1"", ""InspectionDate"": ""2026-09-01T00:00:00Z"", ""CalibrationValidUntil"": ""2027-09-01T00:00:00Z"", ""AssetClass"": ""High-Value Serialized Spare""}",,org-maintenance,Warehouse Aisle G – Shelf 8-1,InStorage,,,,False,Assembly,,
HardwareComponent,SPARE-SEW-MOVIPRO-0176,Synthetic SEW Eurodrive MOVIPRO Decentralized Inverter #176,Plant Maintenance (Synthetic AI Guild),SEW Eurodrive,Direct Automation Europe,SN-FAKE-SEW -0176,,,,"{""CostInHUF"": 1600000, ""Status"": ""InStorage"", ""WarehouseLocation"": ""Warehouse Aisle A \u2013 Shelf 1-2"", ""InspectionDate"": ""2026-09-01T00:00:00Z"", ""CalibrationValidUntil"": ""2027-09-01T00:00:00Z"", ""AssetClass"": ""High-Value Serialized Spare""}",,org-maintenance,Warehouse Aisle A – Shelf 1-2,InStorage,,,,False,Assembly,,
HardwareComponent,SPARE-BALL-RFID-RWD-0177,Synthetic Balluff BIS-M 13.56MHz High-Temp RFID Reader #177,Plant Maintenance (Synthetic AI Guild),Balluff,Direct Automation Europe,SN-FAKE-BALL-0177,,,,"{""CostInHUF"": 480000, ""Status"": ""InStorage"", ""WarehouseLocation"": ""Warehouse Aisle B \u2013 Shelf 2-3"", ""InspectionDate"": ""2026-09-01T00:00:00Z"", ""CalibrationValidUntil"": ""2027-09-01T00:00:00Z"", ""AssetClass"": ""High-Value Serialized Spare""}",,org-maintenance,Warehouse Aisle B – Shelf 2-3,InStorage,,,,False,Test,,
HardwareComponent,SPARE-TRUMPF-OPTIC-0178,Synthetic Trumpf BEO D70 Laser Seam Optical Focus Head #178,Plant Maintenance (Synthetic AI Guild),Trumpf,Direct Automation Europe,SN-FAKE-TRUM-0178,,,,"{""CostInHUF"": 4500000, ""Status"": ""InStorage"", ""WarehouseLocation"": ""Warehouse Aisle C \u2013 Shelf 3-4"", ""InspectionDate"": ""2026-09-01T00:00:00Z"", ""CalibrationValidUntil"": ""2027-09-01T00:00:00Z"", ""AssetClass"": ""High-Value Serialized Spare""}",,org-maintenance,Warehouse Aisle C – Shelf 3-4,InStorage,,,,False,Welding,,
HardwareComponent,SPARE-TOX-E-PRESS-0179,Synthetic TOX ElectricDrive 50kN Servo Press Drive #179,Plant Maintenance (Synthetic AI Guild),TOX Pressotechnik,Direct Automation Europe,SN-FAKE-TOX -0179,,,,"{""CostInHUF"": 4800000, ""Status"": ""InStorage"", ""WarehouseLocation"": ""Warehouse Aisle D \u2013 Shelf 4-5"", ""InspectionDate"": ""2026-09-01T00:00:00Z"", ""CalibrationValidUntil"": ""2027-09-01T00:00:00Z"", ""AssetClass"": ""High-Value Serialized Spare""}",,org-maintenance,Warehouse Aisle D – Shelf 4-5,InStorage,,,,False,Fastening,,
HardwareComponent,SPARE-HIRS-BOBCAT-0180,Synthetic Hirschmann BRS20 Industrial Managed Switch #180,Plant Maintenance (Synthetic AI Guild),Hirschmann,Direct Automation Europe,SN-FAKE-HIRS-0180,,,,"{""CostInHUF"": 720000, ""Status"": ""InStorage"", ""WarehouseLocation"": ""Warehouse Aisle E \u2013 Shelf 5-1"", ""InspectionDate"": ""2026-09-01T00:00:00Z"", ""CalibrationValidUntil"": ""2027-09-01T00:00:00Z"", ""AssetClass"": ""High-Value Serialized Spare""}",,org-maintenance,Warehouse Aisle E – Shelf 5-1,InStorage,,,,False,Platform Operations,,
HardwareComponent,SPARE-SIEM-S7-1500-0181,Synthetic Siemens S7-1500 CPU 1516-3 PN/DP (Spare) #181,Plant Maintenance (Synthetic AI Guild),Siemens,Direct Automation Europe,SN-FAKE-SIEM-0181,,,,"{""CostInHUF"": 2850000, ""Status"": ""InStorage"", ""WarehouseLocation"": ""Warehouse Aisle F \u2013 Shelf 6-2"", ""InspectionDate"": ""2026-09-01T00:00:00Z"", ""CalibrationValidUntil"": ""2027-09-01T00:00:00Z"", ""AssetClass"": ""High-Value Serialized Spare""}",,org-maintenance,Warehouse Aisle F – Shelf 6-2,InStorage,,,,False,Assembly,,
HardwareComponent,SPARE-BECK-AX5000-0182,Synthetic Beckhoff AX5000 Servo Drive 12A (Spare) #182,Plant Maintenance (Synthetic AI Guild),Beckhoff,Direct Automation Europe,SN-FAKE-BECK-0182,,,,"{""CostInHUF"": 1450000, ""Status"": ""InStorage"", ""WarehouseLocation"": ""Warehouse Aisle G \u2013 Shelf 7-3"", ""InspectionDate"": ""2026-09-01T00:00:00Z"", ""CalibrationValidUntil"": ""2027-09-01T00:00:00Z"", ""AssetClass"": ""High-Value Serialized Spare""}",,org-maintenance,Warehouse Aisle G – Shelf 7-3,InStorage,,,,False,Robotics,,
HardwareComponent,SPARE-COGN-IN9912-0183,Synthetic Cognex In-Sight 9912 12MP Inspection Camera #183,Plant Maintenance (Synthetic AI Guild),Cognex,Direct Automation Europe,SN-FAKE-COGN-0183,,,,"{""CostInHUF"": 2200000, ""Status"": ""InStorage"", ""WarehouseLocation"": ""Warehouse Aisle A \u2013 Shelf 8-4"", ""InspectionDate"": ""2026-09-01T00:00:00Z"", ""CalibrationValidUntil"": ""2027-09-01T00:00:00Z"", ""AssetClass"": ""High-Value Serialized Spare""}",,org-maintenance,Warehouse Aisle A – Shelf 8-4,InStorage,,,,False,Test,,
HardwareComponent,SPARE-KUKA-KRC4-PC-0184,Synthetic KUKA KRC4 Industrial Robot Controller PC #184,Plant Maintenance (Synthetic AI Guild),KUKA,Direct Automation Europe,SN-FAKE-KUKA-0184,,,,"{""CostInHUF"": 3900000, ""Status"": ""InStorage"", ""WarehouseLocation"": ""Warehouse Aisle B \u2013 Shelf 1-5"", ""InspectionDate"": ""2026-09-01T00:00:00Z"", ""CalibrationValidUntil"": ""2027-09-01T00:00:00Z"", ""AssetClass"": ""High-Value Serialized Spare""}",,org-maintenance,Warehouse Aisle B – Shelf 1-5,InStorage,,,,False,Robotics,,
HardwareComponent,SPARE-FEST-VTUG-16-0185,Synthetic Festo VTUG Valve Terminal 16-Valve Multi #185,Plant Maintenance (Synthetic AI Guild),Festo,Direct Automation Europe,SN-FAKE-FEST-0185,,,,"{""CostInHUF"": 850000, ""Status"": ""InStorage"", ""WarehouseLocation"": ""Warehouse Aisle C \u2013 Shelf 2-1"", ""InspectionDate"": ""2026-09-01T00:00:00Z"", ""CalibrationValidUntil"": ""2027-09-01T00:00:00Z"", ""AssetClass"": ""High-Value Serialized Spare""}",,org-maintenance,Warehouse Aisle C – Shelf 2-1,InStorage,,,,False,Assembly,,
HardwareComponent,SPARE-ATLAS-STR-61-0186,Synthetic Atlas Copco Tensor STR-61 Tightening Spindle #186,Plant Maintenance (Synthetic AI Guild),Atlas Copco,Direct Automation Europe,SN-FAKE-ATLA-0186,,,,"{""CostInHUF"": 3100000, ""Status"": ""InStorage"", ""WarehouseLocation"": ""Warehouse Aisle D \u2013 Shelf 3-2"", ""InspectionDate"": ""2026-09-01T00:00:00Z"", ""CalibrationValidUntil"": ""2027-09-01T00:00:00Z"", ""AssetClass"": ""High-Value Serialized Spare""}",,org-maintenance,Warehouse Aisle D – Shelf 3-2,InStorage,,,,False,Fastening,,
HardwareComponent,SPARE-SICK-MICROSCAN-0187,Synthetic SICK microScan3 Core Safety Laser Scanner #187,Plant Maintenance (Synthetic AI Guild),SICK,Direct Automation Europe,SN-FAKE-SICK-0187,,,,"{""CostInHUF"": 1250000, ""Status"": ""InStorage"", ""WarehouseLocation"": ""Warehouse Aisle E \u2013 Shelf 4-3"", ""InspectionDate"": ""2026-09-01T00:00:00Z"", ""CalibrationValidUntil"": ""2027-09-01T00:00:00Z"", ""AssetClass"": ""High-Value Serialized Spare""}",,org-maintenance,Warehouse Aisle E – Shelf 4-3,InStorage,,,,False,Assembly,,
HardwareComponent,SPARE-SEW-MOVIPRO-0188,Synthetic SEW Eurodrive MOVIPRO Decentralized Inverter #188,Plant Maintenance (Synthetic AI Guild),SEW Eurodrive,Direct Automation Europe,SN-FAKE-SEW -0188,,,,"{""CostInHUF"": 1600000, ""Status"": ""InStorage"", ""WarehouseLocation"": ""Warehouse Aisle F \u2013 Shelf 5-4"", ""InspectionDate"": ""2026-09-01T00:00:00Z"", ""CalibrationValidUntil"": ""2027-09-01T00:00:00Z"", ""AssetClass"": ""High-Value Serialized Spare""}",,org-maintenance,Warehouse Aisle F – Shelf 5-4,InStorage,,,,False,Assembly,,
HardwareComponent,SPARE-BALL-RFID-RWD-0189,Synthetic Balluff BIS-M 13.56MHz High-Temp RFID Reader #189,Plant Maintenance (Synthetic AI Guild),Balluff,Direct Automation Europe,SN-FAKE-BALL-0189,,,,"{""CostInHUF"": 480000, ""Status"": ""InStorage"", ""WarehouseLocation"": ""Warehouse Aisle G \u2013 Shelf 6-5"", ""InspectionDate"": ""2026-09-01T00:00:00Z"", ""CalibrationValidUntil"": ""2027-09-01T00:00:00Z"", ""AssetClass"": ""High-Value Serialized Spare""}",,org-maintenance,Warehouse Aisle G – Shelf 6-5,InStorage,,,,False,Test,,
HardwareComponent,SPARE-TRUMPF-OPTIC-0190,Synthetic Trumpf BEO D70 Laser Seam Optical Focus Head #190,Plant Maintenance (Synthetic AI Guild),Trumpf,Direct Automation Europe,SN-FAKE-TRUM-0190,,,,"{""CostInHUF"": 4500000, ""Status"": ""InStorage"", ""WarehouseLocation"": ""Warehouse Aisle A \u2013 Shelf 7-1"", ""InspectionDate"": ""2026-09-01T00:00:00Z"", ""CalibrationValidUntil"": ""2027-09-01T00:00:00Z"", ""AssetClass"": ""High-Value Serialized Spare""}",,org-maintenance,Warehouse Aisle A – Shelf 7-1,InStorage,,,,False,Welding,,
HardwareComponent,SPARE-TOX-E-PRESS-0191,Synthetic TOX ElectricDrive 50kN Servo Press Drive #191,Plant Maintenance (Synthetic AI Guild),TOX Pressotechnik,Direct Automation Europe,SN-FAKE-TOX -0191,,,,"{""CostInHUF"": 4800000, ""Status"": ""InStorage"", ""WarehouseLocation"": ""Warehouse Aisle B \u2013 Shelf 8-2"", ""InspectionDate"": ""2026-09-01T00:00:00Z"", ""CalibrationValidUntil"": ""2027-09-01T00:00:00Z"", ""AssetClass"": ""High-Value Serialized Spare""}",,org-maintenance,Warehouse Aisle B – Shelf 8-2,InStorage,,,,False,Fastening,,
HardwareComponent,SPARE-HIRS-BOBCAT-0192,Synthetic Hirschmann BRS20 Industrial Managed Switch #192,Plant Maintenance (Synthetic AI Guild),Hirschmann,Direct Automation Europe,SN-FAKE-HIRS-0192,,,,"{""CostInHUF"": 720000, ""Status"": ""InStorage"", ""WarehouseLocation"": ""Warehouse Aisle C \u2013 Shelf 1-3"", ""InspectionDate"": ""2026-09-01T00:00:00Z"", ""CalibrationValidUntil"": ""2027-09-01T00:00:00Z"", ""AssetClass"": ""High-Value Serialized Spare""}",,org-maintenance,Warehouse Aisle C – Shelf 1-3,InStorage,,,,False,Platform Operations,,
HardwareComponent,SPARE-SIEM-S7-1500-0193,Synthetic Siemens S7-1500 CPU 1516-3 PN/DP (Spare) #193,Plant Maintenance (Synthetic AI Guild),Siemens,Direct Automation Europe,SN-FAKE-SIEM-0193,,,,"{""CostInHUF"": 2850000, ""Status"": ""InStorage"", ""WarehouseLocation"": ""Warehouse Aisle D \u2013 Shelf 2-4"", ""InspectionDate"": ""2026-09-01T00:00:00Z"", ""CalibrationValidUntil"": ""2027-09-01T00:00:00Z"", ""AssetClass"": ""High-Value Serialized Spare""}",,org-maintenance,Warehouse Aisle D – Shelf 2-4,InStorage,,,,False,Assembly,,
HardwareComponent,SPARE-BECK-AX5000-0194,Synthetic Beckhoff AX5000 Servo Drive 12A (Spare) #194,Plant Maintenance (Synthetic AI Guild),Beckhoff,Direct Automation Europe,SN-FAKE-BECK-0194,,,,"{""CostInHUF"": 1450000, ""Status"": ""InStorage"", ""WarehouseLocation"": ""Warehouse Aisle E \u2013 Shelf 3-5"", ""InspectionDate"": ""2026-09-01T00:00:00Z"", ""CalibrationValidUntil"": ""2027-09-01T00:00:00Z"", ""AssetClass"": ""High-Value Serialized Spare""}",,org-maintenance,Warehouse Aisle E – Shelf 3-5,InStorage,,,,False,Robotics,,
HardwareComponent,SPARE-COGN-IN9912-0195,Synthetic Cognex In-Sight 9912 12MP Inspection Camera #195,Plant Maintenance (Synthetic AI Guild),Cognex,Direct Automation Europe,SN-FAKE-COGN-0195,,,,"{""CostInHUF"": 2200000, ""Status"": ""InStorage"", ""WarehouseLocation"": ""Warehouse Aisle F \u2013 Shelf 4-1"", ""InspectionDate"": ""2026-09-01T00:00:00Z"", ""CalibrationValidUntil"": ""2027-09-01T00:00:00Z"", ""AssetClass"": ""High-Value Serialized Spare""}",,org-maintenance,Warehouse Aisle F – Shelf 4-1,InStorage,,,,False,Test,,
HardwareComponent,SPARE-KUKA-KRC4-PC-0196,Synthetic KUKA KRC4 Industrial Robot Controller PC #196,Plant Maintenance (Synthetic AI Guild),KUKA,Direct Automation Europe,SN-FAKE-KUKA-0196,,,,"{""CostInHUF"": 3900000, ""Status"": ""InStorage"", ""WarehouseLocation"": ""Warehouse Aisle G \u2013 Shelf 5-2"", ""InspectionDate"": ""2026-09-01T00:00:00Z"", ""CalibrationValidUntil"": ""2027-09-01T00:00:00Z"", ""AssetClass"": ""High-Value Serialized Spare""}",,org-maintenance,Warehouse Aisle G – Shelf 5-2,InStorage,,,,False,Robotics,,
HardwareComponent,SPARE-FEST-VTUG-16-0197,Synthetic Festo VTUG Valve Terminal 16-Valve Multi #197,Plant Maintenance (Synthetic AI Guild),Festo,Direct Automation Europe,SN-FAKE-FEST-0197,,,,"{""CostInHUF"": 850000, ""Status"": ""InStorage"", ""WarehouseLocation"": ""Warehouse Aisle A \u2013 Shelf 6-3"", ""InspectionDate"": ""2026-09-01T00:00:00Z"", ""CalibrationValidUntil"": ""2027-09-01T00:00:00Z"", ""AssetClass"": ""High-Value Serialized Spare""}",,org-maintenance,Warehouse Aisle A – Shelf 6-3,InStorage,,,,False,Assembly,,
HardwareComponent,SPARE-ATLAS-STR-61-0198,Synthetic Atlas Copco Tensor STR-61 Tightening Spindle #198,Plant Maintenance (Synthetic AI Guild),Atlas Copco,Direct Automation Europe,SN-FAKE-ATLA-0198,,,,"{""CostInHUF"": 3100000, ""Status"": ""InStorage"", ""WarehouseLocation"": ""Warehouse Aisle B \u2013 Shelf 7-4"", ""InspectionDate"": ""2026-09-01T00:00:00Z"", ""CalibrationValidUntil"": ""2027-09-01T00:00:00Z"", ""AssetClass"": ""High-Value Serialized Spare""}",,org-maintenance,Warehouse Aisle B – Shelf 7-4,InStorage,,,,False,Fastening,,
HardwareComponent,SPARE-SICK-MICROSCAN-0199,Synthetic SICK microScan3 Core Safety Laser Scanner #199,Plant Maintenance (Synthetic AI Guild),SICK,Direct Automation Europe,SN-FAKE-SICK-0199,,,,"{""CostInHUF"": 1250000, ""Status"": ""InStorage"", ""WarehouseLocation"": ""Warehouse Aisle C \u2013 Shelf 8-5"", ""InspectionDate"": ""2026-09-01T00:00:00Z"", ""CalibrationValidUntil"": ""2027-09-01T00:00:00Z"", ""AssetClass"": ""High-Value Serialized Spare""}",,org-maintenance,Warehouse Aisle C – Shelf 8-5,InStorage,,,,False,Assembly,,
HardwareComponent,SPARE-SEW-MOVIPRO-0200,Synthetic SEW Eurodrive MOVIPRO Decentralized Inverter #200,Plant Maintenance (Synthetic AI Guild),SEW Eurodrive,Direct Automation Europe,SN-FAKE-SEW -0200,,,,"{""CostInHUF"": 1600000, ""Status"": ""InStorage"", ""WarehouseLocation"": ""Warehouse Aisle D \u2013 Shelf 1-1"", ""InspectionDate"": ""2026-09-01T00:00:00Z"", ""CalibrationValidUntil"": ""2027-09-01T00:00:00Z"", ""AssetClass"": ""High-Value Serialized Spare""}",,org-maintenance,Warehouse Aisle D – Shelf 1-1,InStorage,,,,False,Assembly,,
HardwareComponent,SPARE-BALL-RFID-RWD-0201,Synthetic Balluff BIS-M 13.56MHz High-Temp RFID Reader #201,Plant Maintenance (Synthetic AI Guild),Balluff,Direct Automation Europe,SN-FAKE-BALL-0201,,,,"{""CostInHUF"": 480000, ""Status"": ""InStorage"", ""WarehouseLocation"": ""Warehouse Aisle E \u2013 Shelf 2-2"", ""InspectionDate"": ""2026-09-01T00:00:00Z"", ""CalibrationValidUntil"": ""2027-09-01T00:00:00Z"", ""AssetClass"": ""High-Value Serialized Spare""}",,org-maintenance,Warehouse Aisle E – Shelf 2-2,InStorage,,,,False,Test,,
HardwareComponent,SPARE-TRUMPF-OPTIC-0202,Synthetic Trumpf BEO D70 Laser Seam Optical Focus Head #202,Plant Maintenance (Synthetic AI Guild),Trumpf,Direct Automation Europe,SN-FAKE-TRUM-0202,,,,"{""CostInHUF"": 4500000, ""Status"": ""InStorage"", ""WarehouseLocation"": ""Warehouse Aisle F \u2013 Shelf 3-3"", ""InspectionDate"": ""2026-09-01T00:00:00Z"", ""CalibrationValidUntil"": ""2027-09-01T00:00:00Z"", ""AssetClass"": ""High-Value Serialized Spare""}",,org-maintenance,Warehouse Aisle F – Shelf 3-3,InStorage,,,,False,Welding,,
HardwareComponent,SPARE-TOX-E-PRESS-0203,Synthetic TOX ElectricDrive 50kN Servo Press Drive #203,Plant Maintenance (Synthetic AI Guild),TOX Pressotechnik,Direct Automation Europe,SN-FAKE-TOX -0203,,,,"{""CostInHUF"": 4800000, ""Status"": ""InStorage"", ""WarehouseLocation"": ""Warehouse Aisle G \u2013 Shelf 4-4"", ""InspectionDate"": ""2026-09-01T00:00:00Z"", ""CalibrationValidUntil"": ""2027-09-01T00:00:00Z"", ""AssetClass"": ""High-Value Serialized Spare""}",,org-maintenance,Warehouse Aisle G – Shelf 4-4,InStorage,,,,False,Fastening,,
HardwareComponent,SPARE-HIRS-BOBCAT-0204,Synthetic Hirschmann BRS20 Industrial Managed Switch #204,Plant Maintenance (Synthetic AI Guild),Hirschmann,Direct Automation Europe,SN-FAKE-HIRS-0204,,,,"{""CostInHUF"": 720000, ""Status"": ""InStorage"", ""WarehouseLocation"": ""Warehouse Aisle A \u2013 Shelf 5-5"", ""InspectionDate"": ""2026-09-01T00:00:00Z"", ""CalibrationValidUntil"": ""2027-09-01T00:00:00Z"", ""AssetClass"": ""High-Value Serialized Spare""}",,org-maintenance,Warehouse Aisle A – Shelf 5-5,InStorage,,,,False,Platform Operations,,
HardwareComponent,SPARE-SIEM-S7-1500-0205,Synthetic Siemens S7-1500 CPU 1516-3 PN/DP (Spare) #205,Plant Maintenance (Synthetic AI Guild),Siemens,Direct Automation Europe,SN-FAKE-SIEM-0205,,,,"{""CostInHUF"": 2850000, ""Status"": ""InStorage"", ""WarehouseLocation"": ""Warehouse Aisle B \u2013 Shelf 6-1"", ""InspectionDate"": ""2026-09-01T00:00:00Z"", ""CalibrationValidUntil"": ""2027-09-01T00:00:00Z"", ""AssetClass"": ""High-Value Serialized Spare""}",,org-maintenance,Warehouse Aisle B – Shelf 6-1,InStorage,,,,False,Assembly,,
HardwareComponent,SPARE-BECK-AX5000-0206,Synthetic Beckhoff AX5000 Servo Drive 12A (Spare) #206,Plant Maintenance (Synthetic AI Guild),Beckhoff,Direct Automation Europe,SN-FAKE-BECK-0206,,,,"{""CostInHUF"": 1450000, ""Status"": ""InStorage"", ""WarehouseLocation"": ""Warehouse Aisle C \u2013 Shelf 7-2"", ""InspectionDate"": ""2026-09-01T00:00:00Z"", ""CalibrationValidUntil"": ""2027-09-01T00:00:00Z"", ""AssetClass"": ""High-Value Serialized Spare""}",,org-maintenance,Warehouse Aisle C – Shelf 7-2,InStorage,,,,False,Robotics,,
HardwareComponent,SPARE-COGN-IN9912-0207,Synthetic Cognex In-Sight 9912 12MP Inspection Camera #207,Plant Maintenance (Synthetic AI Guild),Cognex,Direct Automation Europe,SN-FAKE-COGN-0207,,,,"{""CostInHUF"": 2200000, ""Status"": ""InStorage"", ""WarehouseLocation"": ""Warehouse Aisle D \u2013 Shelf 8-3"", ""InspectionDate"": ""2026-09-01T00:00:00Z"", ""CalibrationValidUntil"": ""2027-09-01T00:00:00Z"", ""AssetClass"": ""High-Value Serialized Spare""}",,org-maintenance,Warehouse Aisle D – Shelf 8-3,InStorage,,,,False,Test,,
HardwareComponent,SPARE-KUKA-KRC4-PC-0208,Synthetic KUKA KRC4 Industrial Robot Controller PC #208,Plant Maintenance (Synthetic AI Guild),KUKA,Direct Automation Europe,SN-FAKE-KUKA-0208,,,,"{""CostInHUF"": 3900000, ""Status"": ""InStorage"", ""WarehouseLocation"": ""Warehouse Aisle E \u2013 Shelf 1-4"", ""InspectionDate"": ""2026-09-01T00:00:00Z"", ""CalibrationValidUntil"": ""2027-09-01T00:00:00Z"", ""AssetClass"": ""High-Value Serialized Spare""}",,org-maintenance,Warehouse Aisle E – Shelf 1-4,InStorage,,,,False,Robotics,,
HardwareComponent,SPARE-FEST-VTUG-16-0209,Synthetic Festo VTUG Valve Terminal 16-Valve Multi #209,Plant Maintenance (Synthetic AI Guild),Festo,Direct Automation Europe,SN-FAKE-FEST-0209,,,,"{""CostInHUF"": 850000, ""Status"": ""InStorage"", ""WarehouseLocation"": ""Warehouse Aisle F \u2013 Shelf 2-5"", ""InspectionDate"": ""2026-09-01T00:00:00Z"", ""CalibrationValidUntil"": ""2027-09-01T00:00:00Z"", ""AssetClass"": ""High-Value Serialized Spare""}",,org-maintenance,Warehouse Aisle F – Shelf 2-5,InStorage,,,,False,Assembly,,
HardwareComponent,SPARE-ATLAS-STR-61-0210,Synthetic Atlas Copco Tensor STR-61 Tightening Spindle #210,Plant Maintenance (Synthetic AI Guild),Atlas Copco,Direct Automation Europe,SN-FAKE-ATLA-0210,,,,"{""CostInHUF"": 3100000, ""Status"": ""InStorage"", ""WarehouseLocation"": ""Warehouse Aisle G \u2013 Shelf 3-1"", ""InspectionDate"": ""2026-09-01T00:00:00Z"", ""CalibrationValidUntil"": ""2027-09-01T00:00:00Z"", ""AssetClass"": ""High-Value Serialized Spare""}",,org-maintenance,Warehouse Aisle G – Shelf 3-1,InStorage,,,,False,Fastening,,
HardwareComponent,SPARE-SICK-MICROSCAN-0211,Synthetic SICK microScan3 Core Safety Laser Scanner #211,Plant Maintenance (Synthetic AI Guild),SICK,Direct Automation Europe,SN-FAKE-SICK-0211,,,,"{""CostInHUF"": 1250000, ""Status"": ""InStorage"", ""WarehouseLocation"": ""Warehouse Aisle A \u2013 Shelf 4-2"", ""InspectionDate"": ""2026-09-01T00:00:00Z"", ""CalibrationValidUntil"": ""2027-09-01T00:00:00Z"", ""AssetClass"": ""High-Value Serialized Spare""}",,org-maintenance,Warehouse Aisle A – Shelf 4-2,InStorage,,,,False,Assembly,,
HardwareComponent,SPARE-SEW-MOVIPRO-0212,Synthetic SEW Eurodrive MOVIPRO Decentralized Inverter #212,Plant Maintenance (Synthetic AI Guild),SEW Eurodrive,Direct Automation Europe,SN-FAKE-SEW -0212,,,,"{""CostInHUF"": 1600000, ""Status"": ""InStorage"", ""WarehouseLocation"": ""Warehouse Aisle B \u2013 Shelf 5-3"", ""InspectionDate"": ""2026-09-01T00:00:00Z"", ""CalibrationValidUntil"": ""2027-09-01T00:00:00Z"", ""AssetClass"": ""High-Value Serialized Spare""}",,org-maintenance,Warehouse Aisle B – Shelf 5-3,InStorage,,,,False,Assembly,,
HardwareComponent,SPARE-BALL-RFID-RWD-0213,Synthetic Balluff BIS-M 13.56MHz High-Temp RFID Reader #213,Plant Maintenance (Synthetic AI Guild),Balluff,Direct Automation Europe,SN-FAKE-BALL-0213,,,,"{""CostInHUF"": 480000, ""Status"": ""InStorage"", ""WarehouseLocation"": ""Warehouse Aisle C \u2013 Shelf 6-4"", ""InspectionDate"": ""2026-09-01T00:00:00Z"", ""CalibrationValidUntil"": ""2027-09-01T00:00:00Z"", ""AssetClass"": ""High-Value Serialized Spare""}",,org-maintenance,Warehouse Aisle C – Shelf 6-4,InStorage,,,,False,Test,,
HardwareComponent,SPARE-TRUMPF-OPTIC-0214,Synthetic Trumpf BEO D70 Laser Seam Optical Focus Head #214,Plant Maintenance (Synthetic AI Guild),Trumpf,Direct Automation Europe,SN-FAKE-TRUM-0214,,,,"{""CostInHUF"": 4500000, ""Status"": ""InStorage"", ""WarehouseLocation"": ""Warehouse Aisle D \u2013 Shelf 7-5"", ""InspectionDate"": ""2026-09-01T00:00:00Z"", ""CalibrationValidUntil"": ""2027-09-01T00:00:00Z"", ""AssetClass"": ""High-Value Serialized Spare""}",,org-maintenance,Warehouse Aisle D – Shelf 7-5,InStorage,,,,False,Welding,,
HardwareComponent,SPARE-TOX-E-PRESS-0215,Synthetic TOX ElectricDrive 50kN Servo Press Drive #215,Plant Maintenance (Synthetic AI Guild),TOX Pressotechnik,Direct Automation Europe,SN-FAKE-TOX -0215,,,,"{""CostInHUF"": 4800000, ""Status"": ""InStorage"", ""WarehouseLocation"": ""Warehouse Aisle E \u2013 Shelf 8-1"", ""InspectionDate"": ""2026-09-01T00:00:00Z"", ""CalibrationValidUntil"": ""2027-09-01T00:00:00Z"", ""AssetClass"": ""High-Value Serialized Spare""}",,org-maintenance,Warehouse Aisle E – Shelf 8-1,InStorage,,,,False,Fastening,,
HardwareComponent,SPARE-HIRS-BOBCAT-0216,Synthetic Hirschmann BRS20 Industrial Managed Switch #216,Plant Maintenance (Synthetic AI Guild),Hirschmann,Direct Automation Europe,SN-FAKE-HIRS-0216,,,,"{""CostInHUF"": 720000, ""Status"": ""InStorage"", ""WarehouseLocation"": ""Warehouse Aisle F \u2013 Shelf 1-2"", ""InspectionDate"": ""2026-09-01T00:00:00Z"", ""CalibrationValidUntil"": ""2027-09-01T00:00:00Z"", ""AssetClass"": ""High-Value Serialized Spare""}",,org-maintenance,Warehouse Aisle F – Shelf 1-2,InStorage,,,,False,Platform Operations,,
HardwareComponent,SPARE-SIEM-S7-1500-0217,Synthetic Siemens S7-1500 CPU 1516-3 PN/DP (Spare) #217,Plant Maintenance (Synthetic AI Guild),Siemens,Direct Automation Europe,SN-FAKE-SIEM-0217,,,,"{""CostInHUF"": 2850000, ""Status"": ""InStorage"", ""WarehouseLocation"": ""Warehouse Aisle G \u2013 Shelf 2-3"", ""InspectionDate"": ""2026-09-01T00:00:00Z"", ""CalibrationValidUntil"": ""2027-09-01T00:00:00Z"", ""AssetClass"": ""High-Value Serialized Spare""}",,org-maintenance,Warehouse Aisle G – Shelf 2-3,InStorage,,,,False,Assembly,,
HardwareComponent,SPARE-BECK-AX5000-0218,Synthetic Beckhoff AX5000 Servo Drive 12A (Spare) #218,Plant Maintenance (Synthetic AI Guild),Beckhoff,Direct Automation Europe,SN-FAKE-BECK-0218,,,,"{""CostInHUF"": 1450000, ""Status"": ""InStorage"", ""WarehouseLocation"": ""Warehouse Aisle A \u2013 Shelf 3-4"", ""InspectionDate"": ""2026-09-01T00:00:00Z"", ""CalibrationValidUntil"": ""2027-09-01T00:00:00Z"", ""AssetClass"": ""High-Value Serialized Spare""}",,org-maintenance,Warehouse Aisle A – Shelf 3-4,InStorage,,,,False,Robotics,,
HardwareComponent,SPARE-COGN-IN9912-0219,Synthetic Cognex In-Sight 9912 12MP Inspection Camera #219,Plant Maintenance (Synthetic AI Guild),Cognex,Direct Automation Europe,SN-FAKE-COGN-0219,,,,"{""CostInHUF"": 2200000, ""Status"": ""InStorage"", ""WarehouseLocation"": ""Warehouse Aisle B \u2013 Shelf 4-5"", ""InspectionDate"": ""2026-09-01T00:00:00Z"", ""CalibrationValidUntil"": ""2027-09-01T00:00:00Z"", ""AssetClass"": ""High-Value Serialized Spare""}",,org-maintenance,Warehouse Aisle B – Shelf 4-5,InStorage,,,,False,Test,,
HardwareComponent,SPARE-KUKA-KRC4-PC-0220,Synthetic KUKA KRC4 Industrial Robot Controller PC #220,Plant Maintenance (Synthetic AI Guild),KUKA,Direct Automation Europe,SN-FAKE-KUKA-0220,,,,"{""CostInHUF"": 3900000, ""Status"": ""InStorage"", ""WarehouseLocation"": ""Warehouse Aisle C \u2013 Shelf 5-1"", ""InspectionDate"": ""2026-09-01T00:00:00Z"", ""CalibrationValidUntil"": ""2027-09-01T00:00:00Z"", ""AssetClass"": ""High-Value Serialized Spare""}",,org-maintenance,Warehouse Aisle C – Shelf 5-1,InStorage,,,,False,Robotics,,
HardwareComponent,SPARE-FEST-VTUG-16-0221,Synthetic Festo VTUG Valve Terminal 16-Valve Multi #221,Plant Maintenance (Synthetic AI Guild),Festo,Direct Automation Europe,SN-FAKE-FEST-0221,,,,"{""CostInHUF"": 850000, ""Status"": ""InStorage"", ""WarehouseLocation"": ""Warehouse Aisle D \u2013 Shelf 6-2"", ""InspectionDate"": ""2026-09-01T00:00:00Z"", ""CalibrationValidUntil"": ""2027-09-01T00:00:00Z"", ""AssetClass"": ""High-Value Serialized Spare""}",,org-maintenance,Warehouse Aisle D – Shelf 6-2,InStorage,,,,False,Assembly,,
HardwareComponent,SPARE-ATLAS-STR-61-0222,Synthetic Atlas Copco Tensor STR-61 Tightening Spindle #222,Plant Maintenance (Synthetic AI Guild),Atlas Copco,Direct Automation Europe,SN-FAKE-ATLA-0222,,,,"{""CostInHUF"": 3100000, ""Status"": ""InStorage"", ""WarehouseLocation"": ""Warehouse Aisle E \u2013 Shelf 7-3"", ""InspectionDate"": ""2026-09-01T00:00:00Z"", ""CalibrationValidUntil"": ""2027-09-01T00:00:00Z"", ""AssetClass"": ""High-Value Serialized Spare""}",,org-maintenance,Warehouse Aisle E – Shelf 7-3,InStorage,,,,False,Fastening,,
HardwareComponent,SPARE-SICK-MICROSCAN-0223,Synthetic SICK microScan3 Core Safety Laser Scanner #223,Plant Maintenance (Synthetic AI Guild),SICK,Direct Automation Europe,SN-FAKE-SICK-0223,,,,"{""CostInHUF"": 1250000, ""Status"": ""InStorage"", ""WarehouseLocation"": ""Warehouse Aisle F \u2013 Shelf 8-4"", ""InspectionDate"": ""2026-09-01T00:00:00Z"", ""CalibrationValidUntil"": ""2027-09-01T00:00:00Z"", ""AssetClass"": ""High-Value Serialized Spare""}",,org-maintenance,Warehouse Aisle F – Shelf 8-4,InStorage,,,,False,Assembly,,
HardwareComponent,SPARE-SEW-MOVIPRO-0224,Synthetic SEW Eurodrive MOVIPRO Decentralized Inverter #224,Plant Maintenance (Synthetic AI Guild),SEW Eurodrive,Direct Automation Europe,SN-FAKE-SEW -0224,,,,"{""CostInHUF"": 1600000, ""Status"": ""InStorage"", ""WarehouseLocation"": ""Warehouse Aisle G \u2013 Shelf 1-5"", ""InspectionDate"": ""2026-09-01T00:00:00Z"", ""CalibrationValidUntil"": ""2027-09-01T00:00:00Z"", ""AssetClass"": ""High-Value Serialized Spare""}",,org-maintenance,Warehouse Aisle G – Shelf 1-5,InStorage,,,,False,Assembly,,
HardwareComponent,SPARE-BALL-RFID-RWD-0225,Synthetic Balluff BIS-M 13.56MHz High-Temp RFID Reader #225,Plant Maintenance (Synthetic AI Guild),Balluff,Direct Automation Europe,SN-FAKE-BALL-0225,,,,"{""CostInHUF"": 480000, ""Status"": ""InStorage"", ""WarehouseLocation"": ""Warehouse Aisle A \u2013 Shelf 2-1"", ""InspectionDate"": ""2026-09-01T00:00:00Z"", ""CalibrationValidUntil"": ""2027-09-01T00:00:00Z"", ""AssetClass"": ""High-Value Serialized Spare""}",,org-maintenance,Warehouse Aisle A – Shelf 2-1,InStorage,,,,False,Test,,
HardwareComponent,SPARE-TRUMPF-OPTIC-0226,Synthetic Trumpf BEO D70 Laser Seam Optical Focus Head #226,Plant Maintenance (Synthetic AI Guild),Trumpf,Direct Automation Europe,SN-FAKE-TRUM-0226,,,,"{""CostInHUF"": 4500000, ""Status"": ""InStorage"", ""WarehouseLocation"": ""Warehouse Aisle B \u2013 Shelf 3-2"", ""InspectionDate"": ""2026-09-01T00:00:00Z"", ""CalibrationValidUntil"": ""2027-09-01T00:00:00Z"", ""AssetClass"": ""High-Value Serialized Spare""}",,org-maintenance,Warehouse Aisle B – Shelf 3-2,InStorage,,,,False,Welding,,
HardwareComponent,SPARE-TOX-E-PRESS-0227,Synthetic TOX ElectricDrive 50kN Servo Press Drive #227,Plant Maintenance (Synthetic AI Guild),TOX Pressotechnik,Direct Automation Europe,SN-FAKE-TOX -0227,,,,"{""CostInHUF"": 4800000, ""Status"": ""InStorage"", ""WarehouseLocation"": ""Warehouse Aisle C \u2013 Shelf 4-3"", ""InspectionDate"": ""2026-09-01T00:00:00Z"", ""CalibrationValidUntil"": ""2027-09-01T00:00:00Z"", ""AssetClass"": ""High-Value Serialized Spare""}",,org-maintenance,Warehouse Aisle C – Shelf 4-3,InStorage,,,,False,Fastening,,
HardwareComponent,SPARE-HIRS-BOBCAT-0228,Synthetic Hirschmann BRS20 Industrial Managed Switch #228,Plant Maintenance (Synthetic AI Guild),Hirschmann,Direct Automation Europe,SN-FAKE-HIRS-0228,,,,"{""CostInHUF"": 720000, ""Status"": ""InStorage"", ""WarehouseLocation"": ""Warehouse Aisle D \u2013 Shelf 5-4"", ""InspectionDate"": ""2026-09-01T00:00:00Z"", ""CalibrationValidUntil"": ""2027-09-01T00:00:00Z"", ""AssetClass"": ""High-Value Serialized Spare""}",,org-maintenance,Warehouse Aisle D – Shelf 5-4,InStorage,,,,False,Platform Operations,,
HardwareComponent,SPARE-SIEM-S7-1500-0229,Synthetic Siemens S7-1500 CPU 1516-3 PN/DP (Spare) #229,Plant Maintenance (Synthetic AI Guild),Siemens,Direct Automation Europe,SN-FAKE-SIEM-0229,,,,"{""CostInHUF"": 2850000, ""Status"": ""InStorage"", ""WarehouseLocation"": ""Warehouse Aisle E \u2013 Shelf 6-5"", ""InspectionDate"": ""2026-09-01T00:00:00Z"", ""CalibrationValidUntil"": ""2027-09-01T00:00:00Z"", ""AssetClass"": ""High-Value Serialized Spare""}",,org-maintenance,Warehouse Aisle E – Shelf 6-5,InStorage,,,,False,Assembly,,
HardwareComponent,SPARE-BECK-AX5000-0230,Synthetic Beckhoff AX5000 Servo Drive 12A (Spare) #230,Plant Maintenance (Synthetic AI Guild),Beckhoff,Direct Automation Europe,SN-FAKE-BECK-0230,,,,"{""CostInHUF"": 1450000, ""Status"": ""InStorage"", ""WarehouseLocation"": ""Warehouse Aisle F \u2013 Shelf 7-1"", ""InspectionDate"": ""2026-09-01T00:00:00Z"", ""CalibrationValidUntil"": ""2027-09-01T00:00:00Z"", ""AssetClass"": ""High-Value Serialized Spare""}",,org-maintenance,Warehouse Aisle F – Shelf 7-1,InStorage,,,,False,Robotics,,
HardwareComponent,SPARE-COGN-IN9912-0231,Synthetic Cognex In-Sight 9912 12MP Inspection Camera #231,Plant Maintenance (Synthetic AI Guild),Cognex,Direct Automation Europe,SN-FAKE-COGN-0231,,,,"{""CostInHUF"": 2200000, ""Status"": ""InStorage"", ""WarehouseLocation"": ""Warehouse Aisle G \u2013 Shelf 8-2"", ""InspectionDate"": ""2026-09-01T00:00:00Z"", ""CalibrationValidUntil"": ""2027-09-01T00:00:00Z"", ""AssetClass"": ""High-Value Serialized Spare""}",,org-maintenance,Warehouse Aisle G – Shelf 8-2,InStorage,,,,False,Test,,
HardwareComponent,SPARE-KUKA-KRC4-PC-0232,Synthetic KUKA KRC4 Industrial Robot Controller PC #232,Plant Maintenance (Synthetic AI Guild),KUKA,Direct Automation Europe,SN-FAKE-KUKA-0232,,,,"{""CostInHUF"": 3900000, ""Status"": ""InStorage"", ""WarehouseLocation"": ""Warehouse Aisle A \u2013 Shelf 1-3"", ""InspectionDate"": ""2026-09-01T00:00:00Z"", ""CalibrationValidUntil"": ""2027-09-01T00:00:00Z"", ""AssetClass"": ""High-Value Serialized Spare""}",,org-maintenance,Warehouse Aisle A – Shelf 1-3,InStorage,,,,False,Robotics,,
HardwareComponent,SPARE-FEST-VTUG-16-0233,Synthetic Festo VTUG Valve Terminal 16-Valve Multi #233,Plant Maintenance (Synthetic AI Guild),Festo,Direct Automation Europe,SN-FAKE-FEST-0233,,,,"{""CostInHUF"": 850000, ""Status"": ""InStorage"", ""WarehouseLocation"": ""Warehouse Aisle B \u2013 Shelf 2-4"", ""InspectionDate"": ""2026-09-01T00:00:00Z"", ""CalibrationValidUntil"": ""2027-09-01T00:00:00Z"", ""AssetClass"": ""High-Value Serialized Spare""}",,org-maintenance,Warehouse Aisle B – Shelf 2-4,InStorage,,,,False,Assembly,,
HardwareComponent,SPARE-ATLAS-STR-61-0234,Synthetic Atlas Copco Tensor STR-61 Tightening Spindle #234,Plant Maintenance (Synthetic AI Guild),Atlas Copco,Direct Automation Europe,SN-FAKE-ATLA-0234,,,,"{""CostInHUF"": 3100000, ""Status"": ""InStorage"", ""WarehouseLocation"": ""Warehouse Aisle C \u2013 Shelf 3-5"", ""InspectionDate"": ""2026-09-01T00:00:00Z"", ""CalibrationValidUntil"": ""2027-09-01T00:00:00Z"", ""AssetClass"": ""High-Value Serialized Spare""}",,org-maintenance,Warehouse Aisle C – Shelf 3-5,InStorage,,,,False,Fastening,,
HardwareComponent,SPARE-SICK-MICROSCAN-0235,Synthetic SICK microScan3 Core Safety Laser Scanner #235,Plant Maintenance (Synthetic AI Guild),SICK,Direct Automation Europe,SN-FAKE-SICK-0235,,,,"{""CostInHUF"": 1250000, ""Status"": ""InStorage"", ""WarehouseLocation"": ""Warehouse Aisle D \u2013 Shelf 4-1"", ""InspectionDate"": ""2026-09-01T00:00:00Z"", ""CalibrationValidUntil"": ""2027-09-01T00:00:00Z"", ""AssetClass"": ""High-Value Serialized Spare""}",,org-maintenance,Warehouse Aisle D – Shelf 4-1,InStorage,,,,False,Assembly,,
HardwareComponent,SPARE-SEW-MOVIPRO-0236,Synthetic SEW Eurodrive MOVIPRO Decentralized Inverter #236,Plant Maintenance (Synthetic AI Guild),SEW Eurodrive,Direct Automation Europe,SN-FAKE-SEW -0236,,,,"{""CostInHUF"": 1600000, ""Status"": ""InStorage"", ""WarehouseLocation"": ""Warehouse Aisle E \u2013 Shelf 5-2"", ""InspectionDate"": ""2026-09-01T00:00:00Z"", ""CalibrationValidUntil"": ""2027-09-01T00:00:00Z"", ""AssetClass"": ""High-Value Serialized Spare""}",,org-maintenance,Warehouse Aisle E – Shelf 5-2,InStorage,,,,False,Assembly,,
HardwareComponent,SPARE-BALL-RFID-RWD-0237,Synthetic Balluff BIS-M 13.56MHz High-Temp RFID Reader #237,Plant Maintenance (Synthetic AI Guild),Balluff,Direct Automation Europe,SN-FAKE-BALL-0237,,,,"{""CostInHUF"": 480000, ""Status"": ""InStorage"", ""WarehouseLocation"": ""Warehouse Aisle F \u2013 Shelf 6-3"", ""InspectionDate"": ""2026-09-01T00:00:00Z"", ""CalibrationValidUntil"": ""2027-09-01T00:00:00Z"", ""AssetClass"": ""High-Value Serialized Spare""}",,org-maintenance,Warehouse Aisle F – Shelf 6-3,InStorage,,,,False,Test,,
HardwareComponent,SPARE-TRUMPF-OPTIC-0238,Synthetic Trumpf BEO D70 Laser Seam Optical Focus Head #238,Plant Maintenance (Synthetic AI Guild),Trumpf,Direct Automation Europe,SN-FAKE-TRUM-0238,,,,"{""CostInHUF"": 4500000, ""Status"": ""InStorage"", ""WarehouseLocation"": ""Warehouse Aisle G \u2013 Shelf 7-4"", ""InspectionDate"": ""2026-09-01T00:00:00Z"", ""CalibrationValidUntil"": ""2027-09-01T00:00:00Z"", ""AssetClass"": ""High-Value Serialized Spare""}",,org-maintenance,Warehouse Aisle G – Shelf 7-4,InStorage,,,,False,Welding,,
HardwareComponent,SPARE-TOX-E-PRESS-0239,Synthetic TOX ElectricDrive 50kN Servo Press Drive #239,Plant Maintenance (Synthetic AI Guild),TOX Pressotechnik,Direct Automation Europe,SN-FAKE-TOX -0239,,,,"{""CostInHUF"": 4800000, ""Status"": ""InStorage"", ""WarehouseLocation"": ""Warehouse Aisle A \u2013 Shelf 8-5"", ""InspectionDate"": ""2026-09-01T00:00:00Z"", ""CalibrationValidUntil"": ""2027-09-01T00:00:00Z"", ""AssetClass"": ""High-Value Serialized Spare""}",,org-maintenance,Warehouse Aisle A – Shelf 8-5,InStorage,,,,False,Fastening,,
HardwareComponent,SPARE-HIRS-BOBCAT-0240,Synthetic Hirschmann BRS20 Industrial Managed Switch #240,Plant Maintenance (Synthetic AI Guild),Hirschmann,Direct Automation Europe,SN-FAKE-HIRS-0240,,,,"{""CostInHUF"": 720000, ""Status"": ""InStorage"", ""WarehouseLocation"": ""Warehouse Aisle B \u2013 Shelf 1-1"", ""InspectionDate"": ""2026-09-01T00:00:00Z"", ""CalibrationValidUntil"": ""2027-09-01T00:00:00Z"", ""AssetClass"": ""High-Value Serialized Spare""}",,org-maintenance,Warehouse Aisle B – Shelf 1-1,InStorage,,,,False,Platform Operations,,
HardwareComponent,SPARE-SIEM-S7-1500-0241,Synthetic Siemens S7-1500 CPU 1516-3 PN/DP (Spare) #241,Plant Maintenance (Synthetic AI Guild),Siemens,Direct Automation Europe,SN-FAKE-SIEM-0241,,,,"{""CostInHUF"": 2850000, ""Status"": ""InStorage"", ""WarehouseLocation"": ""Warehouse Aisle C \u2013 Shelf 2-2"", ""InspectionDate"": ""2026-09-01T00:00:00Z"", ""CalibrationValidUntil"": ""2027-09-01T00:00:00Z"", ""AssetClass"": ""High-Value Serialized Spare""}",,org-maintenance,Warehouse Aisle C – Shelf 2-2,InStorage,,,,False,Assembly,,
HardwareComponent,SPARE-BECK-AX5000-0242,Synthetic Beckhoff AX5000 Servo Drive 12A (Spare) #242,Plant Maintenance (Synthetic AI Guild),Beckhoff,Direct Automation Europe,SN-FAKE-BECK-0242,,,,"{""CostInHUF"": 1450000, ""Status"": ""InStorage"", ""WarehouseLocation"": ""Warehouse Aisle D \u2013 Shelf 3-3"", ""InspectionDate"": ""2026-09-01T00:00:00Z"", ""CalibrationValidUntil"": ""2027-09-01T00:00:00Z"", ""AssetClass"": ""High-Value Serialized Spare""}",,org-maintenance,Warehouse Aisle D – Shelf 3-3,InStorage,,,,False,Robotics,,
HardwareComponent,SPARE-COGN-IN9912-0243,Synthetic Cognex In-Sight 9912 12MP Inspection Camera #243,Plant Maintenance (Synthetic AI Guild),Cognex,Direct Automation Europe,SN-FAKE-COGN-0243,,,,"{""CostInHUF"": 2200000, ""Status"": ""InStorage"", ""WarehouseLocation"": ""Warehouse Aisle E \u2013 Shelf 4-4"", ""InspectionDate"": ""2026-09-01T00:00:00Z"", ""CalibrationValidUntil"": ""2027-09-01T00:00:00Z"", ""AssetClass"": ""High-Value Serialized Spare""}",,org-maintenance,Warehouse Aisle E – Shelf 4-4,InStorage,,,,False,Test,,
HardwareComponent,SPARE-KUKA-KRC4-PC-0244,Synthetic KUKA KRC4 Industrial Robot Controller PC #244,Plant Maintenance (Synthetic AI Guild),KUKA,Direct Automation Europe,SN-FAKE-KUKA-0244,,,,"{""CostInHUF"": 3900000, ""Status"": ""InStorage"", ""WarehouseLocation"": ""Warehouse Aisle F \u2013 Shelf 5-5"", ""InspectionDate"": ""2026-09-01T00:00:00Z"", ""CalibrationValidUntil"": ""2027-09-01T00:00:00Z"", ""AssetClass"": ""High-Value Serialized Spare""}",,org-maintenance,Warehouse Aisle F – Shelf 5-5,InStorage,,,,False,Robotics,,
HardwareComponent,SPARE-FEST-VTUG-16-0245,Synthetic Festo VTUG Valve Terminal 16-Valve Multi #245,Plant Maintenance (Synthetic AI Guild),Festo,Direct Automation Europe,SN-FAKE-FEST-0245,,,,"{""CostInHUF"": 850000, ""Status"": ""InStorage"", ""WarehouseLocation"": ""Warehouse Aisle G \u2013 Shelf 6-1"", ""InspectionDate"": ""2026-09-01T00:00:00Z"", ""CalibrationValidUntil"": ""2027-09-01T00:00:00Z"", ""AssetClass"": ""High-Value Serialized Spare""}",,org-maintenance,Warehouse Aisle G – Shelf 6-1,InStorage,,,,False,Assembly,,
HardwareComponent,SPARE-ATLAS-STR-61-0246,Synthetic Atlas Copco Tensor STR-61 Tightening Spindle #246,Plant Maintenance (Synthetic AI Guild),Atlas Copco,Direct Automation Europe,SN-FAKE-ATLA-0246,,,,"{""CostInHUF"": 3100000, ""Status"": ""InStorage"", ""WarehouseLocation"": ""Warehouse Aisle A \u2013 Shelf 7-2"", ""InspectionDate"": ""2026-09-01T00:00:00Z"", ""CalibrationValidUntil"": ""2027-09-01T00:00:00Z"", ""AssetClass"": ""High-Value Serialized Spare""}",,org-maintenance,Warehouse Aisle A – Shelf 7-2,InStorage,,,,False,Fastening,,
HardwareComponent,SPARE-SICK-MICROSCAN-0247,Synthetic SICK microScan3 Core Safety Laser Scanner #247,Plant Maintenance (Synthetic AI Guild),SICK,Direct Automation Europe,SN-FAKE-SICK-0247,,,,"{""CostInHUF"": 1250000, ""Status"": ""InStorage"", ""WarehouseLocation"": ""Warehouse Aisle B \u2013 Shelf 8-3"", ""InspectionDate"": ""2026-09-01T00:00:00Z"", ""CalibrationValidUntil"": ""2027-09-01T00:00:00Z"", ""AssetClass"": ""High-Value Serialized Spare""}",,org-maintenance,Warehouse Aisle B – Shelf 8-3,InStorage,,,,False,Assembly,,
HardwareComponent,SPARE-SEW-MOVIPRO-0248,Synthetic SEW Eurodrive MOVIPRO Decentralized Inverter #248,Plant Maintenance (Synthetic AI Guild),SEW Eurodrive,Direct Automation Europe,SN-FAKE-SEW -0248,,,,"{""CostInHUF"": 1600000, ""Status"": ""InStorage"", ""WarehouseLocation"": ""Warehouse Aisle C \u2013 Shelf 1-4"", ""InspectionDate"": ""2026-09-01T00:00:00Z"", ""CalibrationValidUntil"": ""2027-09-01T00:00:00Z"", ""AssetClass"": ""High-Value Serialized Spare""}",,org-maintenance,Warehouse Aisle C – Shelf 1-4,InStorage,,,,False,Assembly,,
HardwareComponent,SPARE-BALL-RFID-RWD-0249,Synthetic Balluff BIS-M 13.56MHz High-Temp RFID Reader #249,Plant Maintenance (Synthetic AI Guild),Balluff,Direct Automation Europe,SN-FAKE-BALL-0249,,,,"{""CostInHUF"": 480000, ""Status"": ""InStorage"", ""WarehouseLocation"": ""Warehouse Aisle D \u2013 Shelf 2-5"", ""InspectionDate"": ""2026-09-01T00:00:00Z"", ""CalibrationValidUntil"": ""2027-09-01T00:00:00Z"", ""AssetClass"": ""High-Value Serialized Spare""}",,org-maintenance,Warehouse Aisle D – Shelf 2-5,InStorage,,,,False,Test,,
HardwareComponent,SPARE-TRUMPF-OPTIC-0250,Synthetic Trumpf BEO D70 Laser Seam Optical Focus Head #250,Plant Maintenance (Synthetic AI Guild),Trumpf,Direct Automation Europe,SN-FAKE-TRUM-0250,,,,"{""CostInHUF"": 4500000, ""Status"": ""InStorage"", ""WarehouseLocation"": ""Warehouse Aisle E \u2013 Shelf 3-1"", ""InspectionDate"": ""2026-09-01T00:00:00Z"", ""CalibrationValidUntil"": ""2027-09-01T00:00:00Z"", ""AssetClass"": ""High-Value Serialized Spare""}",,org-maintenance,Warehouse Aisle E – Shelf 3-1,InStorage,,,,False,Welding,,
HardwareComponent,SPARE-TOX-E-PRESS-0251,Synthetic TOX ElectricDrive 50kN Servo Press Drive #251,Plant Maintenance (Synthetic AI Guild),TOX Pressotechnik,Direct Automation Europe,SN-FAKE-TOX -0251,,,,"{""CostInHUF"": 4800000, ""Status"": ""InStorage"", ""WarehouseLocation"": ""Warehouse Aisle F \u2013 Shelf 4-2"", ""InspectionDate"": ""2026-09-01T00:00:00Z"", ""CalibrationValidUntil"": ""2027-09-01T00:00:00Z"", ""AssetClass"": ""High-Value Serialized Spare""}",,org-maintenance,Warehouse Aisle F – Shelf 4-2,InStorage,,,,False,Fastening,,
HardwareComponent,SPARE-HIRS-BOBCAT-0252,Synthetic Hirschmann BRS20 Industrial Managed Switch #252,Plant Maintenance (Synthetic AI Guild),Hirschmann,Direct Automation Europe,SN-FAKE-HIRS-0252,,,,"{""CostInHUF"": 720000, ""Status"": ""InStorage"", ""WarehouseLocation"": ""Warehouse Aisle G \u2013 Shelf 5-3"", ""InspectionDate"": ""2026-09-01T00:00:00Z"", ""CalibrationValidUntil"": ""2027-09-01T00:00:00Z"", ""AssetClass"": ""High-Value Serialized Spare""}",,org-maintenance,Warehouse Aisle G – Shelf 5-3,InStorage,,,,False,Platform Operations,,
HardwareComponent,SPARE-SIEM-S7-1500-0253,Synthetic Siemens S7-1500 CPU 1516-3 PN/DP (Spare) #253,Plant Maintenance (Synthetic AI Guild),Siemens,Direct Automation Europe,SN-FAKE-SIEM-0253,,,,"{""CostInHUF"": 2850000, ""Status"": ""InStorage"", ""WarehouseLocation"": ""Warehouse Aisle A \u2013 Shelf 6-4"", ""InspectionDate"": ""2026-09-01T00:00:00Z"", ""CalibrationValidUntil"": ""2027-09-01T00:00:00Z"", ""AssetClass"": ""High-Value Serialized Spare""}",,org-maintenance,Warehouse Aisle A – Shelf 6-4,InStorage,,,,False,Assembly,,
HardwareComponent,SPARE-BECK-AX5000-0254,Synthetic Beckhoff AX5000 Servo Drive 12A (Spare) #254,Plant Maintenance (Synthetic AI Guild),Beckhoff,Direct Automation Europe,SN-FAKE-BECK-0254,,,,"{""CostInHUF"": 1450000, ""Status"": ""InStorage"", ""WarehouseLocation"": ""Warehouse Aisle B \u2013 Shelf 7-5"", ""InspectionDate"": ""2026-09-01T00:00:00Z"", ""CalibrationValidUntil"": ""2027-09-01T00:00:00Z"", ""AssetClass"": ""High-Value Serialized Spare""}",,org-maintenance,Warehouse Aisle B – Shelf 7-5,InStorage,,,,False,Robotics,,
HardwareComponent,SPARE-COGN-IN9912-0255,Synthetic Cognex In-Sight 9912 12MP Inspection Camera #255,Plant Maintenance (Synthetic AI Guild),Cognex,Direct Automation Europe,SN-FAKE-COGN-0255,,,,"{""CostInHUF"": 2200000, ""Status"": ""InStorage"", ""WarehouseLocation"": ""Warehouse Aisle C \u2013 Shelf 8-1"", ""InspectionDate"": ""2026-09-01T00:00:00Z"", ""CalibrationValidUntil"": ""2027-09-01T00:00:00Z"", ""AssetClass"": ""High-Value Serialized Spare""}",,org-maintenance,Warehouse Aisle C – Shelf 8-1,InStorage,,,,False,Test,,
HardwareComponent,SPARE-KUKA-KRC4-PC-0256,Synthetic KUKA KRC4 Industrial Robot Controller PC #256,Plant Maintenance (Synthetic AI Guild),KUKA,Direct Automation Europe,SN-FAKE-KUKA-0256,,,,"{""CostInHUF"": 3900000, ""Status"": ""InStorage"", ""WarehouseLocation"": ""Warehouse Aisle D \u2013 Shelf 1-2"", ""InspectionDate"": ""2026-09-01T00:00:00Z"", ""CalibrationValidUntil"": ""2027-09-01T00:00:00Z"", ""AssetClass"": ""High-Value Serialized Spare""}",,org-maintenance,Warehouse Aisle D – Shelf 1-2,InStorage,,,,False,Robotics,,
HardwareComponent,SPARE-FEST-VTUG-16-0257,Synthetic Festo VTUG Valve Terminal 16-Valve Multi #257,Plant Maintenance (Synthetic AI Guild),Festo,Direct Automation Europe,SN-FAKE-FEST-0257,,,,"{""CostInHUF"": 850000, ""Status"": ""InStorage"", ""WarehouseLocation"": ""Warehouse Aisle E \u2013 Shelf 2-3"", ""InspectionDate"": ""2026-09-01T00:00:00Z"", ""CalibrationValidUntil"": ""2027-09-01T00:00:00Z"", ""AssetClass"": ""High-Value Serialized Spare""}",,org-maintenance,Warehouse Aisle E – Shelf 2-3,InStorage,,,,False,Assembly,,
HardwareComponent,SPARE-ATLAS-STR-61-0258,Synthetic Atlas Copco Tensor STR-61 Tightening Spindle #258,Plant Maintenance (Synthetic AI Guild),Atlas Copco,Direct Automation Europe,SN-FAKE-ATLA-0258,,,,"{""CostInHUF"": 3100000, ""Status"": ""InStorage"", ""WarehouseLocation"": ""Warehouse Aisle F \u2013 Shelf 3-4"", ""InspectionDate"": ""2026-09-01T00:00:00Z"", ""CalibrationValidUntil"": ""2027-09-01T00:00:00Z"", ""AssetClass"": ""High-Value Serialized Spare""}",,org-maintenance,Warehouse Aisle F – Shelf 3-4,InStorage,,,,False,Fastening,,
HardwareComponent,SPARE-SICK-MICROSCAN-0259,Synthetic SICK microScan3 Core Safety Laser Scanner #259,Plant Maintenance (Synthetic AI Guild),SICK,Direct Automation Europe,SN-FAKE-SICK-0259,,,,"{""CostInHUF"": 1250000, ""Status"": ""InStorage"", ""WarehouseLocation"": ""Warehouse Aisle G \u2013 Shelf 4-5"", ""InspectionDate"": ""2026-09-01T00:00:00Z"", ""CalibrationValidUntil"": ""2027-09-01T00:00:00Z"", ""AssetClass"": ""High-Value Serialized Spare""}",,org-maintenance,Warehouse Aisle G – Shelf 4-5,InStorage,,,,False,Assembly,,
HardwareComponent,SPARE-SEW-MOVIPRO-0260,Synthetic SEW Eurodrive MOVIPRO Decentralized Inverter #260,Plant Maintenance (Synthetic AI Guild),SEW Eurodrive,Direct Automation Europe,SN-FAKE-SEW -0260,,,,"{""CostInHUF"": 1600000, ""Status"": ""InStorage"", ""WarehouseLocation"": ""Warehouse Aisle A \u2013 Shelf 5-1"", ""InspectionDate"": ""2026-09-01T00:00:00Z"", ""CalibrationValidUntil"": ""2027-09-01T00:00:00Z"", ""AssetClass"": ""High-Value Serialized Spare""}",,org-maintenance,Warehouse Aisle A – Shelf 5-1,InStorage,,,,False,Assembly,,
HardwareComponent,SPARE-BALL-RFID-RWD-0261,Synthetic Balluff BIS-M 13.56MHz High-Temp RFID Reader #261,Plant Maintenance (Synthetic AI Guild),Balluff,Direct Automation Europe,SN-FAKE-BALL-0261,,,,"{""CostInHUF"": 480000, ""Status"": ""InStorage"", ""WarehouseLocation"": ""Warehouse Aisle B \u2013 Shelf 6-2"", ""InspectionDate"": ""2026-09-01T00:00:00Z"", ""CalibrationValidUntil"": ""2027-09-01T00:00:00Z"", ""AssetClass"": ""High-Value Serialized Spare""}",,org-maintenance,Warehouse Aisle B – Shelf 6-2,InStorage,,,,False,Test,,
HardwareComponent,SPARE-TRUMPF-OPTIC-0262,Synthetic Trumpf BEO D70 Laser Seam Optical Focus Head #262,Plant Maintenance (Synthetic AI Guild),Trumpf,Direct Automation Europe,SN-FAKE-TRUM-0262,,,,"{""CostInHUF"": 4500000, ""Status"": ""InStorage"", ""WarehouseLocation"": ""Warehouse Aisle C \u2013 Shelf 7-3"", ""InspectionDate"": ""2026-09-01T00:00:00Z"", ""CalibrationValidUntil"": ""2027-09-01T00:00:00Z"", ""AssetClass"": ""High-Value Serialized Spare""}",,org-maintenance,Warehouse Aisle C – Shelf 7-3,InStorage,,,,False,Welding,,
HardwareComponent,SPARE-TOX-E-PRESS-0263,Synthetic TOX ElectricDrive 50kN Servo Press Drive #263,Plant Maintenance (Synthetic AI Guild),TOX Pressotechnik,Direct Automation Europe,SN-FAKE-TOX -0263,,,,"{""CostInHUF"": 4800000, ""Status"": ""InStorage"", ""WarehouseLocation"": ""Warehouse Aisle D \u2013 Shelf 8-4"", ""InspectionDate"": ""2026-09-01T00:00:00Z"", ""CalibrationValidUntil"": ""2027-09-01T00:00:00Z"", ""AssetClass"": ""High-Value Serialized Spare""}",,org-maintenance,Warehouse Aisle D – Shelf 8-4,InStorage,,,,False,Fastening,,
HardwareComponent,SPARE-HIRS-BOBCAT-0264,Synthetic Hirschmann BRS20 Industrial Managed Switch #264,Plant Maintenance (Synthetic AI Guild),Hirschmann,Direct Automation Europe,SN-FAKE-HIRS-0264,,,,"{""CostInHUF"": 720000, ""Status"": ""InStorage"", ""WarehouseLocation"": ""Warehouse Aisle E \u2013 Shelf 1-5"", ""InspectionDate"": ""2026-09-01T00:00:00Z"", ""CalibrationValidUntil"": ""2027-09-01T00:00:00Z"", ""AssetClass"": ""High-Value Serialized Spare""}",,org-maintenance,Warehouse Aisle E – Shelf 1-5,InStorage,,,,False,Platform Operations,,
HardwareComponent,SPARE-SIEM-S7-1500-0265,Synthetic Siemens S7-1500 CPU 1516-3 PN/DP (Spare) #265,Plant Maintenance (Synthetic AI Guild),Siemens,Direct Automation Europe,SN-FAKE-SIEM-0265,,,,"{""CostInHUF"": 2850000, ""Status"": ""InStorage"", ""WarehouseLocation"": ""Warehouse Aisle F \u2013 Shelf 2-1"", ""InspectionDate"": ""2026-09-01T00:00:00Z"", ""CalibrationValidUntil"": ""2027-09-01T00:00:00Z"", ""AssetClass"": ""High-Value Serialized Spare""}",,org-maintenance,Warehouse Aisle F – Shelf 2-1,InStorage,,,,False,Assembly,,
HardwareComponent,SPARE-BECK-AX5000-0266,Synthetic Beckhoff AX5000 Servo Drive 12A (Spare) #266,Plant Maintenance (Synthetic AI Guild),Beckhoff,Direct Automation Europe,SN-FAKE-BECK-0266,,,,"{""CostInHUF"": 1450000, ""Status"": ""InStorage"", ""WarehouseLocation"": ""Warehouse Aisle G \u2013 Shelf 3-2"", ""InspectionDate"": ""2026-09-01T00:00:00Z"", ""CalibrationValidUntil"": ""2027-09-01T00:00:00Z"", ""AssetClass"": ""High-Value Serialized Spare""}",,org-maintenance,Warehouse Aisle G – Shelf 3-2,InStorage,,,,False,Robotics,,
HardwareComponent,SPARE-COGN-IN9912-0267,Synthetic Cognex In-Sight 9912 12MP Inspection Camera #267,Plant Maintenance (Synthetic AI Guild),Cognex,Direct Automation Europe,SN-FAKE-COGN-0267,,,,"{""CostInHUF"": 2200000, ""Status"": ""InStorage"", ""WarehouseLocation"": ""Warehouse Aisle A \u2013 Shelf 4-3"", ""InspectionDate"": ""2026-09-01T00:00:00Z"", ""CalibrationValidUntil"": ""2027-09-01T00:00:00Z"", ""AssetClass"": ""High-Value Serialized Spare""}",,org-maintenance,Warehouse Aisle A – Shelf 4-3,InStorage,,,,False,Test,,
HardwareComponent,SPARE-KUKA-KRC4-PC-0268,Synthetic KUKA KRC4 Industrial Robot Controller PC #268,Plant Maintenance (Synthetic AI Guild),KUKA,Direct Automation Europe,SN-FAKE-KUKA-0268,,,,"{""CostInHUF"": 3900000, ""Status"": ""InStorage"", ""WarehouseLocation"": ""Warehouse Aisle B \u2013 Shelf 5-4"", ""InspectionDate"": ""2026-09-01T00:00:00Z"", ""CalibrationValidUntil"": ""2027-09-01T00:00:00Z"", ""AssetClass"": ""High-Value Serialized Spare""}",,org-maintenance,Warehouse Aisle B – Shelf 5-4,InStorage,,,,False,Robotics,,
HardwareComponent,SPARE-FEST-VTUG-16-0269,Synthetic Festo VTUG Valve Terminal 16-Valve Multi #269,Plant Maintenance (Synthetic AI Guild),Festo,Direct Automation Europe,SN-FAKE-FEST-0269,,,,"{""CostInHUF"": 850000, ""Status"": ""InStorage"", ""WarehouseLocation"": ""Warehouse Aisle C \u2013 Shelf 6-5"", ""InspectionDate"": ""2026-09-01T00:00:00Z"", ""CalibrationValidUntil"": ""2027-09-01T00:00:00Z"", ""AssetClass"": ""High-Value Serialized Spare""}",,org-maintenance,Warehouse Aisle C – Shelf 6-5,InStorage,,,,False,Assembly,,
HardwareComponent,SPARE-ATLAS-STR-61-0270,Synthetic Atlas Copco Tensor STR-61 Tightening Spindle #270,Plant Maintenance (Synthetic AI Guild),Atlas Copco,Direct Automation Europe,SN-FAKE-ATLA-0270,,,,"{""CostInHUF"": 3100000, ""Status"": ""InStorage"", ""WarehouseLocation"": ""Warehouse Aisle D \u2013 Shelf 7-1"", ""InspectionDate"": ""2026-09-01T00:00:00Z"", ""CalibrationValidUntil"": ""2027-09-01T00:00:00Z"", ""AssetClass"": ""High-Value Serialized Spare""}",,org-maintenance,Warehouse Aisle D – Shelf 7-1,InStorage,,,,False,Fastening,,
HardwareComponent,SPARE-SICK-MICROSCAN-0271,Synthetic SICK microScan3 Core Safety Laser Scanner #271,Plant Maintenance (Synthetic AI Guild),SICK,Direct Automation Europe,SN-FAKE-SICK-0271,,,,"{""CostInHUF"": 1250000, ""Status"": ""InStorage"", ""WarehouseLocation"": ""Warehouse Aisle E \u2013 Shelf 8-2"", ""InspectionDate"": ""2026-09-01T00:00:00Z"", ""CalibrationValidUntil"": ""2027-09-01T00:00:00Z"", ""AssetClass"": ""High-Value Serialized Spare""}",,org-maintenance,Warehouse Aisle E – Shelf 8-2,InStorage,,,,False,Assembly,,
HardwareComponent,SPARE-SEW-MOVIPRO-0272,Synthetic SEW Eurodrive MOVIPRO Decentralized Inverter #272,Plant Maintenance (Synthetic AI Guild),SEW Eurodrive,Direct Automation Europe,SN-FAKE-SEW -0272,,,,"{""CostInHUF"": 1600000, ""Status"": ""InStorage"", ""WarehouseLocation"": ""Warehouse Aisle F \u2013 Shelf 1-3"", ""InspectionDate"": ""2026-09-01T00:00:00Z"", ""CalibrationValidUntil"": ""2027-09-01T00:00:00Z"", ""AssetClass"": ""High-Value Serialized Spare""}",,org-maintenance,Warehouse Aisle F – Shelf 1-3,InStorage,,,,False,Assembly,,
HardwareComponent,SPARE-BALL-RFID-RWD-0273,Synthetic Balluff BIS-M 13.56MHz High-Temp RFID Reader #273,Plant Maintenance (Synthetic AI Guild),Balluff,Direct Automation Europe,SN-FAKE-BALL-0273,,,,"{""CostInHUF"": 480000, ""Status"": ""InStorage"", ""WarehouseLocation"": ""Warehouse Aisle G \u2013 Shelf 2-4"", ""InspectionDate"": ""2026-09-01T00:00:00Z"", ""CalibrationValidUntil"": ""2027-09-01T00:00:00Z"", ""AssetClass"": ""High-Value Serialized Spare""}",,org-maintenance,Warehouse Aisle G – Shelf 2-4,InStorage,,,,False,Test,,
HardwareComponent,SPARE-TRUMPF-OPTIC-0274,Synthetic Trumpf BEO D70 Laser Seam Optical Focus Head #274,Plant Maintenance (Synthetic AI Guild),Trumpf,Direct Automation Europe,SN-FAKE-TRUM-0274,,,,"{""CostInHUF"": 4500000, ""Status"": ""InStorage"", ""WarehouseLocation"": ""Warehouse Aisle A \u2013 Shelf 3-5"", ""InspectionDate"": ""2026-09-01T00:00:00Z"", ""CalibrationValidUntil"": ""2027-09-01T00:00:00Z"", ""AssetClass"": ""High-Value Serialized Spare""}",,org-maintenance,Warehouse Aisle A – Shelf 3-5,InStorage,,,,False,Welding,,
HardwareComponent,SPARE-TOX-E-PRESS-0275,Synthetic TOX ElectricDrive 50kN Servo Press Drive #275,Plant Maintenance (Synthetic AI Guild),TOX Pressotechnik,Direct Automation Europe,SN-FAKE-TOX -0275,,,,"{""CostInHUF"": 4800000, ""Status"": ""InStorage"", ""WarehouseLocation"": ""Warehouse Aisle B \u2013 Shelf 4-1"", ""InspectionDate"": ""2026-09-01T00:00:00Z"", ""CalibrationValidUntil"": ""2027-09-01T00:00:00Z"", ""AssetClass"": ""High-Value Serialized Spare""}",,org-maintenance,Warehouse Aisle B – Shelf 4-1,InStorage,,,,False,Fastening,,
HardwareComponent,SPARE-HIRS-BOBCAT-0276,Synthetic Hirschmann BRS20 Industrial Managed Switch #276,Plant Maintenance (Synthetic AI Guild),Hirschmann,Direct Automation Europe,SN-FAKE-HIRS-0276,,,,"{""CostInHUF"": 720000, ""Status"": ""InStorage"", ""WarehouseLocation"": ""Warehouse Aisle C \u2013 Shelf 5-2"", ""InspectionDate"": ""2026-09-01T00:00:00Z"", ""CalibrationValidUntil"": ""2027-09-01T00:00:00Z"", ""AssetClass"": ""High-Value Serialized Spare""}",,org-maintenance,Warehouse Aisle C – Shelf 5-2,InStorage,,,,False,Platform Operations,,
HardwareComponent,SPARE-SIEM-S7-1500-0277,Synthetic Siemens S7-1500 CPU 1516-3 PN/DP (Spare) #277,Plant Maintenance (Synthetic AI Guild),Siemens,Direct Automation Europe,SN-FAKE-SIEM-0277,,,,"{""CostInHUF"": 2850000, ""Status"": ""InStorage"", ""WarehouseLocation"": ""Warehouse Aisle D \u2013 Shelf 6-3"", ""InspectionDate"": ""2026-09-01T00:00:00Z"", ""CalibrationValidUntil"": ""2027-09-01T00:00:00Z"", ""AssetClass"": ""High-Value Serialized Spare""}",,org-maintenance,Warehouse Aisle D – Shelf 6-3,InStorage,,,,False,Assembly,,
HardwareComponent,SPARE-BECK-AX5000-0278,Synthetic Beckhoff AX5000 Servo Drive 12A (Spare) #278,Plant Maintenance (Synthetic AI Guild),Beckhoff,Direct Automation Europe,SN-FAKE-BECK-0278,,,,"{""CostInHUF"": 1450000, ""Status"": ""InStorage"", ""WarehouseLocation"": ""Warehouse Aisle E \u2013 Shelf 7-4"", ""InspectionDate"": ""2026-09-01T00:00:00Z"", ""CalibrationValidUntil"": ""2027-09-01T00:00:00Z"", ""AssetClass"": ""High-Value Serialized Spare""}",,org-maintenance,Warehouse Aisle E – Shelf 7-4,InStorage,,,,False,Robotics,,
HardwareComponent,SPARE-COGN-IN9912-0279,Synthetic Cognex In-Sight 9912 12MP Inspection Camera #279,Plant Maintenance (Synthetic AI Guild),Cognex,Direct Automation Europe,SN-FAKE-COGN-0279,,,,"{""CostInHUF"": 2200000, ""Status"": ""InStorage"", ""WarehouseLocation"": ""Warehouse Aisle F \u2013 Shelf 8-5"", ""InspectionDate"": ""2026-09-01T00:00:00Z"", ""CalibrationValidUntil"": ""2027-09-01T00:00:00Z"", ""AssetClass"": ""High-Value Serialized Spare""}",,org-maintenance,Warehouse Aisle F – Shelf 8-5,InStorage,,,,False,Test,,
HardwareComponent,SPARE-KUKA-KRC4-PC-0280,Synthetic KUKA KRC4 Industrial Robot Controller PC #280,Plant Maintenance (Synthetic AI Guild),KUKA,Direct Automation Europe,SN-FAKE-KUKA-0280,,,,"{""CostInHUF"": 3900000, ""Status"": ""InStorage"", ""WarehouseLocation"": ""Warehouse Aisle G \u2013 Shelf 1-1"", ""InspectionDate"": ""2026-09-01T00:00:00Z"", ""CalibrationValidUntil"": ""2027-09-01T00:00:00Z"", ""AssetClass"": ""High-Value Serialized Spare""}",,org-maintenance,Warehouse Aisle G – Shelf 1-1,InStorage,,,,False,Robotics,,
HardwareComponent,SPARE-FEST-VTUG-16-0281,Synthetic Festo VTUG Valve Terminal 16-Valve Multi #281,Plant Maintenance (Synthetic AI Guild),Festo,Direct Automation Europe,SN-FAKE-FEST-0281,,,,"{""CostInHUF"": 850000, ""Status"": ""InStorage"", ""WarehouseLocation"": ""Warehouse Aisle A \u2013 Shelf 2-2"", ""InspectionDate"": ""2026-09-01T00:00:00Z"", ""CalibrationValidUntil"": ""2027-09-01T00:00:00Z"", ""AssetClass"": ""High-Value Serialized Spare""}",,org-maintenance,Warehouse Aisle A – Shelf 2-2,InStorage,,,,False,Assembly,,
HardwareComponent,SPARE-ATLAS-STR-61-0282,Synthetic Atlas Copco Tensor STR-61 Tightening Spindle #282,Plant Maintenance (Synthetic AI Guild),Atlas Copco,Direct Automation Europe,SN-FAKE-ATLA-0282,,,,"{""CostInHUF"": 3100000, ""Status"": ""InStorage"", ""WarehouseLocation"": ""Warehouse Aisle B \u2013 Shelf 3-3"", ""InspectionDate"": ""2026-09-01T00:00:00Z"", ""CalibrationValidUntil"": ""2027-09-01T00:00:00Z"", ""AssetClass"": ""High-Value Serialized Spare""}",,org-maintenance,Warehouse Aisle B – Shelf 3-3,InStorage,,,,False,Fastening,,
HardwareComponent,SPARE-SICK-MICROSCAN-0283,Synthetic SICK microScan3 Core Safety Laser Scanner #283,Plant Maintenance (Synthetic AI Guild),SICK,Direct Automation Europe,SN-FAKE-SICK-0283,,,,"{""CostInHUF"": 1250000, ""Status"": ""InStorage"", ""WarehouseLocation"": ""Warehouse Aisle C \u2013 Shelf 4-4"", ""InspectionDate"": ""2026-09-01T00:00:00Z"", ""CalibrationValidUntil"": ""2027-09-01T00:00:00Z"", ""AssetClass"": ""High-Value Serialized Spare""}",,org-maintenance,Warehouse Aisle C – Shelf 4-4,InStorage,,,,False,Assembly,,
HardwareComponent,SPARE-SEW-MOVIPRO-0284,Synthetic SEW Eurodrive MOVIPRO Decentralized Inverter #284,Plant Maintenance (Synthetic AI Guild),SEW Eurodrive,Direct Automation Europe,SN-FAKE-SEW -0284,,,,"{""CostInHUF"": 1600000, ""Status"": ""InStorage"", ""WarehouseLocation"": ""Warehouse Aisle D \u2013 Shelf 5-5"", ""InspectionDate"": ""2026-09-01T00:00:00Z"", ""CalibrationValidUntil"": ""2027-09-01T00:00:00Z"", ""AssetClass"": ""High-Value Serialized Spare""}",,org-maintenance,Warehouse Aisle D – Shelf 5-5,InStorage,,,,False,Assembly,,
HardwareComponent,SPARE-BALL-RFID-RWD-0285,Synthetic Balluff BIS-M 13.56MHz High-Temp RFID Reader #285,Plant Maintenance (Synthetic AI Guild),Balluff,Direct Automation Europe,SN-FAKE-BALL-0285,,,,"{""CostInHUF"": 480000, ""Status"": ""InStorage"", ""WarehouseLocation"": ""Warehouse Aisle E \u2013 Shelf 6-1"", ""InspectionDate"": ""2026-09-01T00:00:00Z"", ""CalibrationValidUntil"": ""2027-09-01T00:00:00Z"", ""AssetClass"": ""High-Value Serialized Spare""}",,org-maintenance,Warehouse Aisle E – Shelf 6-1,InStorage,,,,False,Test,,
HardwareComponent,SPARE-TRUMPF-OPTIC-0286,Synthetic Trumpf BEO D70 Laser Seam Optical Focus Head #286,Plant Maintenance (Synthetic AI Guild),Trumpf,Direct Automation Europe,SN-FAKE-TRUM-0286,,,,"{""CostInHUF"": 4500000, ""Status"": ""InStorage"", ""WarehouseLocation"": ""Warehouse Aisle F \u2013 Shelf 7-2"", ""InspectionDate"": ""2026-09-01T00:00:00Z"", ""CalibrationValidUntil"": ""2027-09-01T00:00:00Z"", ""AssetClass"": ""High-Value Serialized Spare""}",,org-maintenance,Warehouse Aisle F – Shelf 7-2,InStorage,,,,False,Welding,,
HardwareComponent,SPARE-TOX-E-PRESS-0287,Synthetic TOX ElectricDrive 50kN Servo Press Drive #287,Plant Maintenance (Synthetic AI Guild),TOX Pressotechnik,Direct Automation Europe,SN-FAKE-TOX -0287,,,,"{""CostInHUF"": 4800000, ""Status"": ""InStorage"", ""WarehouseLocation"": ""Warehouse Aisle G \u2013 Shelf 8-3"", ""InspectionDate"": ""2026-09-01T00:00:00Z"", ""CalibrationValidUntil"": ""2027-09-01T00:00:00Z"", ""AssetClass"": ""High-Value Serialized Spare""}",,org-maintenance,Warehouse Aisle G – Shelf 8-3,InStorage,,,,False,Fastening,,
HardwareComponent,SPARE-HIRS-BOBCAT-0288,Synthetic Hirschmann BRS20 Industrial Managed Switch #288,Plant Maintenance (Synthetic AI Guild),Hirschmann,Direct Automation Europe,SN-FAKE-HIRS-0288,,,,"{""CostInHUF"": 720000, ""Status"": ""InStorage"", ""WarehouseLocation"": ""Warehouse Aisle A \u2013 Shelf 1-4"", ""InspectionDate"": ""2026-09-01T00:00:00Z"", ""CalibrationValidUntil"": ""2027-09-01T00:00:00Z"", ""AssetClass"": ""High-Value Serialized Spare""}",,org-maintenance,Warehouse Aisle A – Shelf 1-4,InStorage,,,,False,Platform Operations,,
HardwareComponent,SPARE-SIEM-S7-1500-0289,Synthetic Siemens S7-1500 CPU 1516-3 PN/DP (Spare) #289,Plant Maintenance (Synthetic AI Guild),Siemens,Direct Automation Europe,SN-FAKE-SIEM-0289,,,,"{""CostInHUF"": 2850000, ""Status"": ""InStorage"", ""WarehouseLocation"": ""Warehouse Aisle B \u2013 Shelf 2-5"", ""InspectionDate"": ""2026-09-01T00:00:00Z"", ""CalibrationValidUntil"": ""2027-09-01T00:00:00Z"", ""AssetClass"": ""High-Value Serialized Spare""}",,org-maintenance,Warehouse Aisle B – Shelf 2-5,InStorage,,,,False,Assembly,,
HardwareComponent,SPARE-BECK-AX5000-0290,Synthetic Beckhoff AX5000 Servo Drive 12A (Spare) #290,Plant Maintenance (Synthetic AI Guild),Beckhoff,Direct Automation Europe,SN-FAKE-BECK-0290,,,,"{""CostInHUF"": 1450000, ""Status"": ""InStorage"", ""WarehouseLocation"": ""Warehouse Aisle C \u2013 Shelf 3-1"", ""InspectionDate"": ""2026-09-01T00:00:00Z"", ""CalibrationValidUntil"": ""2027-09-01T00:00:00Z"", ""AssetClass"": ""High-Value Serialized Spare""}",,org-maintenance,Warehouse Aisle C – Shelf 3-1,InStorage,,,,False,Robotics,,
HardwareComponent,SPARE-COGN-IN9912-0291,Synthetic Cognex In-Sight 9912 12MP Inspection Camera #291,Plant Maintenance (Synthetic AI Guild),Cognex,Direct Automation Europe,SN-FAKE-COGN-0291,,,,"{""CostInHUF"": 2200000, ""Status"": ""InStorage"", ""WarehouseLocation"": ""Warehouse Aisle D \u2013 Shelf 4-2"", ""InspectionDate"": ""2026-09-01T00:00:00Z"", ""CalibrationValidUntil"": ""2027-09-01T00:00:00Z"", ""AssetClass"": ""High-Value Serialized Spare""}",,org-maintenance,Warehouse Aisle D – Shelf 4-2,InStorage,,,,False,Test,,
HardwareComponent,SPARE-KUKA-KRC4-PC-0292,Synthetic KUKA KRC4 Industrial Robot Controller PC #292,Plant Maintenance (Synthetic AI Guild),KUKA,Direct Automation Europe,SN-FAKE-KUKA-0292,,,,"{""CostInHUF"": 3900000, ""Status"": ""InStorage"", ""WarehouseLocation"": ""Warehouse Aisle E \u2013 Shelf 5-3"", ""InspectionDate"": ""2026-09-01T00:00:00Z"", ""CalibrationValidUntil"": ""2027-09-01T00:00:00Z"", ""AssetClass"": ""High-Value Serialized Spare""}",,org-maintenance,Warehouse Aisle E – Shelf 5-3,InStorage,,,,False,Robotics,,
HardwareComponent,SPARE-FEST-VTUG-16-0293,Synthetic Festo VTUG Valve Terminal 16-Valve Multi #293,Plant Maintenance (Synthetic AI Guild),Festo,Direct Automation Europe,SN-FAKE-FEST-0293,,,,"{""CostInHUF"": 850000, ""Status"": ""InStorage"", ""WarehouseLocation"": ""Warehouse Aisle F \u2013 Shelf 6-4"", ""InspectionDate"": ""2026-09-01T00:00:00Z"", ""CalibrationValidUntil"": ""2027-09-01T00:00:00Z"", ""AssetClass"": ""High-Value Serialized Spare""}",,org-maintenance,Warehouse Aisle F – Shelf 6-4,InStorage,,,,False,Assembly,,
HardwareComponent,SPARE-ATLAS-STR-61-0294,Synthetic Atlas Copco Tensor STR-61 Tightening Spindle #294,Plant Maintenance (Synthetic AI Guild),Atlas Copco,Direct Automation Europe,SN-FAKE-ATLA-0294,,,,"{""CostInHUF"": 3100000, ""Status"": ""InStorage"", ""WarehouseLocation"": ""Warehouse Aisle G \u2013 Shelf 7-5"", ""InspectionDate"": ""2026-09-01T00:00:00Z"", ""CalibrationValidUntil"": ""2027-09-01T00:00:00Z"", ""AssetClass"": ""High-Value Serialized Spare""}",,org-maintenance,Warehouse Aisle G – Shelf 7-5,InStorage,,,,False,Fastening,,
HardwareComponent,SPARE-SICK-MICROSCAN-0295,Synthetic SICK microScan3 Core Safety Laser Scanner #295,Plant Maintenance (Synthetic AI Guild),SICK,Direct Automation Europe,SN-FAKE-SICK-0295,,,,"{""CostInHUF"": 1250000, ""Status"": ""InStorage"", ""WarehouseLocation"": ""Warehouse Aisle A \u2013 Shelf 8-1"", ""InspectionDate"": ""2026-09-01T00:00:00Z"", ""CalibrationValidUntil"": ""2027-09-01T00:00:00Z"", ""AssetClass"": ""High-Value Serialized Spare""}",,org-maintenance,Warehouse Aisle A – Shelf 8-1,InStorage,,,,False,Assembly,,
HardwareComponent,SPARE-SEW-MOVIPRO-0296,Synthetic SEW Eurodrive MOVIPRO Decentralized Inverter #296,Plant Maintenance (Synthetic AI Guild),SEW Eurodrive,Direct Automation Europe,SN-FAKE-SEW -0296,,,,"{""CostInHUF"": 1600000, ""Status"": ""InStorage"", ""WarehouseLocation"": ""Warehouse Aisle B \u2013 Shelf 1-2"", ""InspectionDate"": ""2026-09-01T00:00:00Z"", ""CalibrationValidUntil"": ""2027-09-01T00:00:00Z"", ""AssetClass"": ""High-Value Serialized Spare""}",,org-maintenance,Warehouse Aisle B – Shelf 1-2,InStorage,,,,False,Assembly,,
HardwareComponent,SPARE-BALL-RFID-RWD-0297,Synthetic Balluff BIS-M 13.56MHz High-Temp RFID Reader #297,Plant Maintenance (Synthetic AI Guild),Balluff,Direct Automation Europe,SN-FAKE-BALL-0297,,,,"{""CostInHUF"": 480000, ""Status"": ""InStorage"", ""WarehouseLocation"": ""Warehouse Aisle C \u2013 Shelf 2-3"", ""InspectionDate"": ""2026-09-01T00:00:00Z"", ""CalibrationValidUntil"": ""2027-09-01T00:00:00Z"", ""AssetClass"": ""High-Value Serialized Spare""}",,org-maintenance,Warehouse Aisle C – Shelf 2-3,InStorage,,,,False,Test,,
HardwareComponent,SPARE-TRUMPF-OPTIC-0298,Synthetic Trumpf BEO D70 Laser Seam Optical Focus Head #298,Plant Maintenance (Synthetic AI Guild),Trumpf,Direct Automation Europe,SN-FAKE-TRUM-0298,,,,"{""CostInHUF"": 4500000, ""Status"": ""InStorage"", ""WarehouseLocation"": ""Warehouse Aisle D \u2013 Shelf 3-4"", ""InspectionDate"": ""2026-09-01T00:00:00Z"", ""CalibrationValidUntil"": ""2027-09-01T00:00:00Z"", ""AssetClass"": ""High-Value Serialized Spare""}",,org-maintenance,Warehouse Aisle D – Shelf 3-4,InStorage,,,,False,Welding,,
HardwareComponent,SPARE-TOX-E-PRESS-0299,Synthetic TOX ElectricDrive 50kN Servo Press Drive #299,Plant Maintenance (Synthetic AI Guild),TOX Pressotechnik,Direct Automation Europe,SN-FAKE-TOX -0299,,,,"{""CostInHUF"": 4800000, ""Status"": ""InStorage"", ""WarehouseLocation"": ""Warehouse Aisle E \u2013 Shelf 4-5"", ""InspectionDate"": ""2026-09-01T00:00:00Z"", ""CalibrationValidUntil"": ""2027-09-01T00:00:00Z"", ""AssetClass"": ""High-Value Serialized Spare""}",,org-maintenance,Warehouse Aisle E – Shelf 4-5,InStorage,,,,False,Fastening,,
HardwareComponent,SPARE-HIRS-BOBCAT-0300,Synthetic Hirschmann BRS20 Industrial Managed Switch #300,Plant Maintenance (Synthetic AI Guild),Hirschmann,Direct Automation Europe,SN-FAKE-HIRS-0300,,,,"{""CostInHUF"": 720000, ""Status"": ""InStorage"", ""WarehouseLocation"": ""Warehouse Aisle F \u2013 Shelf 5-1"", ""InspectionDate"": ""2026-09-01T00:00:00Z"", ""CalibrationValidUntil"": ""2027-09-01T00:00:00Z"", ""AssetClass"": ""High-Value Serialized Spare""}",,org-maintenance,Warehouse Aisle F – Shelf 5-1,InStorage,,,,False,Platform Operations,,
HardwareComponent,SPARE-SIEM-S7-1500-0301,Synthetic Siemens S7-1500 CPU 1516-3 PN/DP (Spare) #301,Plant Maintenance (Synthetic AI Guild),Siemens,Direct Automation Europe,SN-FAKE-SIEM-0301,,,,"{""CostInHUF"": 2850000, ""Status"": ""InStorage"", ""WarehouseLocation"": ""Warehouse Aisle G \u2013 Shelf 6-2"", ""InspectionDate"": ""2026-09-01T00:00:00Z"", ""CalibrationValidUntil"": ""2027-09-01T00:00:00Z"", ""AssetClass"": ""High-Value Serialized Spare""}",,org-maintenance,Warehouse Aisle G – Shelf 6-2,InStorage,,,,False,Assembly,,
HardwareComponent,SPARE-BECK-AX5000-0302,Synthetic Beckhoff AX5000 Servo Drive 12A (Spare) #302,Plant Maintenance (Synthetic AI Guild),Beckhoff,Direct Automation Europe,SN-FAKE-BECK-0302,,,,"{""CostInHUF"": 1450000, ""Status"": ""InStorage"", ""WarehouseLocation"": ""Warehouse Aisle A \u2013 Shelf 7-3"", ""InspectionDate"": ""2026-09-01T00:00:00Z"", ""CalibrationValidUntil"": ""2027-09-01T00:00:00Z"", ""AssetClass"": ""High-Value Serialized Spare""}",,org-maintenance,Warehouse Aisle A – Shelf 7-3,InStorage,,,,False,Robotics,,
HardwareComponent,SPARE-COGN-IN9912-0303,Synthetic Cognex In-Sight 9912 12MP Inspection Camera #303,Plant Maintenance (Synthetic AI Guild),Cognex,Direct Automation Europe,SN-FAKE-COGN-0303,,,,"{""CostInHUF"": 2200000, ""Status"": ""InStorage"", ""WarehouseLocation"": ""Warehouse Aisle B \u2013 Shelf 8-4"", ""InspectionDate"": ""2026-09-01T00:00:00Z"", ""CalibrationValidUntil"": ""2027-09-01T00:00:00Z"", ""AssetClass"": ""High-Value Serialized Spare""}",,org-maintenance,Warehouse Aisle B – Shelf 8-4,InStorage,,,,False,Test,,
HardwareComponent,SPARE-KUKA-KRC4-PC-0304,Synthetic KUKA KRC4 Industrial Robot Controller PC #304,Plant Maintenance (Synthetic AI Guild),KUKA,Direct Automation Europe,SN-FAKE-KUKA-0304,,,,"{""CostInHUF"": 3900000, ""Status"": ""InStorage"", ""WarehouseLocation"": ""Warehouse Aisle C \u2013 Shelf 1-5"", ""InspectionDate"": ""2026-09-01T00:00:00Z"", ""CalibrationValidUntil"": ""2027-09-01T00:00:00Z"", ""AssetClass"": ""High-Value Serialized Spare""}",,org-maintenance,Warehouse Aisle C – Shelf 1-5,InStorage,,,,False,Robotics,,
HardwareComponent,SPARE-FEST-VTUG-16-0305,Synthetic Festo VTUG Valve Terminal 16-Valve Multi #305,Plant Maintenance (Synthetic AI Guild),Festo,Direct Automation Europe,SN-FAKE-FEST-0305,,,,"{""CostInHUF"": 850000, ""Status"": ""InStorage"", ""WarehouseLocation"": ""Warehouse Aisle D \u2013 Shelf 2-1"", ""InspectionDate"": ""2026-09-01T00:00:00Z"", ""CalibrationValidUntil"": ""2027-09-01T00:00:00Z"", ""AssetClass"": ""High-Value Serialized Spare""}",,org-maintenance,Warehouse Aisle D – Shelf 2-1,InStorage,,,,False,Assembly,,
HardwareComponent,SPARE-ATLAS-STR-61-0306,Synthetic Atlas Copco Tensor STR-61 Tightening Spindle #306,Plant Maintenance (Synthetic AI Guild),Atlas Copco,Direct Automation Europe,SN-FAKE-ATLA-0306,,,,"{""CostInHUF"": 3100000, ""Status"": ""InStorage"", ""WarehouseLocation"": ""Warehouse Aisle E \u2013 Shelf 3-2"", ""InspectionDate"": ""2026-09-01T00:00:00Z"", ""CalibrationValidUntil"": ""2027-09-01T00:00:00Z"", ""AssetClass"": ""High-Value Serialized Spare""}",,org-maintenance,Warehouse Aisle E – Shelf 3-2,InStorage,,,,False,Fastening,,
HardwareComponent,SPARE-SICK-MICROSCAN-0307,Synthetic SICK microScan3 Core Safety Laser Scanner #307,Plant Maintenance (Synthetic AI Guild),SICK,Direct Automation Europe,SN-FAKE-SICK-0307,,,,"{""CostInHUF"": 1250000, ""Status"": ""InStorage"", ""WarehouseLocation"": ""Warehouse Aisle F \u2013 Shelf 4-3"", ""InspectionDate"": ""2026-09-01T00:00:00Z"", ""CalibrationValidUntil"": ""2027-09-01T00:00:00Z"", ""AssetClass"": ""High-Value Serialized Spare""}",,org-maintenance,Warehouse Aisle F – Shelf 4-3,InStorage,,,,False,Assembly,,
HardwareComponent,SPARE-SEW-MOVIPRO-0308,Synthetic SEW Eurodrive MOVIPRO Decentralized Inverter #308,Plant Maintenance (Synthetic AI Guild),SEW Eurodrive,Direct Automation Europe,SN-FAKE-SEW -0308,,,,"{""CostInHUF"": 1600000, ""Status"": ""InStorage"", ""WarehouseLocation"": ""Warehouse Aisle G \u2013 Shelf 5-4"", ""InspectionDate"": ""2026-09-01T00:00:00Z"", ""CalibrationValidUntil"": ""2027-09-01T00:00:00Z"", ""AssetClass"": ""High-Value Serialized Spare""}",,org-maintenance,Warehouse Aisle G – Shelf 5-4,InStorage,,,,False,Assembly,,
HardwareComponent,SPARE-BALL-RFID-RWD-0309,Synthetic Balluff BIS-M 13.56MHz High-Temp RFID Reader #309,Plant Maintenance (Synthetic AI Guild),Balluff,Direct Automation Europe,SN-FAKE-BALL-0309,,,,"{""CostInHUF"": 480000, ""Status"": ""InStorage"", ""WarehouseLocation"": ""Warehouse Aisle A \u2013 Shelf 6-5"", ""InspectionDate"": ""2026-09-01T00:00:00Z"", ""CalibrationValidUntil"": ""2027-09-01T00:00:00Z"", ""AssetClass"": ""High-Value Serialized Spare""}",,org-maintenance,Warehouse Aisle A – Shelf 6-5,InStorage,,,,False,Test,,
HardwareComponent,SPARE-TRUMPF-OPTIC-0310,Synthetic Trumpf BEO D70 Laser Seam Optical Focus Head #310,Plant Maintenance (Synthetic AI Guild),Trumpf,Direct Automation Europe,SN-FAKE-TRUM-0310,,,,"{""CostInHUF"": 4500000, ""Status"": ""InStorage"", ""WarehouseLocation"": ""Warehouse Aisle B \u2013 Shelf 7-1"", ""InspectionDate"": ""2026-09-01T00:00:00Z"", ""CalibrationValidUntil"": ""2027-09-01T00:00:00Z"", ""AssetClass"": ""High-Value Serialized Spare""}",,org-maintenance,Warehouse Aisle B – Shelf 7-1,InStorage,,,,False,Welding,,
HardwareComponent,SPARE-TOX-E-PRESS-0311,Synthetic TOX ElectricDrive 50kN Servo Press Drive #311,Plant Maintenance (Synthetic AI Guild),TOX Pressotechnik,Direct Automation Europe,SN-FAKE-TOX -0311,,,,"{""CostInHUF"": 4800000, ""Status"": ""InStorage"", ""WarehouseLocation"": ""Warehouse Aisle C \u2013 Shelf 8-2"", ""InspectionDate"": ""2026-09-01T00:00:00Z"", ""CalibrationValidUntil"": ""2027-09-01T00:00:00Z"", ""AssetClass"": ""High-Value Serialized Spare""}",,org-maintenance,Warehouse Aisle C – Shelf 8-2,InStorage,,,,False,Fastening,,
HardwareComponent,SPARE-HIRS-BOBCAT-0312,Synthetic Hirschmann BRS20 Industrial Managed Switch #312,Plant Maintenance (Synthetic AI Guild),Hirschmann,Direct Automation Europe,SN-FAKE-HIRS-0312,,,,"{""CostInHUF"": 720000, ""Status"": ""InStorage"", ""WarehouseLocation"": ""Warehouse Aisle D \u2013 Shelf 1-3"", ""InspectionDate"": ""2026-09-01T00:00:00Z"", ""CalibrationValidUntil"": ""2027-09-01T00:00:00Z"", ""AssetClass"": ""High-Value Serialized Spare""}",,org-maintenance,Warehouse Aisle D – Shelf 1-3,InStorage,,,,False,Platform Operations,,
HardwareComponent,SPARE-SIEM-S7-1500-0313,Synthetic Siemens S7-1500 CPU 1516-3 PN/DP (Spare) #313,Plant Maintenance (Synthetic AI Guild),Siemens,Direct Automation Europe,SN-FAKE-SIEM-0313,,,,"{""CostInHUF"": 2850000, ""Status"": ""InStorage"", ""WarehouseLocation"": ""Warehouse Aisle E \u2013 Shelf 2-4"", ""InspectionDate"": ""2026-09-01T00:00:00Z"", ""CalibrationValidUntil"": ""2027-09-01T00:00:00Z"", ""AssetClass"": ""High-Value Serialized Spare""}",,org-maintenance,Warehouse Aisle E – Shelf 2-4,InStorage,,,,False,Assembly,,
HardwareComponent,SPARE-BECK-AX5000-0314,Synthetic Beckhoff AX5000 Servo Drive 12A (Spare) #314,Plant Maintenance (Synthetic AI Guild),Beckhoff,Direct Automation Europe,SN-FAKE-BECK-0314,,,,"{""CostInHUF"": 1450000, ""Status"": ""InStorage"", ""WarehouseLocation"": ""Warehouse Aisle F \u2013 Shelf 3-5"", ""InspectionDate"": ""2026-09-01T00:00:00Z"", ""CalibrationValidUntil"": ""2027-09-01T00:00:00Z"", ""AssetClass"": ""High-Value Serialized Spare""}",,org-maintenance,Warehouse Aisle F – Shelf 3-5,InStorage,,,,False,Robotics,,
HardwareComponent,SPARE-COGN-IN9912-0315,Synthetic Cognex In-Sight 9912 12MP Inspection Camera #315,Plant Maintenance (Synthetic AI Guild),Cognex,Direct Automation Europe,SN-FAKE-COGN-0315,,,,"{""CostInHUF"": 2200000, ""Status"": ""InStorage"", ""WarehouseLocation"": ""Warehouse Aisle G \u2013 Shelf 4-1"", ""InspectionDate"": ""2026-09-01T00:00:00Z"", ""CalibrationValidUntil"": ""2027-09-01T00:00:00Z"", ""AssetClass"": ""High-Value Serialized Spare""}",,org-maintenance,Warehouse Aisle G – Shelf 4-1,InStorage,,,,False,Test,,
HardwareComponent,SPARE-KUKA-KRC4-PC-0316,Synthetic KUKA KRC4 Industrial Robot Controller PC #316,Plant Maintenance (Synthetic AI Guild),KUKA,Direct Automation Europe,SN-FAKE-KUKA-0316,,,,"{""CostInHUF"": 3900000, ""Status"": ""InStorage"", ""WarehouseLocation"": ""Warehouse Aisle A \u2013 Shelf 5-2"", ""InspectionDate"": ""2026-09-01T00:00:00Z"", ""CalibrationValidUntil"": ""2027-09-01T00:00:00Z"", ""AssetClass"": ""High-Value Serialized Spare""}",,org-maintenance,Warehouse Aisle A – Shelf 5-2,InStorage,,,,False,Robotics,,
HardwareComponent,SPARE-FEST-VTUG-16-0317,Synthetic Festo VTUG Valve Terminal 16-Valve Multi #317,Plant Maintenance (Synthetic AI Guild),Festo,Direct Automation Europe,SN-FAKE-FEST-0317,,,,"{""CostInHUF"": 850000, ""Status"": ""InStorage"", ""WarehouseLocation"": ""Warehouse Aisle B \u2013 Shelf 6-3"", ""InspectionDate"": ""2026-09-01T00:00:00Z"", ""CalibrationValidUntil"": ""2027-09-01T00:00:00Z"", ""AssetClass"": ""High-Value Serialized Spare""}",,org-maintenance,Warehouse Aisle B – Shelf 6-3,InStorage,,,,False,Assembly,,
HardwareComponent,SPARE-ATLAS-STR-61-0318,Synthetic Atlas Copco Tensor STR-61 Tightening Spindle #318,Plant Maintenance (Synthetic AI Guild),Atlas Copco,Direct Automation Europe,SN-FAKE-ATLA-0318,,,,"{""CostInHUF"": 3100000, ""Status"": ""InStorage"", ""WarehouseLocation"": ""Warehouse Aisle C \u2013 Shelf 7-4"", ""InspectionDate"": ""2026-09-01T00:00:00Z"", ""CalibrationValidUntil"": ""2027-09-01T00:00:00Z"", ""AssetClass"": ""High-Value Serialized Spare""}",,org-maintenance,Warehouse Aisle C – Shelf 7-4,InStorage,,,,False,Fastening,,
HardwareComponent,SPARE-SICK-MICROSCAN-0319,Synthetic SICK microScan3 Core Safety Laser Scanner #319,Plant Maintenance (Synthetic AI Guild),SICK,Direct Automation Europe,SN-FAKE-SICK-0319,,,,"{""CostInHUF"": 1250000, ""Status"": ""InStorage"", ""WarehouseLocation"": ""Warehouse Aisle D \u2013 Shelf 8-5"", ""InspectionDate"": ""2026-09-01T00:00:00Z"", ""CalibrationValidUntil"": ""2027-09-01T00:00:00Z"", ""AssetClass"": ""High-Value Serialized Spare""}",,org-maintenance,Warehouse Aisle D – Shelf 8-5,InStorage,,,,False,Assembly,,
HardwareComponent,SPARE-SEW-MOVIPRO-0320,Synthetic SEW Eurodrive MOVIPRO Decentralized Inverter #320,Plant Maintenance (Synthetic AI Guild),SEW Eurodrive,Direct Automation Europe,SN-FAKE-SEW -0320,,,,"{""CostInHUF"": 1600000, ""Status"": ""InStorage"", ""WarehouseLocation"": ""Warehouse Aisle E \u2013 Shelf 1-1"", ""InspectionDate"": ""2026-09-01T00:00:00Z"", ""CalibrationValidUntil"": ""2027-09-01T00:00:00Z"", ""AssetClass"": ""High-Value Serialized Spare""}",,org-maintenance,Warehouse Aisle E – Shelf 1-1,InStorage,,,,False,Assembly,,
HardwareComponent,SPARE-BALL-RFID-RWD-0321,Synthetic Balluff BIS-M 13.56MHz High-Temp RFID Reader #321,Plant Maintenance (Synthetic AI Guild),Balluff,Direct Automation Europe,SN-FAKE-BALL-0321,,,,"{""CostInHUF"": 480000, ""Status"": ""InStorage"", ""WarehouseLocation"": ""Warehouse Aisle F \u2013 Shelf 2-2"", ""InspectionDate"": ""2026-09-01T00:00:00Z"", ""CalibrationValidUntil"": ""2027-09-01T00:00:00Z"", ""AssetClass"": ""High-Value Serialized Spare""}",,org-maintenance,Warehouse Aisle F – Shelf 2-2,InStorage,,,,False,Test,,
HardwareComponent,SPARE-TRUMPF-OPTIC-0322,Synthetic Trumpf BEO D70 Laser Seam Optical Focus Head #322,Plant Maintenance (Synthetic AI Guild),Trumpf,Direct Automation Europe,SN-FAKE-TRUM-0322,,,,"{""CostInHUF"": 4500000, ""Status"": ""InStorage"", ""WarehouseLocation"": ""Warehouse Aisle G \u2013 Shelf 3-3"", ""InspectionDate"": ""2026-09-01T00:00:00Z"", ""CalibrationValidUntil"": ""2027-09-01T00:00:00Z"", ""AssetClass"": ""High-Value Serialized Spare""}",,org-maintenance,Warehouse Aisle G – Shelf 3-3,InStorage,,,,False,Welding,,
HardwareComponent,SPARE-TOX-E-PRESS-0323,Synthetic TOX ElectricDrive 50kN Servo Press Drive #323,Plant Maintenance (Synthetic AI Guild),TOX Pressotechnik,Direct Automation Europe,SN-FAKE-TOX -0323,,,,"{""CostInHUF"": 4800000, ""Status"": ""InStorage"", ""WarehouseLocation"": ""Warehouse Aisle A \u2013 Shelf 4-4"", ""InspectionDate"": ""2026-09-01T00:00:00Z"", ""CalibrationValidUntil"": ""2027-09-01T00:00:00Z"", ""AssetClass"": ""High-Value Serialized Spare""}",,org-maintenance,Warehouse Aisle A – Shelf 4-4,InStorage,,,,False,Fastening,,
HardwareComponent,SPARE-HIRS-BOBCAT-0324,Synthetic Hirschmann BRS20 Industrial Managed Switch #324,Plant Maintenance (Synthetic AI Guild),Hirschmann,Direct Automation Europe,SN-FAKE-HIRS-0324,,,,"{""CostInHUF"": 720000, ""Status"": ""InStorage"", ""WarehouseLocation"": ""Warehouse Aisle B \u2013 Shelf 5-5"", ""InspectionDate"": ""2026-09-01T00:00:00Z"", ""CalibrationValidUntil"": ""2027-09-01T00:00:00Z"", ""AssetClass"": ""High-Value Serialized Spare""}",,org-maintenance,Warehouse Aisle B – Shelf 5-5,InStorage,,,,False,Platform Operations,,
HardwareComponent,SPARE-SIEM-S7-1500-0325,Synthetic Siemens S7-1500 CPU 1516-3 PN/DP (Spare) #325,Plant Maintenance (Synthetic AI Guild),Siemens,Direct Automation Europe,SN-FAKE-SIEM-0325,,,,"{""CostInHUF"": 2850000, ""Status"": ""InStorage"", ""WarehouseLocation"": ""Warehouse Aisle C \u2013 Shelf 6-1"", ""InspectionDate"": ""2026-09-01T00:00:00Z"", ""CalibrationValidUntil"": ""2027-09-01T00:00:00Z"", ""AssetClass"": ""High-Value Serialized Spare""}",,org-maintenance,Warehouse Aisle C – Shelf 6-1,InStorage,,,,False,Assembly,,
HardwareComponent,SPARE-BECK-AX5000-0326,Synthetic Beckhoff AX5000 Servo Drive 12A (Spare) #326,Plant Maintenance (Synthetic AI Guild),Beckhoff,Direct Automation Europe,SN-FAKE-BECK-0326,,,,"{""CostInHUF"": 1450000, ""Status"": ""InStorage"", ""WarehouseLocation"": ""Warehouse Aisle D \u2013 Shelf 7-2"", ""InspectionDate"": ""2026-09-01T00:00:00Z"", ""CalibrationValidUntil"": ""2027-09-01T00:00:00Z"", ""AssetClass"": ""High-Value Serialized Spare""}",,org-maintenance,Warehouse Aisle D – Shelf 7-2,InStorage,,,,False,Robotics,,
HardwareComponent,SPARE-COGN-IN9912-0327,Synthetic Cognex In-Sight 9912 12MP Inspection Camera #327,Plant Maintenance (Synthetic AI Guild),Cognex,Direct Automation Europe,SN-FAKE-COGN-0327,,,,"{""CostInHUF"": 2200000, ""Status"": ""InStorage"", ""WarehouseLocation"": ""Warehouse Aisle E \u2013 Shelf 8-3"", ""InspectionDate"": ""2026-09-01T00:00:00Z"", ""CalibrationValidUntil"": ""2027-09-01T00:00:00Z"", ""AssetClass"": ""High-Value Serialized Spare""}",,org-maintenance,Warehouse Aisle E – Shelf 8-3,InStorage,,,,False,Test,,
HardwareComponent,SPARE-KUKA-KRC4-PC-0328,Synthetic KUKA KRC4 Industrial Robot Controller PC #328,Plant Maintenance (Synthetic AI Guild),KUKA,Direct Automation Europe,SN-FAKE-KUKA-0328,,,,"{""CostInHUF"": 3900000, ""Status"": ""InStorage"", ""WarehouseLocation"": ""Warehouse Aisle F \u2013 Shelf 1-4"", ""InspectionDate"": ""2026-09-01T00:00:00Z"", ""CalibrationValidUntil"": ""2027-09-01T00:00:00Z"", ""AssetClass"": ""High-Value Serialized Spare""}",,org-maintenance,Warehouse Aisle F – Shelf 1-4,InStorage,,,,False,Robotics,,
HardwareComponent,SPARE-FEST-VTUG-16-0329,Synthetic Festo VTUG Valve Terminal 16-Valve Multi #329,Plant Maintenance (Synthetic AI Guild),Festo,Direct Automation Europe,SN-FAKE-FEST-0329,,,,"{""CostInHUF"": 850000, ""Status"": ""InStorage"", ""WarehouseLocation"": ""Warehouse Aisle G \u2013 Shelf 2-5"", ""InspectionDate"": ""2026-09-01T00:00:00Z"", ""CalibrationValidUntil"": ""2027-09-01T00:00:00Z"", ""AssetClass"": ""High-Value Serialized Spare""}",,org-maintenance,Warehouse Aisle G – Shelf 2-5,InStorage,,,,False,Assembly,,
HardwareComponent,SPARE-ATLAS-STR-61-0330,Synthetic Atlas Copco Tensor STR-61 Tightening Spindle #330,Plant Maintenance (Synthetic AI Guild),Atlas Copco,Direct Automation Europe,SN-FAKE-ATLA-0330,,,,"{""CostInHUF"": 3100000, ""Status"": ""InStorage"", ""WarehouseLocation"": ""Warehouse Aisle A \u2013 Shelf 3-1"", ""InspectionDate"": ""2026-09-01T00:00:00Z"", ""CalibrationValidUntil"": ""2027-09-01T00:00:00Z"", ""AssetClass"": ""High-Value Serialized Spare""}",,org-maintenance,Warehouse Aisle A – Shelf 3-1,InStorage,,,,False,Fastening,,
HardwareComponent,SPARE-SICK-MICROSCAN-0331,Synthetic SICK microScan3 Core Safety Laser Scanner #331,Plant Maintenance (Synthetic AI Guild),SICK,Direct Automation Europe,SN-FAKE-SICK-0331,,,,"{""CostInHUF"": 1250000, ""Status"": ""InStorage"", ""WarehouseLocation"": ""Warehouse Aisle B \u2013 Shelf 4-2"", ""InspectionDate"": ""2026-09-01T00:00:00Z"", ""CalibrationValidUntil"": ""2027-09-01T00:00:00Z"", ""AssetClass"": ""High-Value Serialized Spare""}",,org-maintenance,Warehouse Aisle B – Shelf 4-2,InStorage,,,,False,Assembly,,
HardwareComponent,SPARE-SEW-MOVIPRO-0332,Synthetic SEW Eurodrive MOVIPRO Decentralized Inverter #332,Plant Maintenance (Synthetic AI Guild),SEW Eurodrive,Direct Automation Europe,SN-FAKE-SEW -0332,,,,"{""CostInHUF"": 1600000, ""Status"": ""InStorage"", ""WarehouseLocation"": ""Warehouse Aisle C \u2013 Shelf 5-3"", ""InspectionDate"": ""2026-09-01T00:00:00Z"", ""CalibrationValidUntil"": ""2027-09-01T00:00:00Z"", ""AssetClass"": ""High-Value Serialized Spare""}",,org-maintenance,Warehouse Aisle C – Shelf 5-3,InStorage,,,,False,Assembly,,
HardwareComponent,SPARE-BALL-RFID-RWD-0333,Synthetic Balluff BIS-M 13.56MHz High-Temp RFID Reader #333,Plant Maintenance (Synthetic AI Guild),Balluff,Direct Automation Europe,SN-FAKE-BALL-0333,,,,"{""CostInHUF"": 480000, ""Status"": ""InStorage"", ""WarehouseLocation"": ""Warehouse Aisle D \u2013 Shelf 6-4"", ""InspectionDate"": ""2026-09-01T00:00:00Z"", ""CalibrationValidUntil"": ""2027-09-01T00:00:00Z"", ""AssetClass"": ""High-Value Serialized Spare""}",,org-maintenance,Warehouse Aisle D – Shelf 6-4,InStorage,,,,False,Test,,
HardwareComponent,SPARE-TRUMPF-OPTIC-0334,Synthetic Trumpf BEO D70 Laser Seam Optical Focus Head #334,Plant Maintenance (Synthetic AI Guild),Trumpf,Direct Automation Europe,SN-FAKE-TRUM-0334,,,,"{""CostInHUF"": 4500000, ""Status"": ""InStorage"", ""WarehouseLocation"": ""Warehouse Aisle E \u2013 Shelf 7-5"", ""InspectionDate"": ""2026-09-01T00:00:00Z"", ""CalibrationValidUntil"": ""2027-09-01T00:00:00Z"", ""AssetClass"": ""High-Value Serialized Spare""}",,org-maintenance,Warehouse Aisle E – Shelf 7-5,InStorage,,,,False,Welding,,
HardwareComponent,SPARE-TOX-E-PRESS-0335,Synthetic TOX ElectricDrive 50kN Servo Press Drive #335,Plant Maintenance (Synthetic AI Guild),TOX Pressotechnik,Direct Automation Europe,SN-FAKE-TOX -0335,,,,"{""CostInHUF"": 4800000, ""Status"": ""InStorage"", ""WarehouseLocation"": ""Warehouse Aisle F \u2013 Shelf 8-1"", ""InspectionDate"": ""2026-09-01T00:00:00Z"", ""CalibrationValidUntil"": ""2027-09-01T00:00:00Z"", ""AssetClass"": ""High-Value Serialized Spare""}",,org-maintenance,Warehouse Aisle F – Shelf 8-1,InStorage,,,,False,Fastening,,
HardwareComponent,SPARE-HIRS-BOBCAT-0336,Synthetic Hirschmann BRS20 Industrial Managed Switch #336,Plant Maintenance (Synthetic AI Guild),Hirschmann,Direct Automation Europe,SN-FAKE-HIRS-0336,,,,"{""CostInHUF"": 720000, ""Status"": ""InStorage"", ""WarehouseLocation"": ""Warehouse Aisle G \u2013 Shelf 1-2"", ""InspectionDate"": ""2026-09-01T00:00:00Z"", ""CalibrationValidUntil"": ""2027-09-01T00:00:00Z"", ""AssetClass"": ""High-Value Serialized Spare""}",,org-maintenance,Warehouse Aisle G – Shelf 1-2,InStorage,,,,False,Platform Operations,,
HardwareComponent,SPARE-SIEM-S7-1500-0337,Synthetic Siemens S7-1500 CPU 1516-3 PN/DP (Spare) #337,Plant Maintenance (Synthetic AI Guild),Siemens,Direct Automation Europe,SN-FAKE-SIEM-0337,,,,"{""CostInHUF"": 2850000, ""Status"": ""InStorage"", ""WarehouseLocation"": ""Warehouse Aisle A \u2013 Shelf 2-3"", ""InspectionDate"": ""2026-09-01T00:00:00Z"", ""CalibrationValidUntil"": ""2027-09-01T00:00:00Z"", ""AssetClass"": ""High-Value Serialized Spare""}",,org-maintenance,Warehouse Aisle A – Shelf 2-3,InStorage,,,,False,Assembly,,
HardwareComponent,SPARE-BECK-AX5000-0338,Synthetic Beckhoff AX5000 Servo Drive 12A (Spare) #338,Plant Maintenance (Synthetic AI Guild),Beckhoff,Direct Automation Europe,SN-FAKE-BECK-0338,,,,"{""CostInHUF"": 1450000, ""Status"": ""InStorage"", ""WarehouseLocation"": ""Warehouse Aisle B \u2013 Shelf 3-4"", ""InspectionDate"": ""2026-09-01T00:00:00Z"", ""CalibrationValidUntil"": ""2027-09-01T00:00:00Z"", ""AssetClass"": ""High-Value Serialized Spare""}",,org-maintenance,Warehouse Aisle B – Shelf 3-4,InStorage,,,,False,Robotics,,
HardwareComponent,SPARE-COGN-IN9912-0339,Synthetic Cognex In-Sight 9912 12MP Inspection Camera #339,Plant Maintenance (Synthetic AI Guild),Cognex,Direct Automation Europe,SN-FAKE-COGN-0339,,,,"{""CostInHUF"": 2200000, ""Status"": ""InStorage"", ""WarehouseLocation"": ""Warehouse Aisle C \u2013 Shelf 4-5"", ""InspectionDate"": ""2026-09-01T00:00:00Z"", ""CalibrationValidUntil"": ""2027-09-01T00:00:00Z"", ""AssetClass"": ""High-Value Serialized Spare""}",,org-maintenance,Warehouse Aisle C – Shelf 4-5,InStorage,,,,False,Test,,
HardwareComponent,SPARE-KUKA-KRC4-PC-0340,Synthetic KUKA KRC4 Industrial Robot Controller PC #340,Plant Maintenance (Synthetic AI Guild),KUKA,Direct Automation Europe,SN-FAKE-KUKA-0340,,,,"{""CostInHUF"": 3900000, ""Status"": ""InStorage"", ""WarehouseLocation"": ""Warehouse Aisle D \u2013 Shelf 5-1"", ""InspectionDate"": ""2026-09-01T00:00:00Z"", ""CalibrationValidUntil"": ""2027-09-01T00:00:00Z"", ""AssetClass"": ""High-Value Serialized Spare""}",,org-maintenance,Warehouse Aisle D – Shelf 5-1,InStorage,,,,False,Robotics,,
HardwareComponent,SPARE-FEST-VTUG-16-0341,Synthetic Festo VTUG Valve Terminal 16-Valve Multi #341,Plant Maintenance (Synthetic AI Guild),Festo,Direct Automation Europe,SN-FAKE-FEST-0341,,,,"{""CostInHUF"": 850000, ""Status"": ""InStorage"", ""WarehouseLocation"": ""Warehouse Aisle E \u2013 Shelf 6-2"", ""InspectionDate"": ""2026-09-01T00:00:00Z"", ""CalibrationValidUntil"": ""2027-09-01T00:00:00Z"", ""AssetClass"": ""High-Value Serialized Spare""}",,org-maintenance,Warehouse Aisle E – Shelf 6-2,InStorage,,,,False,Assembly,,
HardwareComponent,SPARE-ATLAS-STR-61-0342,Synthetic Atlas Copco Tensor STR-61 Tightening Spindle #342,Plant Maintenance (Synthetic AI Guild),Atlas Copco,Direct Automation Europe,SN-FAKE-ATLA-0342,,,,"{""CostInHUF"": 3100000, ""Status"": ""InStorage"", ""WarehouseLocation"": ""Warehouse Aisle F \u2013 Shelf 7-3"", ""InspectionDate"": ""2026-09-01T00:00:00Z"", ""CalibrationValidUntil"": ""2027-09-01T00:00:00Z"", ""AssetClass"": ""High-Value Serialized Spare""}",,org-maintenance,Warehouse Aisle F – Shelf 7-3,InStorage,,,,False,Fastening,,
HardwareComponent,SPARE-SICK-MICROSCAN-0343,Synthetic SICK microScan3 Core Safety Laser Scanner #343,Plant Maintenance (Synthetic AI Guild),SICK,Direct Automation Europe,SN-FAKE-SICK-0343,,,,"{""CostInHUF"": 1250000, ""Status"": ""InStorage"", ""WarehouseLocation"": ""Warehouse Aisle G \u2013 Shelf 8-4"", ""InspectionDate"": ""2026-09-01T00:00:00Z"", ""CalibrationValidUntil"": ""2027-09-01T00:00:00Z"", ""AssetClass"": ""High-Value Serialized Spare""}",,org-maintenance,Warehouse Aisle G – Shelf 8-4,InStorage,,,,False,Assembly,,
HardwareComponent,SPARE-SEW-MOVIPRO-0344,Synthetic SEW Eurodrive MOVIPRO Decentralized Inverter #344,Plant Maintenance (Synthetic AI Guild),SEW Eurodrive,Direct Automation Europe,SN-FAKE-SEW -0344,,,,"{""CostInHUF"": 1600000, ""Status"": ""InStorage"", ""WarehouseLocation"": ""Warehouse Aisle A \u2013 Shelf 1-5"", ""InspectionDate"": ""2026-09-01T00:00:00Z"", ""CalibrationValidUntil"": ""2027-09-01T00:00:00Z"", ""AssetClass"": ""High-Value Serialized Spare""}",,org-maintenance,Warehouse Aisle A – Shelf 1-5,InStorage,,,,False,Assembly,,
HardwareComponent,SPARE-BALL-RFID-RWD-0345,Synthetic Balluff BIS-M 13.56MHz High-Temp RFID Reader #345,Plant Maintenance (Synthetic AI Guild),Balluff,Direct Automation Europe,SN-FAKE-BALL-0345,,,,"{""CostInHUF"": 480000, ""Status"": ""InStorage"", ""WarehouseLocation"": ""Warehouse Aisle B \u2013 Shelf 2-1"", ""InspectionDate"": ""2026-09-01T00:00:00Z"", ""CalibrationValidUntil"": ""2027-09-01T00:00:00Z"", ""AssetClass"": ""High-Value Serialized Spare""}",,org-maintenance,Warehouse Aisle B – Shelf 2-1,InStorage,,,,False,Test,,
HardwareComponent,SPARE-TRUMPF-OPTIC-0346,Synthetic Trumpf BEO D70 Laser Seam Optical Focus Head #346,Plant Maintenance (Synthetic AI Guild),Trumpf,Direct Automation Europe,SN-FAKE-TRUM-0346,,,,"{""CostInHUF"": 4500000, ""Status"": ""InStorage"", ""WarehouseLocation"": ""Warehouse Aisle C \u2013 Shelf 3-2"", ""InspectionDate"": ""2026-09-01T00:00:00Z"", ""CalibrationValidUntil"": ""2027-09-01T00:00:00Z"", ""AssetClass"": ""High-Value Serialized Spare""}",,org-maintenance,Warehouse Aisle C – Shelf 3-2,InStorage,,,,False,Welding,,
HardwareComponent,SPARE-TOX-E-PRESS-0347,Synthetic TOX ElectricDrive 50kN Servo Press Drive #347,Plant Maintenance (Synthetic AI Guild),TOX Pressotechnik,Direct Automation Europe,SN-FAKE-TOX -0347,,,,"{""CostInHUF"": 4800000, ""Status"": ""InStorage"", ""WarehouseLocation"": ""Warehouse Aisle D \u2013 Shelf 4-3"", ""InspectionDate"": ""2026-09-01T00:00:00Z"", ""CalibrationValidUntil"": ""2027-09-01T00:00:00Z"", ""AssetClass"": ""High-Value Serialized Spare""}",,org-maintenance,Warehouse Aisle D – Shelf 4-3,InStorage,,,,False,Fastening,,
HardwareComponent,SPARE-HIRS-BOBCAT-0348,Synthetic Hirschmann BRS20 Industrial Managed Switch #348,Plant Maintenance (Synthetic AI Guild),Hirschmann,Direct Automation Europe,SN-FAKE-HIRS-0348,,,,"{""CostInHUF"": 720000, ""Status"": ""InStorage"", ""WarehouseLocation"": ""Warehouse Aisle E \u2013 Shelf 5-4"", ""InspectionDate"": ""2026-09-01T00:00:00Z"", ""CalibrationValidUntil"": ""2027-09-01T00:00:00Z"", ""AssetClass"": ""High-Value Serialized Spare""}",,org-maintenance,Warehouse Aisle E – Shelf 5-4,InStorage,,,,False,Platform Operations,,
HardwareComponent,SPARE-SIEM-S7-1500-0349,Synthetic Siemens S7-1500 CPU 1516-3 PN/DP (Spare) #349,Plant Maintenance (Synthetic AI Guild),Siemens,Direct Automation Europe,SN-FAKE-SIEM-0349,,,,"{""CostInHUF"": 2850000, ""Status"": ""InStorage"", ""WarehouseLocation"": ""Warehouse Aisle F \u2013 Shelf 6-5"", ""InspectionDate"": ""2026-09-01T00:00:00Z"", ""CalibrationValidUntil"": ""2027-09-01T00:00:00Z"", ""AssetClass"": ""High-Value Serialized Spare""}",,org-maintenance,Warehouse Aisle F – Shelf 6-5,InStorage,,,,False,Assembly,,
HardwareComponent,SPARE-BECK-AX5000-0350,Synthetic Beckhoff AX5000 Servo Drive 12A (Spare) #350,Plant Maintenance (Synthetic AI Guild),Beckhoff,Direct Automation Europe,SN-FAKE-BECK-0350,,,,"{""CostInHUF"": 1450000, ""Status"": ""InStorage"", ""WarehouseLocation"": ""Warehouse Aisle G \u2013 Shelf 7-1"", ""InspectionDate"": ""2026-09-01T00:00:00Z"", ""CalibrationValidUntil"": ""2027-09-01T00:00:00Z"", ""AssetClass"": ""High-Value Serialized Spare""}",,org-maintenance,Warehouse Aisle G – Shelf 7-1,InStorage,,,,False,Robotics,,
HardwareComponent,SPARE-COGN-IN9912-0351,Synthetic Cognex In-Sight 9912 12MP Inspection Camera #351,Plant Maintenance (Synthetic AI Guild),Cognex,Direct Automation Europe,SN-FAKE-COGN-0351,,,,"{""CostInHUF"": 2200000, ""Status"": ""InStorage"", ""WarehouseLocation"": ""Warehouse Aisle A \u2013 Shelf 8-2"", ""InspectionDate"": ""2026-09-01T00:00:00Z"", ""CalibrationValidUntil"": ""2027-09-01T00:00:00Z"", ""AssetClass"": ""High-Value Serialized Spare""}",,org-maintenance,Warehouse Aisle A – Shelf 8-2,InStorage,,,,False,Test,,
HardwareComponent,SPARE-KUKA-KRC4-PC-0352,Synthetic KUKA KRC4 Industrial Robot Controller PC #352,Plant Maintenance (Synthetic AI Guild),KUKA,Direct Automation Europe,SN-FAKE-KUKA-0352,,,,"{""CostInHUF"": 3900000, ""Status"": ""InStorage"", ""WarehouseLocation"": ""Warehouse Aisle B \u2013 Shelf 1-3"", ""InspectionDate"": ""2026-09-01T00:00:00Z"", ""CalibrationValidUntil"": ""2027-09-01T00:00:00Z"", ""AssetClass"": ""High-Value Serialized Spare""}",,org-maintenance,Warehouse Aisle B – Shelf 1-3,InStorage,,,,False,Robotics,,
HardwareComponent,SPARE-FEST-VTUG-16-0353,Synthetic Festo VTUG Valve Terminal 16-Valve Multi #353,Plant Maintenance (Synthetic AI Guild),Festo,Direct Automation Europe,SN-FAKE-FEST-0353,,,,"{""CostInHUF"": 850000, ""Status"": ""InStorage"", ""WarehouseLocation"": ""Warehouse Aisle C \u2013 Shelf 2-4"", ""InspectionDate"": ""2026-09-01T00:00:00Z"", ""CalibrationValidUntil"": ""2027-09-01T00:00:00Z"", ""AssetClass"": ""High-Value Serialized Spare""}",,org-maintenance,Warehouse Aisle C – Shelf 2-4,InStorage,,,,False,Assembly,,
HardwareComponent,SPARE-ATLAS-STR-61-0354,Synthetic Atlas Copco Tensor STR-61 Tightening Spindle #354,Plant Maintenance (Synthetic AI Guild),Atlas Copco,Direct Automation Europe,SN-FAKE-ATLA-0354,,,,"{""CostInHUF"": 3100000, ""Status"": ""InStorage"", ""WarehouseLocation"": ""Warehouse Aisle D \u2013 Shelf 3-5"", ""InspectionDate"": ""2026-09-01T00:00:00Z"", ""CalibrationValidUntil"": ""2027-09-01T00:00:00Z"", ""AssetClass"": ""High-Value Serialized Spare""}",,org-maintenance,Warehouse Aisle D – Shelf 3-5,InStorage,,,,False,Fastening,,
HardwareComponent,SPARE-SICK-MICROSCAN-0355,Synthetic SICK microScan3 Core Safety Laser Scanner #355,Plant Maintenance (Synthetic AI Guild),SICK,Direct Automation Europe,SN-FAKE-SICK-0355,,,,"{""CostInHUF"": 1250000, ""Status"": ""InStorage"", ""WarehouseLocation"": ""Warehouse Aisle E \u2013 Shelf 4-1"", ""InspectionDate"": ""2026-09-01T00:00:00Z"", ""CalibrationValidUntil"": ""2027-09-01T00:00:00Z"", ""AssetClass"": ""High-Value Serialized Spare""}",,org-maintenance,Warehouse Aisle E – Shelf 4-1,InStorage,,,,False,Assembly,,
HardwareComponent,SPARE-SEW-MOVIPRO-0356,Synthetic SEW Eurodrive MOVIPRO Decentralized Inverter #356,Plant Maintenance (Synthetic AI Guild),SEW Eurodrive,Direct Automation Europe,SN-FAKE-SEW -0356,,,,"{""CostInHUF"": 1600000, ""Status"": ""InStorage"", ""WarehouseLocation"": ""Warehouse Aisle F \u2013 Shelf 5-2"", ""InspectionDate"": ""2026-09-01T00:00:00Z"", ""CalibrationValidUntil"": ""2027-09-01T00:00:00Z"", ""AssetClass"": ""High-Value Serialized Spare""}",,org-maintenance,Warehouse Aisle F – Shelf 5-2,InStorage,,,,False,Assembly,,
HardwareComponent,SPARE-BALL-RFID-RWD-0357,Synthetic Balluff BIS-M 13.56MHz High-Temp RFID Reader #357,Plant Maintenance (Synthetic AI Guild),Balluff,Direct Automation Europe,SN-FAKE-BALL-0357,,,,"{""CostInHUF"": 480000, ""Status"": ""InStorage"", ""WarehouseLocation"": ""Warehouse Aisle G \u2013 Shelf 6-3"", ""InspectionDate"": ""2026-09-01T00:00:00Z"", ""CalibrationValidUntil"": ""2027-09-01T00:00:00Z"", ""AssetClass"": ""High-Value Serialized Spare""}",,org-maintenance,Warehouse Aisle G – Shelf 6-3,InStorage,,,,False,Test,,
HardwareComponent,SPARE-TRUMPF-OPTIC-0358,Synthetic Trumpf BEO D70 Laser Seam Optical Focus Head #358,Plant Maintenance (Synthetic AI Guild),Trumpf,Direct Automation Europe,SN-FAKE-TRUM-0358,,,,"{""CostInHUF"": 4500000, ""Status"": ""InStorage"", ""WarehouseLocation"": ""Warehouse Aisle A \u2013 Shelf 7-4"", ""InspectionDate"": ""2026-09-01T00:00:00Z"", ""CalibrationValidUntil"": ""2027-09-01T00:00:00Z"", ""AssetClass"": ""High-Value Serialized Spare""}",,org-maintenance,Warehouse Aisle A – Shelf 7-4,InStorage,,,,False,Welding,,
HardwareComponent,SPARE-TOX-E-PRESS-0359,Synthetic TOX ElectricDrive 50kN Servo Press Drive #359,Plant Maintenance (Synthetic AI Guild),TOX Pressotechnik,Direct Automation Europe,SN-FAKE-TOX -0359,,,,"{""CostInHUF"": 4800000, ""Status"": ""InStorage"", ""WarehouseLocation"": ""Warehouse Aisle B \u2013 Shelf 8-5"", ""InspectionDate"": ""2026-09-01T00:00:00Z"", ""CalibrationValidUntil"": ""2027-09-01T00:00:00Z"", ""AssetClass"": ""High-Value Serialized Spare""}",,org-maintenance,Warehouse Aisle B – Shelf 8-5,InStorage,,,,False,Fastening,,
HardwareComponent,SPARE-HIRS-BOBCAT-0360,Synthetic Hirschmann BRS20 Industrial Managed Switch #360,Plant Maintenance (Synthetic AI Guild),Hirschmann,Direct Automation Europe,SN-FAKE-HIRS-0360,,,,"{""CostInHUF"": 720000, ""Status"": ""InStorage"", ""WarehouseLocation"": ""Warehouse Aisle C \u2013 Shelf 1-1"", ""InspectionDate"": ""2026-09-01T00:00:00Z"", ""CalibrationValidUntil"": ""2027-09-01T00:00:00Z"", ""AssetClass"": ""High-Value Serialized Spare""}",,org-maintenance,Warehouse Aisle C – Shelf 1-1,InStorage,,,,False,Platform Operations,,
HardwareComponent,SPARE-SIEM-S7-1500-0361,Synthetic Siemens S7-1500 CPU 1516-3 PN/DP (Spare) #361,Plant Maintenance (Synthetic AI Guild),Siemens,Direct Automation Europe,SN-FAKE-SIEM-0361,,,,"{""CostInHUF"": 2850000, ""Status"": ""InStorage"", ""WarehouseLocation"": ""Warehouse Aisle D \u2013 Shelf 2-2"", ""InspectionDate"": ""2026-09-01T00:00:00Z"", ""CalibrationValidUntil"": ""2027-09-01T00:00:00Z"", ""AssetClass"": ""High-Value Serialized Spare""}",,org-maintenance,Warehouse Aisle D – Shelf 2-2,InStorage,,,,False,Assembly,,
HardwareComponent,SPARE-BECK-AX5000-0362,Synthetic Beckhoff AX5000 Servo Drive 12A (Spare) #362,Plant Maintenance (Synthetic AI Guild),Beckhoff,Direct Automation Europe,SN-FAKE-BECK-0362,,,,"{""CostInHUF"": 1450000, ""Status"": ""InStorage"", ""WarehouseLocation"": ""Warehouse Aisle E \u2013 Shelf 3-3"", ""InspectionDate"": ""2026-09-01T00:00:00Z"", ""CalibrationValidUntil"": ""2027-09-01T00:00:00Z"", ""AssetClass"": ""High-Value Serialized Spare""}",,org-maintenance,Warehouse Aisle E – Shelf 3-3,InStorage,,,,False,Robotics,,
HardwareComponent,SPARE-COGN-IN9912-0363,Synthetic Cognex In-Sight 9912 12MP Inspection Camera #363,Plant Maintenance (Synthetic AI Guild),Cognex,Direct Automation Europe,SN-FAKE-COGN-0363,,,,"{""CostInHUF"": 2200000, ""Status"": ""InStorage"", ""WarehouseLocation"": ""Warehouse Aisle F \u2013 Shelf 4-4"", ""InspectionDate"": ""2026-09-01T00:00:00Z"", ""CalibrationValidUntil"": ""2027-09-01T00:00:00Z"", ""AssetClass"": ""High-Value Serialized Spare""}",,org-maintenance,Warehouse Aisle F – Shelf 4-4,InStorage,,,,False,Test,,
HardwareComponent,SPARE-KUKA-KRC4-PC-0364,Synthetic KUKA KRC4 Industrial Robot Controller PC #364,Plant Maintenance (Synthetic AI Guild),KUKA,Direct Automation Europe,SN-FAKE-KUKA-0364,,,,"{""CostInHUF"": 3900000, ""Status"": ""InStorage"", ""WarehouseLocation"": ""Warehouse Aisle G \u2013 Shelf 5-5"", ""InspectionDate"": ""2026-09-01T00:00:00Z"", ""CalibrationValidUntil"": ""2027-09-01T00:00:00Z"", ""AssetClass"": ""High-Value Serialized Spare""}",,org-maintenance,Warehouse Aisle G – Shelf 5-5,InStorage,,,,False,Robotics,,
HardwareComponent,SPARE-FEST-VTUG-16-0365,Synthetic Festo VTUG Valve Terminal 16-Valve Multi #365,Plant Maintenance (Synthetic AI Guild),Festo,Direct Automation Europe,SN-FAKE-FEST-0365,,,,"{""CostInHUF"": 850000, ""Status"": ""InStorage"", ""WarehouseLocation"": ""Warehouse Aisle A \u2013 Shelf 6-1"", ""InspectionDate"": ""2026-09-01T00:00:00Z"", ""CalibrationValidUntil"": ""2027-09-01T00:00:00Z"", ""AssetClass"": ""High-Value Serialized Spare""}",,org-maintenance,Warehouse Aisle A – Shelf 6-1,InStorage,,,,False,Assembly,,
HardwareComponent,SPARE-ATLAS-STR-61-0366,Synthetic Atlas Copco Tensor STR-61 Tightening Spindle #366,Plant Maintenance (Synthetic AI Guild),Atlas Copco,Direct Automation Europe,SN-FAKE-ATLA-0366,,,,"{""CostInHUF"": 3100000, ""Status"": ""InStorage"", ""WarehouseLocation"": ""Warehouse Aisle B \u2013 Shelf 7-2"", ""InspectionDate"": ""2026-09-01T00:00:00Z"", ""CalibrationValidUntil"": ""2027-09-01T00:00:00Z"", ""AssetClass"": ""High-Value Serialized Spare""}",,org-maintenance,Warehouse Aisle B – Shelf 7-2,InStorage,,,,False,Fastening,,
HardwareComponent,SPARE-SICK-MICROSCAN-0367,Synthetic SICK microScan3 Core Safety Laser Scanner #367,Plant Maintenance (Synthetic AI Guild),SICK,Direct Automation Europe,SN-FAKE-SICK-0367,,,,"{""CostInHUF"": 1250000, ""Status"": ""InStorage"", ""WarehouseLocation"": ""Warehouse Aisle C \u2013 Shelf 8-3"", ""InspectionDate"": ""2026-09-01T00:00:00Z"", ""CalibrationValidUntil"": ""2027-09-01T00:00:00Z"", ""AssetClass"": ""High-Value Serialized Spare""}",,org-maintenance,Warehouse Aisle C – Shelf 8-3,InStorage,,,,False,Assembly,,
HardwareComponent,SPARE-SEW-MOVIPRO-0368,Synthetic SEW Eurodrive MOVIPRO Decentralized Inverter #368,Plant Maintenance (Synthetic AI Guild),SEW Eurodrive,Direct Automation Europe,SN-FAKE-SEW -0368,,,,"{""CostInHUF"": 1600000, ""Status"": ""InStorage"", ""WarehouseLocation"": ""Warehouse Aisle D \u2013 Shelf 1-4"", ""InspectionDate"": ""2026-09-01T00:00:00Z"", ""CalibrationValidUntil"": ""2027-09-01T00:00:00Z"", ""AssetClass"": ""High-Value Serialized Spare""}",,org-maintenance,Warehouse Aisle D – Shelf 1-4,InStorage,,,,False,Assembly,,
HardwareComponent,SPARE-BALL-RFID-RWD-0369,Synthetic Balluff BIS-M 13.56MHz High-Temp RFID Reader #369,Plant Maintenance (Synthetic AI Guild),Balluff,Direct Automation Europe,SN-FAKE-BALL-0369,,,,"{""CostInHUF"": 480000, ""Status"": ""InStorage"", ""WarehouseLocation"": ""Warehouse Aisle E \u2013 Shelf 2-5"", ""InspectionDate"": ""2026-09-01T00:00:00Z"", ""CalibrationValidUntil"": ""2027-09-01T00:00:00Z"", ""AssetClass"": ""High-Value Serialized Spare""}",,org-maintenance,Warehouse Aisle E – Shelf 2-5,InStorage,,,,False,Test,,
HardwareComponent,SPARE-TRUMPF-OPTIC-0370,Synthetic Trumpf BEO D70 Laser Seam Optical Focus Head #370,Plant Maintenance (Synthetic AI Guild),Trumpf,Direct Automation Europe,SN-FAKE-TRUM-0370,,,,"{""CostInHUF"": 4500000, ""Status"": ""InStorage"", ""WarehouseLocation"": ""Warehouse Aisle F \u2013 Shelf 3-1"", ""InspectionDate"": ""2026-09-01T00:00:00Z"", ""CalibrationValidUntil"": ""2027-09-01T00:00:00Z"", ""AssetClass"": ""High-Value Serialized Spare""}",,org-maintenance,Warehouse Aisle F – Shelf 3-1,InStorage,,,,False,Welding,,
HardwareComponent,SPARE-TOX-E-PRESS-0371,Synthetic TOX ElectricDrive 50kN Servo Press Drive #371,Plant Maintenance (Synthetic AI Guild),TOX Pressotechnik,Direct Automation Europe,SN-FAKE-TOX -0371,,,,"{""CostInHUF"": 4800000, ""Status"": ""InStorage"", ""WarehouseLocation"": ""Warehouse Aisle G \u2013 Shelf 4-2"", ""InspectionDate"": ""2026-09-01T00:00:00Z"", ""CalibrationValidUntil"": ""2027-09-01T00:00:00Z"", ""AssetClass"": ""High-Value Serialized Spare""}",,org-maintenance,Warehouse Aisle G – Shelf 4-2,InStorage,,,,False,Fastening,,
HardwareComponent,SPARE-HIRS-BOBCAT-0372,Synthetic Hirschmann BRS20 Industrial Managed Switch #372,Plant Maintenance (Synthetic AI Guild),Hirschmann,Direct Automation Europe,SN-FAKE-HIRS-0372,,,,"{""CostInHUF"": 720000, ""Status"": ""InStorage"", ""WarehouseLocation"": ""Warehouse Aisle A \u2013 Shelf 5-3"", ""InspectionDate"": ""2026-09-01T00:00:00Z"", ""CalibrationValidUntil"": ""2027-09-01T00:00:00Z"", ""AssetClass"": ""High-Value Serialized Spare""}",,org-maintenance,Warehouse Aisle A – Shelf 5-3,InStorage,,,,False,Platform Operations,,
HardwareComponent,SPARE-SIEM-S7-1500-0373,Synthetic Siemens S7-1500 CPU 1516-3 PN/DP (Spare) #373,Plant Maintenance (Synthetic AI Guild),Siemens,Direct Automation Europe,SN-FAKE-SIEM-0373,,,,"{""CostInHUF"": 2850000, ""Status"": ""InStorage"", ""WarehouseLocation"": ""Warehouse Aisle B \u2013 Shelf 6-4"", ""InspectionDate"": ""2026-09-01T00:00:00Z"", ""CalibrationValidUntil"": ""2027-09-01T00:00:00Z"", ""AssetClass"": ""High-Value Serialized Spare""}",,org-maintenance,Warehouse Aisle B – Shelf 6-4,InStorage,,,,False,Assembly,,
HardwareComponent,SPARE-BECK-AX5000-0374,Synthetic Beckhoff AX5000 Servo Drive 12A (Spare) #374,Plant Maintenance (Synthetic AI Guild),Beckhoff,Direct Automation Europe,SN-FAKE-BECK-0374,,,,"{""CostInHUF"": 1450000, ""Status"": ""InStorage"", ""WarehouseLocation"": ""Warehouse Aisle C \u2013 Shelf 7-5"", ""InspectionDate"": ""2026-09-01T00:00:00Z"", ""CalibrationValidUntil"": ""2027-09-01T00:00:00Z"", ""AssetClass"": ""High-Value Serialized Spare""}",,org-maintenance,Warehouse Aisle C – Shelf 7-5,InStorage,,,,False,Robotics,,
HardwareComponent,SPARE-COGN-IN9912-0375,Synthetic Cognex In-Sight 9912 12MP Inspection Camera #375,Plant Maintenance (Synthetic AI Guild),Cognex,Direct Automation Europe,SN-FAKE-COGN-0375,,,,"{""CostInHUF"": 2200000, ""Status"": ""InStorage"", ""WarehouseLocation"": ""Warehouse Aisle D \u2013 Shelf 8-1"", ""InspectionDate"": ""2026-09-01T00:00:00Z"", ""CalibrationValidUntil"": ""2027-09-01T00:00:00Z"", ""AssetClass"": ""High-Value Serialized Spare""}",,org-maintenance,Warehouse Aisle D – Shelf 8-1,InStorage,,,,False,Test,,
HardwareComponent,SPARE-KUKA-KRC4-PC-0376,Synthetic KUKA KRC4 Industrial Robot Controller PC #376,Plant Maintenance (Synthetic AI Guild),KUKA,Direct Automation Europe,SN-FAKE-KUKA-0376,,,,"{""CostInHUF"": 3900000, ""Status"": ""InStorage"", ""WarehouseLocation"": ""Warehouse Aisle E \u2013 Shelf 1-2"", ""InspectionDate"": ""2026-09-01T00:00:00Z"", ""CalibrationValidUntil"": ""2027-09-01T00:00:00Z"", ""AssetClass"": ""High-Value Serialized Spare""}",,org-maintenance,Warehouse Aisle E – Shelf 1-2,InStorage,,,,False,Robotics,,
HardwareComponent,SPARE-FEST-VTUG-16-0377,Synthetic Festo VTUG Valve Terminal 16-Valve Multi #377,Plant Maintenance (Synthetic AI Guild),Festo,Direct Automation Europe,SN-FAKE-FEST-0377,,,,"{""CostInHUF"": 850000, ""Status"": ""InStorage"", ""WarehouseLocation"": ""Warehouse Aisle F \u2013 Shelf 2-3"", ""InspectionDate"": ""2026-09-01T00:00:00Z"", ""CalibrationValidUntil"": ""2027-09-01T00:00:00Z"", ""AssetClass"": ""High-Value Serialized Spare""}",,org-maintenance,Warehouse Aisle F – Shelf 2-3,InStorage,,,,False,Assembly,,
HardwareComponent,SPARE-ATLAS-STR-61-0378,Synthetic Atlas Copco Tensor STR-61 Tightening Spindle #378,Plant Maintenance (Synthetic AI Guild),Atlas Copco,Direct Automation Europe,SN-FAKE-ATLA-0378,,,,"{""CostInHUF"": 3100000, ""Status"": ""InStorage"", ""WarehouseLocation"": ""Warehouse Aisle G \u2013 Shelf 3-4"", ""InspectionDate"": ""2026-09-01T00:00:00Z"", ""CalibrationValidUntil"": ""2027-09-01T00:00:00Z"", ""AssetClass"": ""High-Value Serialized Spare""}",,org-maintenance,Warehouse Aisle G – Shelf 3-4,InStorage,,,,False,Fastening,,
HardwareComponent,SPARE-SICK-MICROSCAN-0379,Synthetic SICK microScan3 Core Safety Laser Scanner #379,Plant Maintenance (Synthetic AI Guild),SICK,Direct Automation Europe,SN-FAKE-SICK-0379,,,,"{""CostInHUF"": 1250000, ""Status"": ""InStorage"", ""WarehouseLocation"": ""Warehouse Aisle A \u2013 Shelf 4-5"", ""InspectionDate"": ""2026-09-01T00:00:00Z"", ""CalibrationValidUntil"": ""2027-09-01T00:00:00Z"", ""AssetClass"": ""High-Value Serialized Spare""}",,org-maintenance,Warehouse Aisle A – Shelf 4-5,InStorage,,,,False,Assembly,,
HardwareComponent,SPARE-SEW-MOVIPRO-0380,Synthetic SEW Eurodrive MOVIPRO Decentralized Inverter #380,Plant Maintenance (Synthetic AI Guild),SEW Eurodrive,Direct Automation Europe,SN-FAKE-SEW -0380,,,,"{""CostInHUF"": 1600000, ""Status"": ""InStorage"", ""WarehouseLocation"": ""Warehouse Aisle B \u2013 Shelf 5-1"", ""InspectionDate"": ""2026-09-01T00:00:00Z"", ""CalibrationValidUntil"": ""2027-09-01T00:00:00Z"", ""AssetClass"": ""High-Value Serialized Spare""}",,org-maintenance,Warehouse Aisle B – Shelf 5-1,InStorage,,,,False,Assembly,,
HardwareComponent,SPARE-BALL-RFID-RWD-0381,Synthetic Balluff BIS-M 13.56MHz High-Temp RFID Reader #381,Plant Maintenance (Synthetic AI Guild),Balluff,Direct Automation Europe,SN-FAKE-BALL-0381,,,,"{""CostInHUF"": 480000, ""Status"": ""InStorage"", ""WarehouseLocation"": ""Warehouse Aisle C \u2013 Shelf 6-2"", ""InspectionDate"": ""2026-09-01T00:00:00Z"", ""CalibrationValidUntil"": ""2027-09-01T00:00:00Z"", ""AssetClass"": ""High-Value Serialized Spare""}",,org-maintenance,Warehouse Aisle C – Shelf 6-2,InStorage,,,,False,Test,,
HardwareComponent,SPARE-TRUMPF-OPTIC-0382,Synthetic Trumpf BEO D70 Laser Seam Optical Focus Head #382,Plant Maintenance (Synthetic AI Guild),Trumpf,Direct Automation Europe,SN-FAKE-TRUM-0382,,,,"{""CostInHUF"": 4500000, ""Status"": ""InStorage"", ""WarehouseLocation"": ""Warehouse Aisle D \u2013 Shelf 7-3"", ""InspectionDate"": ""2026-09-01T00:00:00Z"", ""CalibrationValidUntil"": ""2027-09-01T00:00:00Z"", ""AssetClass"": ""High-Value Serialized Spare""}",,org-maintenance,Warehouse Aisle D – Shelf 7-3,InStorage,,,,False,Welding,,
HardwareComponent,SPARE-TOX-E-PRESS-0383,Synthetic TOX ElectricDrive 50kN Servo Press Drive #383,Plant Maintenance (Synthetic AI Guild),TOX Pressotechnik,Direct Automation Europe,SN-FAKE-TOX -0383,,,,"{""CostInHUF"": 4800000, ""Status"": ""InStorage"", ""WarehouseLocation"": ""Warehouse Aisle E \u2013 Shelf 8-4"", ""InspectionDate"": ""2026-09-01T00:00:00Z"", ""CalibrationValidUntil"": ""2027-09-01T00:00:00Z"", ""AssetClass"": ""High-Value Serialized Spare""}",,org-maintenance,Warehouse Aisle E – Shelf 8-4,InStorage,,,,False,Fastening,,
HardwareComponent,SPARE-HIRS-BOBCAT-0384,Synthetic Hirschmann BRS20 Industrial Managed Switch #384,Plant Maintenance (Synthetic AI Guild),Hirschmann,Direct Automation Europe,SN-FAKE-HIRS-0384,,,,"{""CostInHUF"": 720000, ""Status"": ""InStorage"", ""WarehouseLocation"": ""Warehouse Aisle F \u2013 Shelf 1-5"", ""InspectionDate"": ""2026-09-01T00:00:00Z"", ""CalibrationValidUntil"": ""2027-09-01T00:00:00Z"", ""AssetClass"": ""High-Value Serialized Spare""}",,org-maintenance,Warehouse Aisle F – Shelf 1-5,InStorage,,,,False,Platform Operations,,
HardwareComponent,SPARE-SIEM-S7-1500-0385,Synthetic Siemens S7-1500 CPU 1516-3 PN/DP (Spare) #385,Plant Maintenance (Synthetic AI Guild),Siemens,Direct Automation Europe,SN-FAKE-SIEM-0385,,,,"{""CostInHUF"": 2850000, ""Status"": ""InStorage"", ""WarehouseLocation"": ""Warehouse Aisle G \u2013 Shelf 2-1"", ""InspectionDate"": ""2026-09-01T00:00:00Z"", ""CalibrationValidUntil"": ""2027-09-01T00:00:00Z"", ""AssetClass"": ""High-Value Serialized Spare""}",,org-maintenance,Warehouse Aisle G – Shelf 2-1,InStorage,,,,False,Assembly,,
HardwareComponent,SPARE-BECK-AX5000-0386,Synthetic Beckhoff AX5000 Servo Drive 12A (Spare) #386,Plant Maintenance (Synthetic AI Guild),Beckhoff,Direct Automation Europe,SN-FAKE-BECK-0386,,,,"{""CostInHUF"": 1450000, ""Status"": ""InStorage"", ""WarehouseLocation"": ""Warehouse Aisle A \u2013 Shelf 3-2"", ""InspectionDate"": ""2026-09-01T00:00:00Z"", ""CalibrationValidUntil"": ""2027-09-01T00:00:00Z"", ""AssetClass"": ""High-Value Serialized Spare""}",,org-maintenance,Warehouse Aisle A – Shelf 3-2,InStorage,,,,False,Robotics,,
HardwareComponent,SPARE-COGN-IN9912-0387,Synthetic Cognex In-Sight 9912 12MP Inspection Camera #387,Plant Maintenance (Synthetic AI Guild),Cognex,Direct Automation Europe,SN-FAKE-COGN-0387,,,,"{""CostInHUF"": 2200000, ""Status"": ""InStorage"", ""WarehouseLocation"": ""Warehouse Aisle B \u2013 Shelf 4-3"", ""InspectionDate"": ""2026-09-01T00:00:00Z"", ""CalibrationValidUntil"": ""2027-09-01T00:00:00Z"", ""AssetClass"": ""High-Value Serialized Spare""}",,org-maintenance,Warehouse Aisle B – Shelf 4-3,InStorage,,,,False,Test,,
HardwareComponent,SPARE-KUKA-KRC4-PC-0388,Synthetic KUKA KRC4 Industrial Robot Controller PC #388,Plant Maintenance (Synthetic AI Guild),KUKA,Direct Automation Europe,SN-FAKE-KUKA-0388,,,,"{""CostInHUF"": 3900000, ""Status"": ""InStorage"", ""WarehouseLocation"": ""Warehouse Aisle C \u2013 Shelf 5-4"", ""InspectionDate"": ""2026-09-01T00:00:00Z"", ""CalibrationValidUntil"": ""2027-09-01T00:00:00Z"", ""AssetClass"": ""High-Value Serialized Spare""}",,org-maintenance,Warehouse Aisle C – Shelf 5-4,InStorage,,,,False,Robotics,,
HardwareComponent,SPARE-FEST-VTUG-16-0389,Synthetic Festo VTUG Valve Terminal 16-Valve Multi #389,Plant Maintenance (Synthetic AI Guild),Festo,Direct Automation Europe,SN-FAKE-FEST-0389,,,,"{""CostInHUF"": 850000, ""Status"": ""InStorage"", ""WarehouseLocation"": ""Warehouse Aisle D \u2013 Shelf 6-5"", ""InspectionDate"": ""2026-09-01T00:00:00Z"", ""CalibrationValidUntil"": ""2027-09-01T00:00:00Z"", ""AssetClass"": ""High-Value Serialized Spare""}",,org-maintenance,Warehouse Aisle D – Shelf 6-5,InStorage,,,,False,Assembly,,
HardwareComponent,SPARE-ATLAS-STR-61-0390,Synthetic Atlas Copco Tensor STR-61 Tightening Spindle #390,Plant Maintenance (Synthetic AI Guild),Atlas Copco,Direct Automation Europe,SN-FAKE-ATLA-0390,,,,"{""CostInHUF"": 3100000, ""Status"": ""InStorage"", ""WarehouseLocation"": ""Warehouse Aisle E \u2013 Shelf 7-1"", ""InspectionDate"": ""2026-09-01T00:00:00Z"", ""CalibrationValidUntil"": ""2027-09-01T00:00:00Z"", ""AssetClass"": ""High-Value Serialized Spare""}",,org-maintenance,Warehouse Aisle E – Shelf 7-1,InStorage,,,,False,Fastening,,
HardwareComponent,SPARE-SICK-MICROSCAN-0391,Synthetic SICK microScan3 Core Safety Laser Scanner #391,Plant Maintenance (Synthetic AI Guild),SICK,Direct Automation Europe,SN-FAKE-SICK-0391,,,,"{""CostInHUF"": 1250000, ""Status"": ""InStorage"", ""WarehouseLocation"": ""Warehouse Aisle F \u2013 Shelf 8-2"", ""InspectionDate"": ""2026-09-01T00:00:00Z"", ""CalibrationValidUntil"": ""2027-09-01T00:00:00Z"", ""AssetClass"": ""High-Value Serialized Spare""}",,org-maintenance,Warehouse Aisle F – Shelf 8-2,InStorage,,,,False,Assembly,,
HardwareComponent,SPARE-SEW-MOVIPRO-0392,Synthetic SEW Eurodrive MOVIPRO Decentralized Inverter #392,Plant Maintenance (Synthetic AI Guild),SEW Eurodrive,Direct Automation Europe,SN-FAKE-SEW -0392,,,,"{""CostInHUF"": 1600000, ""Status"": ""InStorage"", ""WarehouseLocation"": ""Warehouse Aisle G \u2013 Shelf 1-3"", ""InspectionDate"": ""2026-09-01T00:00:00Z"", ""CalibrationValidUntil"": ""2027-09-01T00:00:00Z"", ""AssetClass"": ""High-Value Serialized Spare""}",,org-maintenance,Warehouse Aisle G – Shelf 1-3,InStorage,,,,False,Assembly,,
HardwareComponent,SPARE-BALL-RFID-RWD-0393,Synthetic Balluff BIS-M 13.56MHz High-Temp RFID Reader #393,Plant Maintenance (Synthetic AI Guild),Balluff,Direct Automation Europe,SN-FAKE-BALL-0393,,,,"{""CostInHUF"": 480000, ""Status"": ""InStorage"", ""WarehouseLocation"": ""Warehouse Aisle A \u2013 Shelf 2-4"", ""InspectionDate"": ""2026-09-01T00:00:00Z"", ""CalibrationValidUntil"": ""2027-09-01T00:00:00Z"", ""AssetClass"": ""High-Value Serialized Spare""}",,org-maintenance,Warehouse Aisle A – Shelf 2-4,InStorage,,,,False,Test,,
HardwareComponent,SPARE-TRUMPF-OPTIC-0394,Synthetic Trumpf BEO D70 Laser Seam Optical Focus Head #394,Plant Maintenance (Synthetic AI Guild),Trumpf,Direct Automation Europe,SN-FAKE-TRUM-0394,,,,"{""CostInHUF"": 4500000, ""Status"": ""InStorage"", ""WarehouseLocation"": ""Warehouse Aisle B \u2013 Shelf 3-5"", ""InspectionDate"": ""2026-09-01T00:00:00Z"", ""CalibrationValidUntil"": ""2027-09-01T00:00:00Z"", ""AssetClass"": ""High-Value Serialized Spare""}",,org-maintenance,Warehouse Aisle B – Shelf 3-5,InStorage,,,,False,Welding,,
HardwareComponent,SPARE-TOX-E-PRESS-0395,Synthetic TOX ElectricDrive 50kN Servo Press Drive #395,Plant Maintenance (Synthetic AI Guild),TOX Pressotechnik,Direct Automation Europe,SN-FAKE-TOX -0395,,,,"{""CostInHUF"": 4800000, ""Status"": ""InStorage"", ""WarehouseLocation"": ""Warehouse Aisle C \u2013 Shelf 4-1"", ""InspectionDate"": ""2026-09-01T00:00:00Z"", ""CalibrationValidUntil"": ""2027-09-01T00:00:00Z"", ""AssetClass"": ""High-Value Serialized Spare""}",,org-maintenance,Warehouse Aisle C – Shelf 4-1,InStorage,,,,False,Fastening,,
HardwareComponent,SPARE-HIRS-BOBCAT-0396,Synthetic Hirschmann BRS20 Industrial Managed Switch #396,Plant Maintenance (Synthetic AI Guild),Hirschmann,Direct Automation Europe,SN-FAKE-HIRS-0396,,,,"{""CostInHUF"": 720000, ""Status"": ""InStorage"", ""WarehouseLocation"": ""Warehouse Aisle D \u2013 Shelf 5-2"", ""InspectionDate"": ""2026-09-01T00:00:00Z"", ""CalibrationValidUntil"": ""2027-09-01T00:00:00Z"", ""AssetClass"": ""High-Value Serialized Spare""}",,org-maintenance,Warehouse Aisle D – Shelf 5-2,InStorage,,,,False,Platform Operations,,
HardwareComponent,SPARE-SIEM-S7-1500-0397,Synthetic Siemens S7-1500 CPU 1516-3 PN/DP (Spare) #397,Plant Maintenance (Synthetic AI Guild),Siemens,Direct Automation Europe,SN-FAKE-SIEM-0397,,,,"{""CostInHUF"": 2850000, ""Status"": ""InStorage"", ""WarehouseLocation"": ""Warehouse Aisle E \u2013 Shelf 6-3"", ""InspectionDate"": ""2026-09-01T00:00:00Z"", ""CalibrationValidUntil"": ""2027-09-01T00:00:00Z"", ""AssetClass"": ""High-Value Serialized Spare""}",,org-maintenance,Warehouse Aisle E – Shelf 6-3,InStorage,,,,False,Assembly,,
HardwareComponent,SPARE-BECK-AX5000-0398,Synthetic Beckhoff AX5000 Servo Drive 12A (Spare) #398,Plant Maintenance (Synthetic AI Guild),Beckhoff,Direct Automation Europe,SN-FAKE-BECK-0398,,,,"{""CostInHUF"": 1450000, ""Status"": ""InStorage"", ""WarehouseLocation"": ""Warehouse Aisle F \u2013 Shelf 7-4"", ""InspectionDate"": ""2026-09-01T00:00:00Z"", ""CalibrationValidUntil"": ""2027-09-01T00:00:00Z"", ""AssetClass"": ""High-Value Serialized Spare""}",,org-maintenance,Warehouse Aisle F – Shelf 7-4,InStorage,,,,False,Robotics,,
HardwareComponent,SPARE-COGN-IN9912-0399,Synthetic Cognex In-Sight 9912 12MP Inspection Camera #399,Plant Maintenance (Synthetic AI Guild),Cognex,Direct Automation Europe,SN-FAKE-COGN-0399,,,,"{""CostInHUF"": 2200000, ""Status"": ""InStorage"", ""WarehouseLocation"": ""Warehouse Aisle G \u2013 Shelf 8-5"", ""InspectionDate"": ""2026-09-01T00:00:00Z"", ""CalibrationValidUntil"": ""2027-09-01T00:00:00Z"", ""AssetClass"": ""High-Value Serialized Spare""}",,org-maintenance,Warehouse Aisle G – Shelf 8-5,InStorage,,,,False,Test,,
HardwareComponent,SPARE-KUKA-KRC4-PC-0400,Synthetic KUKA KRC4 Industrial Robot Controller PC #400,Plant Maintenance (Synthetic AI Guild),KUKA,Direct Automation Europe,SN-FAKE-KUKA-0400,,,,"{""CostInHUF"": 3900000, ""Status"": ""InStorage"", ""WarehouseLocation"": ""Warehouse Aisle A \u2013 Shelf 1-1"", ""InspectionDate"": ""2026-09-01T00:00:00Z"", ""CalibrationValidUntil"": ""2027-09-01T00:00:00Z"", ""AssetClass"": ""High-Value Serialized Spare""}",,org-maintenance,Warehouse Aisle A – Shelf 1-1,InStorage,,,,False,Robotics,,
HardwareComponent,SPARE-FEST-VTUG-16-0401,Synthetic Festo VTUG Valve Terminal 16-Valve Multi #401,Plant Maintenance (Synthetic AI Guild),Festo,Direct Automation Europe,SN-FAKE-FEST-0401,,,,"{""CostInHUF"": 850000, ""Status"": ""InStorage"", ""WarehouseLocation"": ""Warehouse Aisle B \u2013 Shelf 2-2"", ""InspectionDate"": ""2026-09-01T00:00:00Z"", ""CalibrationValidUntil"": ""2027-09-01T00:00:00Z"", ""AssetClass"": ""High-Value Serialized Spare""}",,org-maintenance,Warehouse Aisle B – Shelf 2-2,InStorage,,,,False,Assembly,,
HardwareComponent,SPARE-ATLAS-STR-61-0402,Synthetic Atlas Copco Tensor STR-61 Tightening Spindle #402,Plant Maintenance (Synthetic AI Guild),Atlas Copco,Direct Automation Europe,SN-FAKE-ATLA-0402,,,,"{""CostInHUF"": 3100000, ""Status"": ""InStorage"", ""WarehouseLocation"": ""Warehouse Aisle C \u2013 Shelf 3-3"", ""InspectionDate"": ""2026-09-01T00:00:00Z"", ""CalibrationValidUntil"": ""2027-09-01T00:00:00Z"", ""AssetClass"": ""High-Value Serialized Spare""}",,org-maintenance,Warehouse Aisle C – Shelf 3-3,InStorage,,,,False,Fastening,,
HardwareComponent,SPARE-SICK-MICROSCAN-0403,Synthetic SICK microScan3 Core Safety Laser Scanner #403,Plant Maintenance (Synthetic AI Guild),SICK,Direct Automation Europe,SN-FAKE-SICK-0403,,,,"{""CostInHUF"": 1250000, ""Status"": ""InStorage"", ""WarehouseLocation"": ""Warehouse Aisle D \u2013 Shelf 4-4"", ""InspectionDate"": ""2026-09-01T00:00:00Z"", ""CalibrationValidUntil"": ""2027-09-01T00:00:00Z"", ""AssetClass"": ""High-Value Serialized Spare""}",,org-maintenance,Warehouse Aisle D – Shelf 4-4,InStorage,,,,False,Assembly,,
HardwareComponent,SPARE-SEW-MOVIPRO-0404,Synthetic SEW Eurodrive MOVIPRO Decentralized Inverter #404,Plant Maintenance (Synthetic AI Guild),SEW Eurodrive,Direct Automation Europe,SN-FAKE-SEW -0404,,,,"{""CostInHUF"": 1600000, ""Status"": ""InStorage"", ""WarehouseLocation"": ""Warehouse Aisle E \u2013 Shelf 5-5"", ""InspectionDate"": ""2026-09-01T00:00:00Z"", ""CalibrationValidUntil"": ""2027-09-01T00:00:00Z"", ""AssetClass"": ""High-Value Serialized Spare""}",,org-maintenance,Warehouse Aisle E – Shelf 5-5,InStorage,,,,False,Assembly,,
HardwareComponent,SPARE-BALL-RFID-RWD-0405,Synthetic Balluff BIS-M 13.56MHz High-Temp RFID Reader #405,Plant Maintenance (Synthetic AI Guild),Balluff,Direct Automation Europe,SN-FAKE-BALL-0405,,,,"{""CostInHUF"": 480000, ""Status"": ""InStorage"", ""WarehouseLocation"": ""Warehouse Aisle F \u2013 Shelf 6-1"", ""InspectionDate"": ""2026-09-01T00:00:00Z"", ""CalibrationValidUntil"": ""2027-09-01T00:00:00Z"", ""AssetClass"": ""High-Value Serialized Spare""}",,org-maintenance,Warehouse Aisle F – Shelf 6-1,InStorage,,,,False,Test,,
HardwareComponent,SPARE-TRUMPF-OPTIC-0406,Synthetic Trumpf BEO D70 Laser Seam Optical Focus Head #406,Plant Maintenance (Synthetic AI Guild),Trumpf,Direct Automation Europe,SN-FAKE-TRUM-0406,,,,"{""CostInHUF"": 4500000, ""Status"": ""InStorage"", ""WarehouseLocation"": ""Warehouse Aisle G \u2013 Shelf 7-2"", ""InspectionDate"": ""2026-09-01T00:00:00Z"", ""CalibrationValidUntil"": ""2027-09-01T00:00:00Z"", ""AssetClass"": ""High-Value Serialized Spare""}",,org-maintenance,Warehouse Aisle G – Shelf 7-2,InStorage,,,,False,Welding,,
HardwareComponent,SPARE-TOX-E-PRESS-0407,Synthetic TOX ElectricDrive 50kN Servo Press Drive #407,Plant Maintenance (Synthetic AI Guild),TOX Pressotechnik,Direct Automation Europe,SN-FAKE-TOX -0407,,,,"{""CostInHUF"": 4800000, ""Status"": ""InStorage"", ""WarehouseLocation"": ""Warehouse Aisle A \u2013 Shelf 8-3"", ""InspectionDate"": ""2026-09-01T00:00:00Z"", ""CalibrationValidUntil"": ""2027-09-01T00:00:00Z"", ""AssetClass"": ""High-Value Serialized Spare""}",,org-maintenance,Warehouse Aisle A – Shelf 8-3,InStorage,,,,False,Fastening,,
HardwareComponent,SPARE-HIRS-BOBCAT-0408,Synthetic Hirschmann BRS20 Industrial Managed Switch #408,Plant Maintenance (Synthetic AI Guild),Hirschmann,Direct Automation Europe,SN-FAKE-HIRS-0408,,,,"{""CostInHUF"": 720000, ""Status"": ""InStorage"", ""WarehouseLocation"": ""Warehouse Aisle B \u2013 Shelf 1-4"", ""InspectionDate"": ""2026-09-01T00:00:00Z"", ""CalibrationValidUntil"": ""2027-09-01T00:00:00Z"", ""AssetClass"": ""High-Value Serialized Spare""}",,org-maintenance,Warehouse Aisle B – Shelf 1-4,InStorage,,,,False,Platform Operations,,
HardwareComponent,SPARE-SIEM-S7-1500-0409,Synthetic Siemens S7-1500 CPU 1516-3 PN/DP (Spare) #409,Plant Maintenance (Synthetic AI Guild),Siemens,Direct Automation Europe,SN-FAKE-SIEM-0409,,,,"{""CostInHUF"": 2850000, ""Status"": ""InStorage"", ""WarehouseLocation"": ""Warehouse Aisle C \u2013 Shelf 2-5"", ""InspectionDate"": ""2026-09-01T00:00:00Z"", ""CalibrationValidUntil"": ""2027-09-01T00:00:00Z"", ""AssetClass"": ""High-Value Serialized Spare""}",,org-maintenance,Warehouse Aisle C – Shelf 2-5,InStorage,,,,False,Assembly,,
HardwareComponent,SPARE-BECK-AX5000-0410,Synthetic Beckhoff AX5000 Servo Drive 12A (Spare) #410,Plant Maintenance (Synthetic AI Guild),Beckhoff,Direct Automation Europe,SN-FAKE-BECK-0410,,,,"{""CostInHUF"": 1450000, ""Status"": ""InStorage"", ""WarehouseLocation"": ""Warehouse Aisle D \u2013 Shelf 3-1"", ""InspectionDate"": ""2026-09-01T00:00:00Z"", ""CalibrationValidUntil"": ""2027-09-01T00:00:00Z"", ""AssetClass"": ""High-Value Serialized Spare""}",,org-maintenance,Warehouse Aisle D – Shelf 3-1,InStorage,,,,False,Robotics,,
HardwareComponent,SPARE-COGN-IN9912-0411,Synthetic Cognex In-Sight 9912 12MP Inspection Camera #411,Plant Maintenance (Synthetic AI Guild),Cognex,Direct Automation Europe,SN-FAKE-COGN-0411,,,,"{""CostInHUF"": 2200000, ""Status"": ""InStorage"", ""WarehouseLocation"": ""Warehouse Aisle E \u2013 Shelf 4-2"", ""InspectionDate"": ""2026-09-01T00:00:00Z"", ""CalibrationValidUntil"": ""2027-09-01T00:00:00Z"", ""AssetClass"": ""High-Value Serialized Spare""}",,org-maintenance,Warehouse Aisle E – Shelf 4-2,InStorage,,,,False,Test,,
HardwareComponent,SPARE-KUKA-KRC4-PC-0412,Synthetic KUKA KRC4 Industrial Robot Controller PC #412,Plant Maintenance (Synthetic AI Guild),KUKA,Direct Automation Europe,SN-FAKE-KUKA-0412,,,,"{""CostInHUF"": 3900000, ""Status"": ""InStorage"", ""WarehouseLocation"": ""Warehouse Aisle F \u2013 Shelf 5-3"", ""InspectionDate"": ""2026-09-01T00:00:00Z"", ""CalibrationValidUntil"": ""2027-09-01T00:00:00Z"", ""AssetClass"": ""High-Value Serialized Spare""}",,org-maintenance,Warehouse Aisle F – Shelf 5-3,InStorage,,,,False,Robotics,,
HardwareComponent,SPARE-FEST-VTUG-16-0413,Synthetic Festo VTUG Valve Terminal 16-Valve Multi #413,Plant Maintenance (Synthetic AI Guild),Festo,Direct Automation Europe,SN-FAKE-FEST-0413,,,,"{""CostInHUF"": 850000, ""Status"": ""InStorage"", ""WarehouseLocation"": ""Warehouse Aisle G \u2013 Shelf 6-4"", ""InspectionDate"": ""2026-09-01T00:00:00Z"", ""CalibrationValidUntil"": ""2027-09-01T00:00:00Z"", ""AssetClass"": ""High-Value Serialized Spare""}",,org-maintenance,Warehouse Aisle G – Shelf 6-4,InStorage,,,,False,Assembly,,
HardwareComponent,SPARE-ATLAS-STR-61-0414,Synthetic Atlas Copco Tensor STR-61 Tightening Spindle #414,Plant Maintenance (Synthetic AI Guild),Atlas Copco,Direct Automation Europe,SN-FAKE-ATLA-0414,,,,"{""CostInHUF"": 3100000, ""Status"": ""InStorage"", ""WarehouseLocation"": ""Warehouse Aisle A \u2013 Shelf 7-5"", ""InspectionDate"": ""2026-09-01T00:00:00Z"", ""CalibrationValidUntil"": ""2027-09-01T00:00:00Z"", ""AssetClass"": ""High-Value Serialized Spare""}",,org-maintenance,Warehouse Aisle A – Shelf 7-5,InStorage,,,,False,Fastening,,
HardwareComponent,SPARE-SICK-MICROSCAN-0415,Synthetic SICK microScan3 Core Safety Laser Scanner #415,Plant Maintenance (Synthetic AI Guild),SICK,Direct Automation Europe,SN-FAKE-SICK-0415,,,,"{""CostInHUF"": 1250000, ""Status"": ""InStorage"", ""WarehouseLocation"": ""Warehouse Aisle B \u2013 Shelf 8-1"", ""InspectionDate"": ""2026-09-01T00:00:00Z"", ""CalibrationValidUntil"": ""2027-09-01T00:00:00Z"", ""AssetClass"": ""High-Value Serialized Spare""}",,org-maintenance,Warehouse Aisle B – Shelf 8-1,InStorage,,,,False,Assembly,,
HardwareComponent,SPARE-SEW-MOVIPRO-0416,Synthetic SEW Eurodrive MOVIPRO Decentralized Inverter #416,Plant Maintenance (Synthetic AI Guild),SEW Eurodrive,Direct Automation Europe,SN-FAKE-SEW -0416,,,,"{""CostInHUF"": 1600000, ""Status"": ""InStorage"", ""WarehouseLocation"": ""Warehouse Aisle C \u2013 Shelf 1-2"", ""InspectionDate"": ""2026-09-01T00:00:00Z"", ""CalibrationValidUntil"": ""2027-09-01T00:00:00Z"", ""AssetClass"": ""High-Value Serialized Spare""}",,org-maintenance,Warehouse Aisle C – Shelf 1-2,InStorage,,,,False,Assembly,,
HardwareComponent,SPARE-BALL-RFID-RWD-0417,Synthetic Balluff BIS-M 13.56MHz High-Temp RFID Reader #417,Plant Maintenance (Synthetic AI Guild),Balluff,Direct Automation Europe,SN-FAKE-BALL-0417,,,,"{""CostInHUF"": 480000, ""Status"": ""InStorage"", ""WarehouseLocation"": ""Warehouse Aisle D \u2013 Shelf 2-3"", ""InspectionDate"": ""2026-09-01T00:00:00Z"", ""CalibrationValidUntil"": ""2027-09-01T00:00:00Z"", ""AssetClass"": ""High-Value Serialized Spare""}",,org-maintenance,Warehouse Aisle D – Shelf 2-3,InStorage,,,,False,Test,,
HardwareComponent,SPARE-TRUMPF-OPTIC-0418,Synthetic Trumpf BEO D70 Laser Seam Optical Focus Head #418,Plant Maintenance (Synthetic AI Guild),Trumpf,Direct Automation Europe,SN-FAKE-TRUM-0418,,,,"{""CostInHUF"": 4500000, ""Status"": ""InStorage"", ""WarehouseLocation"": ""Warehouse Aisle E \u2013 Shelf 3-4"", ""InspectionDate"": ""2026-09-01T00:00:00Z"", ""CalibrationValidUntil"": ""2027-09-01T00:00:00Z"", ""AssetClass"": ""High-Value Serialized Spare""}",,org-maintenance,Warehouse Aisle E – Shelf 3-4,InStorage,,,,False,Welding,,
HardwareComponent,SPARE-TOX-E-PRESS-0419,Synthetic TOX ElectricDrive 50kN Servo Press Drive #419,Plant Maintenance (Synthetic AI Guild),TOX Pressotechnik,Direct Automation Europe,SN-FAKE-TOX -0419,,,,"{""CostInHUF"": 4800000, ""Status"": ""InStorage"", ""WarehouseLocation"": ""Warehouse Aisle F \u2013 Shelf 4-5"", ""InspectionDate"": ""2026-09-01T00:00:00Z"", ""CalibrationValidUntil"": ""2027-09-01T00:00:00Z"", ""AssetClass"": ""High-Value Serialized Spare""}",,org-maintenance,Warehouse Aisle F – Shelf 4-5,InStorage,,,,False,Fastening,,
HardwareComponent,SPARE-HIRS-BOBCAT-0420,Synthetic Hirschmann BRS20 Industrial Managed Switch #420,Plant Maintenance (Synthetic AI Guild),Hirschmann,Direct Automation Europe,SN-FAKE-HIRS-0420,,,,"{""CostInHUF"": 720000, ""Status"": ""InStorage"", ""WarehouseLocation"": ""Warehouse Aisle G \u2013 Shelf 5-1"", ""InspectionDate"": ""2026-09-01T00:00:00Z"", ""CalibrationValidUntil"": ""2027-09-01T00:00:00Z"", ""AssetClass"": ""High-Value Serialized Spare""}",,org-maintenance,Warehouse Aisle G – Shelf 5-1,InStorage,,,,False,Platform Operations,,
HardwareComponent,SPARE-SIEM-S7-1500-0421,Synthetic Siemens S7-1500 CPU 1516-3 PN/DP (Spare) #421,Plant Maintenance (Synthetic AI Guild),Siemens,Direct Automation Europe,SN-FAKE-SIEM-0421,,,,"{""CostInHUF"": 2850000, ""Status"": ""InStorage"", ""WarehouseLocation"": ""Warehouse Aisle A \u2013 Shelf 6-2"", ""InspectionDate"": ""2026-09-01T00:00:00Z"", ""CalibrationValidUntil"": ""2027-09-01T00:00:00Z"", ""AssetClass"": ""High-Value Serialized Spare""}",,org-maintenance,Warehouse Aisle A – Shelf 6-2,InStorage,,,,False,Assembly,,
HardwareComponent,SPARE-BECK-AX5000-0422,Synthetic Beckhoff AX5000 Servo Drive 12A (Spare) #422,Plant Maintenance (Synthetic AI Guild),Beckhoff,Direct Automation Europe,SN-FAKE-BECK-0422,,,,"{""CostInHUF"": 1450000, ""Status"": ""InStorage"", ""WarehouseLocation"": ""Warehouse Aisle B \u2013 Shelf 7-3"", ""InspectionDate"": ""2026-09-01T00:00:00Z"", ""CalibrationValidUntil"": ""2027-09-01T00:00:00Z"", ""AssetClass"": ""High-Value Serialized Spare""}",,org-maintenance,Warehouse Aisle B – Shelf 7-3,InStorage,,,,False,Robotics,,
HardwareComponent,SPARE-COGN-IN9912-0423,Synthetic Cognex In-Sight 9912 12MP Inspection Camera #423,Plant Maintenance (Synthetic AI Guild),Cognex,Direct Automation Europe,SN-FAKE-COGN-0423,,,,"{""CostInHUF"": 2200000, ""Status"": ""InStorage"", ""WarehouseLocation"": ""Warehouse Aisle C \u2013 Shelf 8-4"", ""InspectionDate"": ""2026-09-01T00:00:00Z"", ""CalibrationValidUntil"": ""2027-09-01T00:00:00Z"", ""AssetClass"": ""High-Value Serialized Spare""}",,org-maintenance,Warehouse Aisle C – Shelf 8-4,InStorage,,,,False,Test,,
HardwareComponent,SPARE-KUKA-KRC4-PC-0424,Synthetic KUKA KRC4 Industrial Robot Controller PC #424,Plant Maintenance (Synthetic AI Guild),KUKA,Direct Automation Europe,SN-FAKE-KUKA-0424,,,,"{""CostInHUF"": 3900000, ""Status"": ""InStorage"", ""WarehouseLocation"": ""Warehouse Aisle D \u2013 Shelf 1-5"", ""InspectionDate"": ""2026-09-01T00:00:00Z"", ""CalibrationValidUntil"": ""2027-09-01T00:00:00Z"", ""AssetClass"": ""High-Value Serialized Spare""}",,org-maintenance,Warehouse Aisle D – Shelf 1-5,InStorage,,,,False,Robotics,,
HardwareComponent,SPARE-FEST-VTUG-16-0425,Synthetic Festo VTUG Valve Terminal 16-Valve Multi #425,Plant Maintenance (Synthetic AI Guild),Festo,Direct Automation Europe,SN-FAKE-FEST-0425,,,,"{""CostInHUF"": 850000, ""Status"": ""InStorage"", ""WarehouseLocation"": ""Warehouse Aisle E \u2013 Shelf 2-1"", ""InspectionDate"": ""2026-09-01T00:00:00Z"", ""CalibrationValidUntil"": ""2027-09-01T00:00:00Z"", ""AssetClass"": ""High-Value Serialized Spare""}",,org-maintenance,Warehouse Aisle E – Shelf 2-1,InStorage,,,,False,Assembly,,
HardwareComponent,SPARE-ATLAS-STR-61-0426,Synthetic Atlas Copco Tensor STR-61 Tightening Spindle #426,Plant Maintenance (Synthetic AI Guild),Atlas Copco,Direct Automation Europe,SN-FAKE-ATLA-0426,,,,"{""CostInHUF"": 3100000, ""Status"": ""InStorage"", ""WarehouseLocation"": ""Warehouse Aisle F \u2013 Shelf 3-2"", ""InspectionDate"": ""2026-09-01T00:00:00Z"", ""CalibrationValidUntil"": ""2027-09-01T00:00:00Z"", ""AssetClass"": ""High-Value Serialized Spare""}",,org-maintenance,Warehouse Aisle F – Shelf 3-2,InStorage,,,,False,Fastening,,
HardwareComponent,SPARE-SICK-MICROSCAN-0427,Synthetic SICK microScan3 Core Safety Laser Scanner #427,Plant Maintenance (Synthetic AI Guild),SICK,Direct Automation Europe,SN-FAKE-SICK-0427,,,,"{""CostInHUF"": 1250000, ""Status"": ""InStorage"", ""WarehouseLocation"": ""Warehouse Aisle G \u2013 Shelf 4-3"", ""InspectionDate"": ""2026-09-01T00:00:00Z"", ""CalibrationValidUntil"": ""2027-09-01T00:00:00Z"", ""AssetClass"": ""High-Value Serialized Spare""}",,org-maintenance,Warehouse Aisle G – Shelf 4-3,InStorage,,,,False,Assembly,,
HardwareComponent,SPARE-SEW-MOVIPRO-0428,Synthetic SEW Eurodrive MOVIPRO Decentralized Inverter #428,Plant Maintenance (Synthetic AI Guild),SEW Eurodrive,Direct Automation Europe,SN-FAKE-SEW -0428,,,,"{""CostInHUF"": 1600000, ""Status"": ""InStorage"", ""WarehouseLocation"": ""Warehouse Aisle A \u2013 Shelf 5-4"", ""InspectionDate"": ""2026-09-01T00:00:00Z"", ""CalibrationValidUntil"": ""2027-09-01T00:00:00Z"", ""AssetClass"": ""High-Value Serialized Spare""}",,org-maintenance,Warehouse Aisle A – Shelf 5-4,InStorage,,,,False,Assembly,,
HardwareComponent,SPARE-BALL-RFID-RWD-0429,Synthetic Balluff BIS-M 13.56MHz High-Temp RFID Reader #429,Plant Maintenance (Synthetic AI Guild),Balluff,Direct Automation Europe,SN-FAKE-BALL-0429,,,,"{""CostInHUF"": 480000, ""Status"": ""InStorage"", ""WarehouseLocation"": ""Warehouse Aisle B \u2013 Shelf 6-5"", ""InspectionDate"": ""2026-09-01T00:00:00Z"", ""CalibrationValidUntil"": ""2027-09-01T00:00:00Z"", ""AssetClass"": ""High-Value Serialized Spare""}",,org-maintenance,Warehouse Aisle B – Shelf 6-5,InStorage,,,,False,Test,,
HardwareComponent,SPARE-TRUMPF-OPTIC-0430,Synthetic Trumpf BEO D70 Laser Seam Optical Focus Head #430,Plant Maintenance (Synthetic AI Guild),Trumpf,Direct Automation Europe,SN-FAKE-TRUM-0430,,,,"{""CostInHUF"": 4500000, ""Status"": ""InStorage"", ""WarehouseLocation"": ""Warehouse Aisle C \u2013 Shelf 7-1"", ""InspectionDate"": ""2026-09-01T00:00:00Z"", ""CalibrationValidUntil"": ""2027-09-01T00:00:00Z"", ""AssetClass"": ""High-Value Serialized Spare""}",,org-maintenance,Warehouse Aisle C – Shelf 7-1,InStorage,,,,False,Welding,,
HardwareComponent,SPARE-TOX-E-PRESS-0431,Synthetic TOX ElectricDrive 50kN Servo Press Drive #431,Plant Maintenance (Synthetic AI Guild),TOX Pressotechnik,Direct Automation Europe,SN-FAKE-TOX -0431,,,,"{""CostInHUF"": 4800000, ""Status"": ""InStorage"", ""WarehouseLocation"": ""Warehouse Aisle D \u2013 Shelf 8-2"", ""InspectionDate"": ""2026-09-01T00:00:00Z"", ""CalibrationValidUntil"": ""2027-09-01T00:00:00Z"", ""AssetClass"": ""High-Value Serialized Spare""}",,org-maintenance,Warehouse Aisle D – Shelf 8-2,InStorage,,,,False,Fastening,,
HardwareComponent,SPARE-HIRS-BOBCAT-0432,Synthetic Hirschmann BRS20 Industrial Managed Switch #432,Plant Maintenance (Synthetic AI Guild),Hirschmann,Direct Automation Europe,SN-FAKE-HIRS-0432,,,,"{""CostInHUF"": 720000, ""Status"": ""InStorage"", ""WarehouseLocation"": ""Warehouse Aisle E \u2013 Shelf 1-3"", ""InspectionDate"": ""2026-09-01T00:00:00Z"", ""CalibrationValidUntil"": ""2027-09-01T00:00:00Z"", ""AssetClass"": ""High-Value Serialized Spare""}",,org-maintenance,Warehouse Aisle E – Shelf 1-3,InStorage,,,,False,Platform Operations,,
HardwareComponent,SPARE-SIEM-S7-1500-0433,Synthetic Siemens S7-1500 CPU 1516-3 PN/DP (Spare) #433,Plant Maintenance (Synthetic AI Guild),Siemens,Direct Automation Europe,SN-FAKE-SIEM-0433,,,,"{""CostInHUF"": 2850000, ""Status"": ""InStorage"", ""WarehouseLocation"": ""Warehouse Aisle F \u2013 Shelf 2-4"", ""InspectionDate"": ""2026-09-01T00:00:00Z"", ""CalibrationValidUntil"": ""2027-09-01T00:00:00Z"", ""AssetClass"": ""High-Value Serialized Spare""}",,org-maintenance,Warehouse Aisle F – Shelf 2-4,InStorage,,,,False,Assembly,,
HardwareComponent,SPARE-BECK-AX5000-0434,Synthetic Beckhoff AX5000 Servo Drive 12A (Spare) #434,Plant Maintenance (Synthetic AI Guild),Beckhoff,Direct Automation Europe,SN-FAKE-BECK-0434,,,,"{""CostInHUF"": 1450000, ""Status"": ""InStorage"", ""WarehouseLocation"": ""Warehouse Aisle G \u2013 Shelf 3-5"", ""InspectionDate"": ""2026-09-01T00:00:00Z"", ""CalibrationValidUntil"": ""2027-09-01T00:00:00Z"", ""AssetClass"": ""High-Value Serialized Spare""}",,org-maintenance,Warehouse Aisle G – Shelf 3-5,InStorage,,,,False,Robotics,,
HardwareComponent,SPARE-COGN-IN9912-0435,Synthetic Cognex In-Sight 9912 12MP Inspection Camera #435,Plant Maintenance (Synthetic AI Guild),Cognex,Direct Automation Europe,SN-FAKE-COGN-0435,,,,"{""CostInHUF"": 2200000, ""Status"": ""InStorage"", ""WarehouseLocation"": ""Warehouse Aisle A \u2013 Shelf 4-1"", ""InspectionDate"": ""2026-09-01T00:00:00Z"", ""CalibrationValidUntil"": ""2027-09-01T00:00:00Z"", ""AssetClass"": ""High-Value Serialized Spare""}",,org-maintenance,Warehouse Aisle A – Shelf 4-1,InStorage,,,,False,Test,,
HardwareComponent,SPARE-KUKA-KRC4-PC-0436,Synthetic KUKA KRC4 Industrial Robot Controller PC #436,Plant Maintenance (Synthetic AI Guild),KUKA,Direct Automation Europe,SN-FAKE-KUKA-0436,,,,"{""CostInHUF"": 3900000, ""Status"": ""InStorage"", ""WarehouseLocation"": ""Warehouse Aisle B \u2013 Shelf 5-2"", ""InspectionDate"": ""2026-09-01T00:00:00Z"", ""CalibrationValidUntil"": ""2027-09-01T00:00:00Z"", ""AssetClass"": ""High-Value Serialized Spare""}",,org-maintenance,Warehouse Aisle B – Shelf 5-2,InStorage,,,,False,Robotics,,
HardwareComponent,SPARE-FEST-VTUG-16-0437,Synthetic Festo VTUG Valve Terminal 16-Valve Multi #437,Plant Maintenance (Synthetic AI Guild),Festo,Direct Automation Europe,SN-FAKE-FEST-0437,,,,"{""CostInHUF"": 850000, ""Status"": ""InStorage"", ""WarehouseLocation"": ""Warehouse Aisle C \u2013 Shelf 6-3"", ""InspectionDate"": ""2026-09-01T00:00:00Z"", ""CalibrationValidUntil"": ""2027-09-01T00:00:00Z"", ""AssetClass"": ""High-Value Serialized Spare""}",,org-maintenance,Warehouse Aisle C – Shelf 6-3,InStorage,,,,False,Assembly,,
HardwareComponent,SPARE-ATLAS-STR-61-0438,Synthetic Atlas Copco Tensor STR-61 Tightening Spindle #438,Plant Maintenance (Synthetic AI Guild),Atlas Copco,Direct Automation Europe,SN-FAKE-ATLA-0438,,,,"{""CostInHUF"": 3100000, ""Status"": ""InStorage"", ""WarehouseLocation"": ""Warehouse Aisle D \u2013 Shelf 7-4"", ""InspectionDate"": ""2026-09-01T00:00:00Z"", ""CalibrationValidUntil"": ""2027-09-01T00:00:00Z"", ""AssetClass"": ""High-Value Serialized Spare""}",,org-maintenance,Warehouse Aisle D – Shelf 7-4,InStorage,,,,False,Fastening,,
HardwareComponent,SPARE-SICK-MICROSCAN-0439,Synthetic SICK microScan3 Core Safety Laser Scanner #439,Plant Maintenance (Synthetic AI Guild),SICK,Direct Automation Europe,SN-FAKE-SICK-0439,,,,"{""CostInHUF"": 1250000, ""Status"": ""InStorage"", ""WarehouseLocation"": ""Warehouse Aisle E \u2013 Shelf 8-5"", ""InspectionDate"": ""2026-09-01T00:00:00Z"", ""CalibrationValidUntil"": ""2027-09-01T00:00:00Z"", ""AssetClass"": ""High-Value Serialized Spare""}",,org-maintenance,Warehouse Aisle E – Shelf 8-5,InStorage,,,,False,Assembly,,
HardwareComponent,SPARE-SEW-MOVIPRO-0440,Synthetic SEW Eurodrive MOVIPRO Decentralized Inverter #440,Plant Maintenance (Synthetic AI Guild),SEW Eurodrive,Direct Automation Europe,SN-FAKE-SEW -0440,,,,"{""CostInHUF"": 1600000, ""Status"": ""InStorage"", ""WarehouseLocation"": ""Warehouse Aisle F \u2013 Shelf 1-1"", ""InspectionDate"": ""2026-09-01T00:00:00Z"", ""CalibrationValidUntil"": ""2027-09-01T00:00:00Z"", ""AssetClass"": ""High-Value Serialized Spare""}",,org-maintenance,Warehouse Aisle F – Shelf 1-1,InStorage,,,,False,Assembly,,
HardwareComponent,SPARE-BALL-RFID-RWD-0441,Synthetic Balluff BIS-M 13.56MHz High-Temp RFID Reader #441,Plant Maintenance (Synthetic AI Guild),Balluff,Direct Automation Europe,SN-FAKE-BALL-0441,,,,"{""CostInHUF"": 480000, ""Status"": ""InStorage"", ""WarehouseLocation"": ""Warehouse Aisle G \u2013 Shelf 2-2"", ""InspectionDate"": ""2026-09-01T00:00:00Z"", ""CalibrationValidUntil"": ""2027-09-01T00:00:00Z"", ""AssetClass"": ""High-Value Serialized Spare""}",,org-maintenance,Warehouse Aisle G – Shelf 2-2,InStorage,,,,False,Test,,
HardwareComponent,SPARE-TRUMPF-OPTIC-0442,Synthetic Trumpf BEO D70 Laser Seam Optical Focus Head #442,Plant Maintenance (Synthetic AI Guild),Trumpf,Direct Automation Europe,SN-FAKE-TRUM-0442,,,,"{""CostInHUF"": 4500000, ""Status"": ""InStorage"", ""WarehouseLocation"": ""Warehouse Aisle A \u2013 Shelf 3-3"", ""InspectionDate"": ""2026-09-01T00:00:00Z"", ""CalibrationValidUntil"": ""2027-09-01T00:00:00Z"", ""AssetClass"": ""High-Value Serialized Spare""}",,org-maintenance,Warehouse Aisle A – Shelf 3-3,InStorage,,,,False,Welding,,
HardwareComponent,SPARE-TOX-E-PRESS-0443,Synthetic TOX ElectricDrive 50kN Servo Press Drive #443,Plant Maintenance (Synthetic AI Guild),TOX Pressotechnik,Direct Automation Europe,SN-FAKE-TOX -0443,,,,"{""CostInHUF"": 4800000, ""Status"": ""InStorage"", ""WarehouseLocation"": ""Warehouse Aisle B \u2013 Shelf 4-4"", ""InspectionDate"": ""2026-09-01T00:00:00Z"", ""CalibrationValidUntil"": ""2027-09-01T00:00:00Z"", ""AssetClass"": ""High-Value Serialized Spare""}",,org-maintenance,Warehouse Aisle B – Shelf 4-4,InStorage,,,,False,Fastening,,
HardwareComponent,SPARE-HIRS-BOBCAT-0444,Synthetic Hirschmann BRS20 Industrial Managed Switch #444,Plant Maintenance (Synthetic AI Guild),Hirschmann,Direct Automation Europe,SN-FAKE-HIRS-0444,,,,"{""CostInHUF"": 720000, ""Status"": ""InStorage"", ""WarehouseLocation"": ""Warehouse Aisle C \u2013 Shelf 5-5"", ""InspectionDate"": ""2026-09-01T00:00:00Z"", ""CalibrationValidUntil"": ""2027-09-01T00:00:00Z"", ""AssetClass"": ""High-Value Serialized Spare""}",,org-maintenance,Warehouse Aisle C – Shelf 5-5,InStorage,,,,False,Platform Operations,,
HardwareComponent,SPARE-SIEM-S7-1500-0445,Synthetic Siemens S7-1500 CPU 1516-3 PN/DP (Spare) #445,Plant Maintenance (Synthetic AI Guild),Siemens,Direct Automation Europe,SN-FAKE-SIEM-0445,,,,"{""CostInHUF"": 2850000, ""Status"": ""InStorage"", ""WarehouseLocation"": ""Warehouse Aisle D \u2013 Shelf 6-1"", ""InspectionDate"": ""2026-09-01T00:00:00Z"", ""CalibrationValidUntil"": ""2027-09-01T00:00:00Z"", ""AssetClass"": ""High-Value Serialized Spare""}",,org-maintenance,Warehouse Aisle D – Shelf 6-1,InStorage,,,,False,Assembly,,
HardwareComponent,SPARE-BECK-AX5000-0446,Synthetic Beckhoff AX5000 Servo Drive 12A (Spare) #446,Plant Maintenance (Synthetic AI Guild),Beckhoff,Direct Automation Europe,SN-FAKE-BECK-0446,,,,"{""CostInHUF"": 1450000, ""Status"": ""InStorage"", ""WarehouseLocation"": ""Warehouse Aisle E \u2013 Shelf 7-2"", ""InspectionDate"": ""2026-09-01T00:00:00Z"", ""CalibrationValidUntil"": ""2027-09-01T00:00:00Z"", ""AssetClass"": ""High-Value Serialized Spare""}",,org-maintenance,Warehouse Aisle E – Shelf 7-2,InStorage,,,,False,Robotics,,
HardwareComponent,SPARE-COGN-IN9912-0447,Synthetic Cognex In-Sight 9912 12MP Inspection Camera #447,Plant Maintenance (Synthetic AI Guild),Cognex,Direct Automation Europe,SN-FAKE-COGN-0447,,,,"{""CostInHUF"": 2200000, ""Status"": ""InStorage"", ""WarehouseLocation"": ""Warehouse Aisle F \u2013 Shelf 8-3"", ""InspectionDate"": ""2026-09-01T00:00:00Z"", ""CalibrationValidUntil"": ""2027-09-01T00:00:00Z"", ""AssetClass"": ""High-Value Serialized Spare""}",,org-maintenance,Warehouse Aisle F – Shelf 8-3,InStorage,,,,False,Test,,
HardwareComponent,SPARE-KUKA-KRC4-PC-0448,Synthetic KUKA KRC4 Industrial Robot Controller PC #448,Plant Maintenance (Synthetic AI Guild),KUKA,Direct Automation Europe,SN-FAKE-KUKA-0448,,,,"{""CostInHUF"": 3900000, ""Status"": ""InStorage"", ""WarehouseLocation"": ""Warehouse Aisle G \u2013 Shelf 1-4"", ""InspectionDate"": ""2026-09-01T00:00:00Z"", ""CalibrationValidUntil"": ""2027-09-01T00:00:00Z"", ""AssetClass"": ""High-Value Serialized Spare""}",,org-maintenance,Warehouse Aisle G – Shelf 1-4,InStorage,,,,False,Robotics,,
HardwareComponent,SPARE-FEST-VTUG-16-0449,Synthetic Festo VTUG Valve Terminal 16-Valve Multi #449,Plant Maintenance (Synthetic AI Guild),Festo,Direct Automation Europe,SN-FAKE-FEST-0449,,,,"{""CostInHUF"": 850000, ""Status"": ""InStorage"", ""WarehouseLocation"": ""Warehouse Aisle A \u2013 Shelf 2-5"", ""InspectionDate"": ""2026-09-01T00:00:00Z"", ""CalibrationValidUntil"": ""2027-09-01T00:00:00Z"", ""AssetClass"": ""High-Value Serialized Spare""}",,org-maintenance,Warehouse Aisle A – Shelf 2-5,InStorage,,,,False,Assembly,,
HardwareComponent,SPARE-ATLAS-STR-61-0450,Synthetic Atlas Copco Tensor STR-61 Tightening Spindle #450,Plant Maintenance (Synthetic AI Guild),Atlas Copco,Direct Automation Europe,SN-FAKE-ATLA-0450,,,,"{""CostInHUF"": 3100000, ""Status"": ""InStorage"", ""WarehouseLocation"": ""Warehouse Aisle B \u2013 Shelf 3-1"", ""InspectionDate"": ""2026-09-01T00:00:00Z"", ""CalibrationValidUntil"": ""2027-09-01T00:00:00Z"", ""AssetClass"": ""High-Value Serialized Spare""}",,org-maintenance,Warehouse Aisle B – Shelf 3-1,InStorage,,,,False,Fastening,,
HardwareComponent,SPARE-SICK-MICROSCAN-0451,Synthetic SICK microScan3 Core Safety Laser Scanner #451,Plant Maintenance (Synthetic AI Guild),SICK,Direct Automation Europe,SN-FAKE-SICK-0451,,,,"{""CostInHUF"": 1250000, ""Status"": ""InStorage"", ""WarehouseLocation"": ""Warehouse Aisle C \u2013 Shelf 4-2"", ""InspectionDate"": ""2026-09-01T00:00:00Z"", ""CalibrationValidUntil"": ""2027-09-01T00:00:00Z"", ""AssetClass"": ""High-Value Serialized Spare""}",,org-maintenance,Warehouse Aisle C – Shelf 4-2,InStorage,,,,False,Assembly,,
HardwareComponent,SPARE-SEW-MOVIPRO-0452,Synthetic SEW Eurodrive MOVIPRO Decentralized Inverter #452,Plant Maintenance (Synthetic AI Guild),SEW Eurodrive,Direct Automation Europe,SN-FAKE-SEW -0452,,,,"{""CostInHUF"": 1600000, ""Status"": ""InStorage"", ""WarehouseLocation"": ""Warehouse Aisle D \u2013 Shelf 5-3"", ""InspectionDate"": ""2026-09-01T00:00:00Z"", ""CalibrationValidUntil"": ""2027-09-01T00:00:00Z"", ""AssetClass"": ""High-Value Serialized Spare""}",,org-maintenance,Warehouse Aisle D – Shelf 5-3,InStorage,,,,False,Assembly,,
HardwareComponent,SPARE-BALL-RFID-RWD-0453,Synthetic Balluff BIS-M 13.56MHz High-Temp RFID Reader #453,Plant Maintenance (Synthetic AI Guild),Balluff,Direct Automation Europe,SN-FAKE-BALL-0453,,,,"{""CostInHUF"": 480000, ""Status"": ""InStorage"", ""WarehouseLocation"": ""Warehouse Aisle E \u2013 Shelf 6-4"", ""InspectionDate"": ""2026-09-01T00:00:00Z"", ""CalibrationValidUntil"": ""2027-09-01T00:00:00Z"", ""AssetClass"": ""High-Value Serialized Spare""}",,org-maintenance,Warehouse Aisle E – Shelf 6-4,InStorage,,,,False,Test,,
HardwareComponent,SPARE-TRUMPF-OPTIC-0454,Synthetic Trumpf BEO D70 Laser Seam Optical Focus Head #454,Plant Maintenance (Synthetic AI Guild),Trumpf,Direct Automation Europe,SN-FAKE-TRUM-0454,,,,"{""CostInHUF"": 4500000, ""Status"": ""InStorage"", ""WarehouseLocation"": ""Warehouse Aisle F \u2013 Shelf 7-5"", ""InspectionDate"": ""2026-09-01T00:00:00Z"", ""CalibrationValidUntil"": ""2027-09-01T00:00:00Z"", ""AssetClass"": ""High-Value Serialized Spare""}",,org-maintenance,Warehouse Aisle F – Shelf 7-5,InStorage,,,,False,Welding,,
HardwareComponent,SPARE-TOX-E-PRESS-0455,Synthetic TOX ElectricDrive 50kN Servo Press Drive #455,Plant Maintenance (Synthetic AI Guild),TOX Pressotechnik,Direct Automation Europe,SN-FAKE-TOX -0455,,,,"{""CostInHUF"": 4800000, ""Status"": ""InStorage"", ""WarehouseLocation"": ""Warehouse Aisle G \u2013 Shelf 8-1"", ""InspectionDate"": ""2026-09-01T00:00:00Z"", ""CalibrationValidUntil"": ""2027-09-01T00:00:00Z"", ""AssetClass"": ""High-Value Serialized Spare""}",,org-maintenance,Warehouse Aisle G – Shelf 8-1,InStorage,,,,False,Fastening,,
HardwareComponent,SPARE-HIRS-BOBCAT-0456,Synthetic Hirschmann BRS20 Industrial Managed Switch #456,Plant Maintenance (Synthetic AI Guild),Hirschmann,Direct Automation Europe,SN-FAKE-HIRS-0456,,,,"{""CostInHUF"": 720000, ""Status"": ""InStorage"", ""WarehouseLocation"": ""Warehouse Aisle A \u2013 Shelf 1-2"", ""InspectionDate"": ""2026-09-01T00:00:00Z"", ""CalibrationValidUntil"": ""2027-09-01T00:00:00Z"", ""AssetClass"": ""High-Value Serialized Spare""}",,org-maintenance,Warehouse Aisle A – Shelf 1-2,InStorage,,,,False,Platform Operations,,
HardwareComponent,SPARE-SIEM-S7-1500-0457,Synthetic Siemens S7-1500 CPU 1516-3 PN/DP (Spare) #457,Plant Maintenance (Synthetic AI Guild),Siemens,Direct Automation Europe,SN-FAKE-SIEM-0457,,,,"{""CostInHUF"": 2850000, ""Status"": ""InStorage"", ""WarehouseLocation"": ""Warehouse Aisle B \u2013 Shelf 2-3"", ""InspectionDate"": ""2026-09-01T00:00:00Z"", ""CalibrationValidUntil"": ""2027-09-01T00:00:00Z"", ""AssetClass"": ""High-Value Serialized Spare""}",,org-maintenance,Warehouse Aisle B – Shelf 2-3,InStorage,,,,False,Assembly,,
HardwareComponent,SPARE-BECK-AX5000-0458,Synthetic Beckhoff AX5000 Servo Drive 12A (Spare) #458,Plant Maintenance (Synthetic AI Guild),Beckhoff,Direct Automation Europe,SN-FAKE-BECK-0458,,,,"{""CostInHUF"": 1450000, ""Status"": ""InStorage"", ""WarehouseLocation"": ""Warehouse Aisle C \u2013 Shelf 3-4"", ""InspectionDate"": ""2026-09-01T00:00:00Z"", ""CalibrationValidUntil"": ""2027-09-01T00:00:00Z"", ""AssetClass"": ""High-Value Serialized Spare""}",,org-maintenance,Warehouse Aisle C – Shelf 3-4,InStorage,,,,False,Robotics,,
HardwareComponent,SPARE-COGN-IN9912-0459,Synthetic Cognex In-Sight 9912 12MP Inspection Camera #459,Plant Maintenance (Synthetic AI Guild),Cognex,Direct Automation Europe,SN-FAKE-COGN-0459,,,,"{""CostInHUF"": 2200000, ""Status"": ""InStorage"", ""WarehouseLocation"": ""Warehouse Aisle D \u2013 Shelf 4-5"", ""InspectionDate"": ""2026-09-01T00:00:00Z"", ""CalibrationValidUntil"": ""2027-09-01T00:00:00Z"", ""AssetClass"": ""High-Value Serialized Spare""}",,org-maintenance,Warehouse Aisle D – Shelf 4-5,InStorage,,,,False,Test,,
HardwareComponent,SPARE-KUKA-KRC4-PC-0460,Synthetic KUKA KRC4 Industrial Robot Controller PC #460,Plant Maintenance (Synthetic AI Guild),KUKA,Direct Automation Europe,SN-FAKE-KUKA-0460,,,,"{""CostInHUF"": 3900000, ""Status"": ""InStorage"", ""WarehouseLocation"": ""Warehouse Aisle E \u2013 Shelf 5-1"", ""InspectionDate"": ""2026-09-01T00:00:00Z"", ""CalibrationValidUntil"": ""2027-09-01T00:00:00Z"", ""AssetClass"": ""High-Value Serialized Spare""}",,org-maintenance,Warehouse Aisle E – Shelf 5-1,InStorage,,,,False,Robotics,,
HardwareComponent,SPARE-FEST-VTUG-16-0461,Synthetic Festo VTUG Valve Terminal 16-Valve Multi #461,Plant Maintenance (Synthetic AI Guild),Festo,Direct Automation Europe,SN-FAKE-FEST-0461,,,,"{""CostInHUF"": 850000, ""Status"": ""InStorage"", ""WarehouseLocation"": ""Warehouse Aisle F \u2013 Shelf 6-2"", ""InspectionDate"": ""2026-09-01T00:00:00Z"", ""CalibrationValidUntil"": ""2027-09-01T00:00:00Z"", ""AssetClass"": ""High-Value Serialized Spare""}",,org-maintenance,Warehouse Aisle F – Shelf 6-2,InStorage,,,,False,Assembly,,
HardwareComponent,SPARE-ATLAS-STR-61-0462,Synthetic Atlas Copco Tensor STR-61 Tightening Spindle #462,Plant Maintenance (Synthetic AI Guild),Atlas Copco,Direct Automation Europe,SN-FAKE-ATLA-0462,,,,"{""CostInHUF"": 3100000, ""Status"": ""InStorage"", ""WarehouseLocation"": ""Warehouse Aisle G \u2013 Shelf 7-3"", ""InspectionDate"": ""2026-09-01T00:00:00Z"", ""CalibrationValidUntil"": ""2027-09-01T00:00:00Z"", ""AssetClass"": ""High-Value Serialized Spare""}",,org-maintenance,Warehouse Aisle G – Shelf 7-3,InStorage,,,,False,Fastening,,
HardwareComponent,SPARE-SICK-MICROSCAN-0463,Synthetic SICK microScan3 Core Safety Laser Scanner #463,Plant Maintenance (Synthetic AI Guild),SICK,Direct Automation Europe,SN-FAKE-SICK-0463,,,,"{""CostInHUF"": 1250000, ""Status"": ""InStorage"", ""WarehouseLocation"": ""Warehouse Aisle A \u2013 Shelf 8-4"", ""InspectionDate"": ""2026-09-01T00:00:00Z"", ""CalibrationValidUntil"": ""2027-09-01T00:00:00Z"", ""AssetClass"": ""High-Value Serialized Spare""}",,org-maintenance,Warehouse Aisle A – Shelf 8-4,InStorage,,,,False,Assembly,,
HardwareComponent,SPARE-SEW-MOVIPRO-0464,Synthetic SEW Eurodrive MOVIPRO Decentralized Inverter #464,Plant Maintenance (Synthetic AI Guild),SEW Eurodrive,Direct Automation Europe,SN-FAKE-SEW -0464,,,,"{""CostInHUF"": 1600000, ""Status"": ""InStorage"", ""WarehouseLocation"": ""Warehouse Aisle B \u2013 Shelf 1-5"", ""InspectionDate"": ""2026-09-01T00:00:00Z"", ""CalibrationValidUntil"": ""2027-09-01T00:00:00Z"", ""AssetClass"": ""High-Value Serialized Spare""}",,org-maintenance,Warehouse Aisle B – Shelf 1-5,InStorage,,,,False,Assembly,,
HardwareComponent,SPARE-BALL-RFID-RWD-0465,Synthetic Balluff BIS-M 13.56MHz High-Temp RFID Reader #465,Plant Maintenance (Synthetic AI Guild),Balluff,Direct Automation Europe,SN-FAKE-BALL-0465,,,,"{""CostInHUF"": 480000, ""Status"": ""InStorage"", ""WarehouseLocation"": ""Warehouse Aisle C \u2013 Shelf 2-1"", ""InspectionDate"": ""2026-09-01T00:00:00Z"", ""CalibrationValidUntil"": ""2027-09-01T00:00:00Z"", ""AssetClass"": ""High-Value Serialized Spare""}",,org-maintenance,Warehouse Aisle C – Shelf 2-1,InStorage,,,,False,Test,,
HardwareComponent,SPARE-TRUMPF-OPTIC-0466,Synthetic Trumpf BEO D70 Laser Seam Optical Focus Head #466,Plant Maintenance (Synthetic AI Guild),Trumpf,Direct Automation Europe,SN-FAKE-TRUM-0466,,,,"{""CostInHUF"": 4500000, ""Status"": ""InStorage"", ""WarehouseLocation"": ""Warehouse Aisle D \u2013 Shelf 3-2"", ""InspectionDate"": ""2026-09-01T00:00:00Z"", ""CalibrationValidUntil"": ""2027-09-01T00:00:00Z"", ""AssetClass"": ""High-Value Serialized Spare""}",,org-maintenance,Warehouse Aisle D – Shelf 3-2,InStorage,,,,False,Welding,,
HardwareComponent,SPARE-TOX-E-PRESS-0467,Synthetic TOX ElectricDrive 50kN Servo Press Drive #467,Plant Maintenance (Synthetic AI Guild),TOX Pressotechnik,Direct Automation Europe,SN-FAKE-TOX -0467,,,,"{""CostInHUF"": 4800000, ""Status"": ""InStorage"", ""WarehouseLocation"": ""Warehouse Aisle E \u2013 Shelf 4-3"", ""InspectionDate"": ""2026-09-01T00:00:00Z"", ""CalibrationValidUntil"": ""2027-09-01T00:00:00Z"", ""AssetClass"": ""High-Value Serialized Spare""}",,org-maintenance,Warehouse Aisle E – Shelf 4-3,InStorage,,,,False,Fastening,,
HardwareComponent,SPARE-HIRS-BOBCAT-0468,Synthetic Hirschmann BRS20 Industrial Managed Switch #468,Plant Maintenance (Synthetic AI Guild),Hirschmann,Direct Automation Europe,SN-FAKE-HIRS-0468,,,,"{""CostInHUF"": 720000, ""Status"": ""InStorage"", ""WarehouseLocation"": ""Warehouse Aisle F \u2013 Shelf 5-4"", ""InspectionDate"": ""2026-09-01T00:00:00Z"", ""CalibrationValidUntil"": ""2027-09-01T00:00:00Z"", ""AssetClass"": ""High-Value Serialized Spare""}",,org-maintenance,Warehouse Aisle F – Shelf 5-4,InStorage,,,,False,Platform Operations,,
HardwareComponent,SPARE-SIEM-S7-1500-0469,Synthetic Siemens S7-1500 CPU 1516-3 PN/DP (Spare) #469,Plant Maintenance (Synthetic AI Guild),Siemens,Direct Automation Europe,SN-FAKE-SIEM-0469,,,,"{""CostInHUF"": 2850000, ""Status"": ""InStorage"", ""WarehouseLocation"": ""Warehouse Aisle G \u2013 Shelf 6-5"", ""InspectionDate"": ""2026-09-01T00:00:00Z"", ""CalibrationValidUntil"": ""2027-09-01T00:00:00Z"", ""AssetClass"": ""High-Value Serialized Spare""}",,org-maintenance,Warehouse Aisle G – Shelf 6-5,InStorage,,,,False,Assembly,,
HardwareComponent,SPARE-BECK-AX5000-0470,Synthetic Beckhoff AX5000 Servo Drive 12A (Spare) #470,Plant Maintenance (Synthetic AI Guild),Beckhoff,Direct Automation Europe,SN-FAKE-BECK-0470,,,,"{""CostInHUF"": 1450000, ""Status"": ""InStorage"", ""WarehouseLocation"": ""Warehouse Aisle A \u2013 Shelf 7-1"", ""InspectionDate"": ""2026-09-01T00:00:00Z"", ""CalibrationValidUntil"": ""2027-09-01T00:00:00Z"", ""AssetClass"": ""High-Value Serialized Spare""}",,org-maintenance,Warehouse Aisle A – Shelf 7-1,InStorage,,,,False,Robotics,,
HardwareComponent,SPARE-COGN-IN9912-0471,Synthetic Cognex In-Sight 9912 12MP Inspection Camera #471,Plant Maintenance (Synthetic AI Guild),Cognex,Direct Automation Europe,SN-FAKE-COGN-0471,,,,"{""CostInHUF"": 2200000, ""Status"": ""InStorage"", ""WarehouseLocation"": ""Warehouse Aisle B \u2013 Shelf 8-2"", ""InspectionDate"": ""2026-09-01T00:00:00Z"", ""CalibrationValidUntil"": ""2027-09-01T00:00:00Z"", ""AssetClass"": ""High-Value Serialized Spare""}",,org-maintenance,Warehouse Aisle B – Shelf 8-2,InStorage,,,,False,Test,,
HardwareComponent,SPARE-KUKA-KRC4-PC-0472,Synthetic KUKA KRC4 Industrial Robot Controller PC #472,Plant Maintenance (Synthetic AI Guild),KUKA,Direct Automation Europe,SN-FAKE-KUKA-0472,,,,"{""CostInHUF"": 3900000, ""Status"": ""InStorage"", ""WarehouseLocation"": ""Warehouse Aisle C \u2013 Shelf 1-3"", ""InspectionDate"": ""2026-09-01T00:00:00Z"", ""CalibrationValidUntil"": ""2027-09-01T00:00:00Z"", ""AssetClass"": ""High-Value Serialized Spare""}",,org-maintenance,Warehouse Aisle C – Shelf 1-3,InStorage,,,,False,Robotics,,
HardwareComponent,SPARE-FEST-VTUG-16-0473,Synthetic Festo VTUG Valve Terminal 16-Valve Multi #473,Plant Maintenance (Synthetic AI Guild),Festo,Direct Automation Europe,SN-FAKE-FEST-0473,,,,"{""CostInHUF"": 850000, ""Status"": ""InStorage"", ""WarehouseLocation"": ""Warehouse Aisle D \u2013 Shelf 2-4"", ""InspectionDate"": ""2026-09-01T00:00:00Z"", ""CalibrationValidUntil"": ""2027-09-01T00:00:00Z"", ""AssetClass"": ""High-Value Serialized Spare""}",,org-maintenance,Warehouse Aisle D – Shelf 2-4,InStorage,,,,False,Assembly,,
HardwareComponent,SPARE-ATLAS-STR-61-0474,Synthetic Atlas Copco Tensor STR-61 Tightening Spindle #474,Plant Maintenance (Synthetic AI Guild),Atlas Copco,Direct Automation Europe,SN-FAKE-ATLA-0474,,,,"{""CostInHUF"": 3100000, ""Status"": ""InStorage"", ""WarehouseLocation"": ""Warehouse Aisle E \u2013 Shelf 3-5"", ""InspectionDate"": ""2026-09-01T00:00:00Z"", ""CalibrationValidUntil"": ""2027-09-01T00:00:00Z"", ""AssetClass"": ""High-Value Serialized Spare""}",,org-maintenance,Warehouse Aisle E – Shelf 3-5,InStorage,,,,False,Fastening,,
HardwareComponent,SPARE-SICK-MICROSCAN-0475,Synthetic SICK microScan3 Core Safety Laser Scanner #475,Plant Maintenance (Synthetic AI Guild),SICK,Direct Automation Europe,SN-FAKE-SICK-0475,,,,"{""CostInHUF"": 1250000, ""Status"": ""InStorage"", ""WarehouseLocation"": ""Warehouse Aisle F \u2013 Shelf 4-1"", ""InspectionDate"": ""2026-09-01T00:00:00Z"", ""CalibrationValidUntil"": ""2027-09-01T00:00:00Z"", ""AssetClass"": ""High-Value Serialized Spare""}",,org-maintenance,Warehouse Aisle F – Shelf 4-1,InStorage,,,,False,Assembly,,
HardwareComponent,SPARE-SEW-MOVIPRO-0476,Synthetic SEW Eurodrive MOVIPRO Decentralized Inverter #476,Plant Maintenance (Synthetic AI Guild),SEW Eurodrive,Direct Automation Europe,SN-FAKE-SEW -0476,,,,"{""CostInHUF"": 1600000, ""Status"": ""InStorage"", ""WarehouseLocation"": ""Warehouse Aisle G \u2013 Shelf 5-2"", ""InspectionDate"": ""2026-09-01T00:00:00Z"", ""CalibrationValidUntil"": ""2027-09-01T00:00:00Z"", ""AssetClass"": ""High-Value Serialized Spare""}",,org-maintenance,Warehouse Aisle G – Shelf 5-2,InStorage,,,,False,Assembly,,
HardwareComponent,SPARE-BALL-RFID-RWD-0477,Synthetic Balluff BIS-M 13.56MHz High-Temp RFID Reader #477,Plant Maintenance (Synthetic AI Guild),Balluff,Direct Automation Europe,SN-FAKE-BALL-0477,,,,"{""CostInHUF"": 480000, ""Status"": ""InStorage"", ""WarehouseLocation"": ""Warehouse Aisle A \u2013 Shelf 6-3"", ""InspectionDate"": ""2026-09-01T00:00:00Z"", ""CalibrationValidUntil"": ""2027-09-01T00:00:00Z"", ""AssetClass"": ""High-Value Serialized Spare""}",,org-maintenance,Warehouse Aisle A – Shelf 6-3,InStorage,,,,False,Test,,
HardwareComponent,SPARE-TRUMPF-OPTIC-0478,Synthetic Trumpf BEO D70 Laser Seam Optical Focus Head #478,Plant Maintenance (Synthetic AI Guild),Trumpf,Direct Automation Europe,SN-FAKE-TRUM-0478,,,,"{""CostInHUF"": 4500000, ""Status"": ""InStorage"", ""WarehouseLocation"": ""Warehouse Aisle B \u2013 Shelf 7-4"", ""InspectionDate"": ""2026-09-01T00:00:00Z"", ""CalibrationValidUntil"": ""2027-09-01T00:00:00Z"", ""AssetClass"": ""High-Value Serialized Spare""}",,org-maintenance,Warehouse Aisle B – Shelf 7-4,InStorage,,,,False,Welding,,
HardwareComponent,SPARE-TOX-E-PRESS-0479,Synthetic TOX ElectricDrive 50kN Servo Press Drive #479,Plant Maintenance (Synthetic AI Guild),TOX Pressotechnik,Direct Automation Europe,SN-FAKE-TOX -0479,,,,"{""CostInHUF"": 4800000, ""Status"": ""InStorage"", ""WarehouseLocation"": ""Warehouse Aisle C \u2013 Shelf 8-5"", ""InspectionDate"": ""2026-09-01T00:00:00Z"", ""CalibrationValidUntil"": ""2027-09-01T00:00:00Z"", ""AssetClass"": ""High-Value Serialized Spare""}",,org-maintenance,Warehouse Aisle C – Shelf 8-5,InStorage,,,,False,Fastening,,
HardwareComponent,SPARE-HIRS-BOBCAT-0480,Synthetic Hirschmann BRS20 Industrial Managed Switch #480,Plant Maintenance (Synthetic AI Guild),Hirschmann,Direct Automation Europe,SN-FAKE-HIRS-0480,,,,"{""CostInHUF"": 720000, ""Status"": ""InStorage"", ""WarehouseLocation"": ""Warehouse Aisle D \u2013 Shelf 1-1"", ""InspectionDate"": ""2026-09-01T00:00:00Z"", ""CalibrationValidUntil"": ""2027-09-01T00:00:00Z"", ""AssetClass"": ""High-Value Serialized Spare""}",,org-maintenance,Warehouse Aisle D – Shelf 1-1,InStorage,,,,False,Platform Operations,,
HardwareComponent,SPARE-SIEM-S7-1500-0481,Synthetic Siemens S7-1500 CPU 1516-3 PN/DP (Spare) #481,Plant Maintenance (Synthetic AI Guild),Siemens,Direct Automation Europe,SN-FAKE-SIEM-0481,,,,"{""CostInHUF"": 2850000, ""Status"": ""InStorage"", ""WarehouseLocation"": ""Warehouse Aisle E \u2013 Shelf 2-2"", ""InspectionDate"": ""2026-09-01T00:00:00Z"", ""CalibrationValidUntil"": ""2027-09-01T00:00:00Z"", ""AssetClass"": ""High-Value Serialized Spare""}",,org-maintenance,Warehouse Aisle E – Shelf 2-2,InStorage,,,,False,Assembly,,
HardwareComponent,SPARE-BECK-AX5000-0482,Synthetic Beckhoff AX5000 Servo Drive 12A (Spare) #482,Plant Maintenance (Synthetic AI Guild),Beckhoff,Direct Automation Europe,SN-FAKE-BECK-0482,,,,"{""CostInHUF"": 1450000, ""Status"": ""InStorage"", ""WarehouseLocation"": ""Warehouse Aisle F \u2013 Shelf 3-3"", ""InspectionDate"": ""2026-09-01T00:00:00Z"", ""CalibrationValidUntil"": ""2027-09-01T00:00:00Z"", ""AssetClass"": ""High-Value Serialized Spare""}",,org-maintenance,Warehouse Aisle F – Shelf 3-3,InStorage,,,,False,Robotics,,
HardwareComponent,SPARE-COGN-IN9912-0483,Synthetic Cognex In-Sight 9912 12MP Inspection Camera #483,Plant Maintenance (Synthetic AI Guild),Cognex,Direct Automation Europe,SN-FAKE-COGN-0483,,,,"{""CostInHUF"": 2200000, ""Status"": ""InStorage"", ""WarehouseLocation"": ""Warehouse Aisle G \u2013 Shelf 4-4"", ""InspectionDate"": ""2026-09-01T00:00:00Z"", ""CalibrationValidUntil"": ""2027-09-01T00:00:00Z"", ""AssetClass"": ""High-Value Serialized Spare""}",,org-maintenance,Warehouse Aisle G – Shelf 4-4,InStorage,,,,False,Test,,
HardwareComponent,SPARE-KUKA-KRC4-PC-0484,Synthetic KUKA KRC4 Industrial Robot Controller PC #484,Plant Maintenance (Synthetic AI Guild),KUKA,Direct Automation Europe,SN-FAKE-KUKA-0484,,,,"{""CostInHUF"": 3900000, ""Status"": ""InStorage"", ""WarehouseLocation"": ""Warehouse Aisle A \u2013 Shelf 5-5"", ""InspectionDate"": ""2026-09-01T00:00:00Z"", ""CalibrationValidUntil"": ""2027-09-01T00:00:00Z"", ""AssetClass"": ""High-Value Serialized Spare""}",,org-maintenance,Warehouse Aisle A – Shelf 5-5,InStorage,,,,False,Robotics,,
HardwareComponent,SPARE-FEST-VTUG-16-0485,Synthetic Festo VTUG Valve Terminal 16-Valve Multi #485,Plant Maintenance (Synthetic AI Guild),Festo,Direct Automation Europe,SN-FAKE-FEST-0485,,,,"{""CostInHUF"": 850000, ""Status"": ""InStorage"", ""WarehouseLocation"": ""Warehouse Aisle B \u2013 Shelf 6-1"", ""InspectionDate"": ""2026-09-01T00:00:00Z"", ""CalibrationValidUntil"": ""2027-09-01T00:00:00Z"", ""AssetClass"": ""High-Value Serialized Spare""}",,org-maintenance,Warehouse Aisle B – Shelf 6-1,InStorage,,,,False,Assembly,,
HardwareComponent,SPARE-ATLAS-STR-61-0486,Synthetic Atlas Copco Tensor STR-61 Tightening Spindle #486,Plant Maintenance (Synthetic AI Guild),Atlas Copco,Direct Automation Europe,SN-FAKE-ATLA-0486,,,,"{""CostInHUF"": 3100000, ""Status"": ""InStorage"", ""WarehouseLocation"": ""Warehouse Aisle C \u2013 Shelf 7-2"", ""InspectionDate"": ""2026-09-01T00:00:00Z"", ""CalibrationValidUntil"": ""2027-09-01T00:00:00Z"", ""AssetClass"": ""High-Value Serialized Spare""}",,org-maintenance,Warehouse Aisle C – Shelf 7-2,InStorage,,,,False,Fastening,,
HardwareComponent,SPARE-SICK-MICROSCAN-0487,Synthetic SICK microScan3 Core Safety Laser Scanner #487,Plant Maintenance (Synthetic AI Guild),SICK,Direct Automation Europe,SN-FAKE-SICK-0487,,,,"{""CostInHUF"": 1250000, ""Status"": ""InStorage"", ""WarehouseLocation"": ""Warehouse Aisle D \u2013 Shelf 8-3"", ""InspectionDate"": ""2026-09-01T00:00:00Z"", ""CalibrationValidUntil"": ""2027-09-01T00:00:00Z"", ""AssetClass"": ""High-Value Serialized Spare""}",,org-maintenance,Warehouse Aisle D – Shelf 8-3,InStorage,,,,False,Assembly,,
HardwareComponent,SPARE-SEW-MOVIPRO-0488,Synthetic SEW Eurodrive MOVIPRO Decentralized Inverter #488,Plant Maintenance (Synthetic AI Guild),SEW Eurodrive,Direct Automation Europe,SN-FAKE-SEW -0488,,,,"{""CostInHUF"": 1600000, ""Status"": ""InStorage"", ""WarehouseLocation"": ""Warehouse Aisle E \u2013 Shelf 1-4"", ""InspectionDate"": ""2026-09-01T00:00:00Z"", ""CalibrationValidUntil"": ""2027-09-01T00:00:00Z"", ""AssetClass"": ""High-Value Serialized Spare""}",,org-maintenance,Warehouse Aisle E – Shelf 1-4,InStorage,,,,False,Assembly,,
HardwareComponent,SPARE-BALL-RFID-RWD-0489,Synthetic Balluff BIS-M 13.56MHz High-Temp RFID Reader #489,Plant Maintenance (Synthetic AI Guild),Balluff,Direct Automation Europe,SN-FAKE-BALL-0489,,,,"{""CostInHUF"": 480000, ""Status"": ""InStorage"", ""WarehouseLocation"": ""Warehouse Aisle F \u2013 Shelf 2-5"", ""InspectionDate"": ""2026-09-01T00:00:00Z"", ""CalibrationValidUntil"": ""2027-09-01T00:00:00Z"", ""AssetClass"": ""High-Value Serialized Spare""}",,org-maintenance,Warehouse Aisle F – Shelf 2-5,InStorage,,,,False,Test,,
HardwareComponent,SPARE-TRUMPF-OPTIC-0490,Synthetic Trumpf BEO D70 Laser Seam Optical Focus Head #490,Plant Maintenance (Synthetic AI Guild),Trumpf,Direct Automation Europe,SN-FAKE-TRUM-0490,,,,"{""CostInHUF"": 4500000, ""Status"": ""InStorage"", ""WarehouseLocation"": ""Warehouse Aisle G \u2013 Shelf 3-1"", ""InspectionDate"": ""2026-09-01T00:00:00Z"", ""CalibrationValidUntil"": ""2027-09-01T00:00:00Z"", ""AssetClass"": ""High-Value Serialized Spare""}",,org-maintenance,Warehouse Aisle G – Shelf 3-1,InStorage,,,,False,Welding,,
HardwareComponent,SPARE-TOX-E-PRESS-0491,Synthetic TOX ElectricDrive 50kN Servo Press Drive #491,Plant Maintenance (Synthetic AI Guild),TOX Pressotechnik,Direct Automation Europe,SN-FAKE-TOX -0491,,,,"{""CostInHUF"": 4800000, ""Status"": ""InStorage"", ""WarehouseLocation"": ""Warehouse Aisle A \u2013 Shelf 4-2"", ""InspectionDate"": ""2026-09-01T00:00:00Z"", ""CalibrationValidUntil"": ""2027-09-01T00:00:00Z"", ""AssetClass"": ""High-Value Serialized Spare""}",,org-maintenance,Warehouse Aisle A – Shelf 4-2,InStorage,,,,False,Fastening,,
HardwareComponent,SPARE-HIRS-BOBCAT-0492,Synthetic Hirschmann BRS20 Industrial Managed Switch #492,Plant Maintenance (Synthetic AI Guild),Hirschmann,Direct Automation Europe,SN-FAKE-HIRS-0492,,,,"{""CostInHUF"": 720000, ""Status"": ""InStorage"", ""WarehouseLocation"": ""Warehouse Aisle B \u2013 Shelf 5-3"", ""InspectionDate"": ""2026-09-01T00:00:00Z"", ""CalibrationValidUntil"": ""2027-09-01T00:00:00Z"", ""AssetClass"": ""High-Value Serialized Spare""}",,org-maintenance,Warehouse Aisle B – Shelf 5-3,InStorage,,,,False,Platform Operations,,
HardwareComponent,SPARE-SIEM-S7-1500-0493,Synthetic Siemens S7-1500 CPU 1516-3 PN/DP (Spare) #493,Plant Maintenance (Synthetic AI Guild),Siemens,Direct Automation Europe,SN-FAKE-SIEM-0493,,,,"{""CostInHUF"": 2850000, ""Status"": ""InStorage"", ""WarehouseLocation"": ""Warehouse Aisle C \u2013 Shelf 6-4"", ""InspectionDate"": ""2026-09-01T00:00:00Z"", ""CalibrationValidUntil"": ""2027-09-01T00:00:00Z"", ""AssetClass"": ""High-Value Serialized Spare""}",,org-maintenance,Warehouse Aisle C – Shelf 6-4,InStorage,,,,False,Assembly,,
HardwareComponent,SPARE-BECK-AX5000-0494,Synthetic Beckhoff AX5000 Servo Drive 12A (Spare) #494,Plant Maintenance (Synthetic AI Guild),Beckhoff,Direct Automation Europe,SN-FAKE-BECK-0494,,,,"{""CostInHUF"": 1450000, ""Status"": ""InStorage"", ""WarehouseLocation"": ""Warehouse Aisle D \u2013 Shelf 7-5"", ""InspectionDate"": ""2026-09-01T00:00:00Z"", ""CalibrationValidUntil"": ""2027-09-01T00:00:00Z"", ""AssetClass"": ""High-Value Serialized Spare""}",,org-maintenance,Warehouse Aisle D – Shelf 7-5,InStorage,,,,False,Robotics,,
HardwareComponent,SPARE-COGN-IN9912-0495,Synthetic Cognex In-Sight 9912 12MP Inspection Camera #495,Plant Maintenance (Synthetic AI Guild),Cognex,Direct Automation Europe,SN-FAKE-COGN-0495,,,,"{""CostInHUF"": 2200000, ""Status"": ""InStorage"", ""WarehouseLocation"": ""Warehouse Aisle E \u2013 Shelf 8-1"", ""InspectionDate"": ""2026-09-01T00:00:00Z"", ""CalibrationValidUntil"": ""2027-09-01T00:00:00Z"", ""AssetClass"": ""High-Value Serialized Spare""}",,org-maintenance,Warehouse Aisle E – Shelf 8-1,InStorage,,,,False,Test,,
HardwareComponent,SPARE-KUKA-KRC4-PC-0496,Synthetic KUKA KRC4 Industrial Robot Controller PC #496,Plant Maintenance (Synthetic AI Guild),KUKA,Direct Automation Europe,SN-FAKE-KUKA-0496,,,,"{""CostInHUF"": 3900000, ""Status"": ""InStorage"", ""WarehouseLocation"": ""Warehouse Aisle F \u2013 Shelf 1-2"", ""InspectionDate"": ""2026-09-01T00:00:00Z"", ""CalibrationValidUntil"": ""2027-09-01T00:00:00Z"", ""AssetClass"": ""High-Value Serialized Spare""}",,org-maintenance,Warehouse Aisle F – Shelf 1-2,InStorage,,,,False,Robotics,,
HardwareComponent,SPARE-FEST-VTUG-16-0497,Synthetic Festo VTUG Valve Terminal 16-Valve Multi #497,Plant Maintenance (Synthetic AI Guild),Festo,Direct Automation Europe,SN-FAKE-FEST-0497,,,,"{""CostInHUF"": 850000, ""Status"": ""InStorage"", ""WarehouseLocation"": ""Warehouse Aisle G \u2013 Shelf 2-3"", ""InspectionDate"": ""2026-09-01T00:00:00Z"", ""CalibrationValidUntil"": ""2027-09-01T00:00:00Z"", ""AssetClass"": ""High-Value Serialized Spare""}",,org-maintenance,Warehouse Aisle G – Shelf 2-3,InStorage,,,,False,Assembly,,
HardwareComponent,SPARE-ATLAS-STR-61-0498,Synthetic Atlas Copco Tensor STR-61 Tightening Spindle #498,Plant Maintenance (Synthetic AI Guild),Atlas Copco,Direct Automation Europe,SN-FAKE-ATLA-0498,,,,"{""CostInHUF"": 3100000, ""Status"": ""InStorage"", ""WarehouseLocation"": ""Warehouse Aisle A \u2013 Shelf 3-4"", ""InspectionDate"": ""2026-09-01T00:00:00Z"", ""CalibrationValidUntil"": ""2027-09-01T00:00:00Z"", ""AssetClass"": ""High-Value Serialized Spare""}",,org-maintenance,Warehouse Aisle A – Shelf 3-4,InStorage,,,,False,Fastening,,
HardwareComponent,SPARE-SICK-MICROSCAN-0499,Synthetic SICK microScan3 Core Safety Laser Scanner #499,Plant Maintenance (Synthetic AI Guild),SICK,Direct Automation Europe,SN-FAKE-SICK-0499,,,,"{""CostInHUF"": 1250000, ""Status"": ""InStorage"", ""WarehouseLocation"": ""Warehouse Aisle B \u2013 Shelf 4-5"", ""InspectionDate"": ""2026-09-01T00:00:00Z"", ""CalibrationValidUntil"": ""2027-09-01T00:00:00Z"", ""AssetClass"": ""High-Value Serialized Spare""}",,org-maintenance,Warehouse Aisle B – Shelf 4-5,InStorage,,,,False,Assembly,,
HardwareComponent,SPARE-SEW-MOVIPRO-0500,Synthetic SEW Eurodrive MOVIPRO Decentralized Inverter #500,Plant Maintenance (Synthetic AI Guild),SEW Eurodrive,Direct Automation Europe,SN-FAKE-SEW -0500,,,,"{""CostInHUF"": 1600000, ""Status"": ""InStorage"", ""WarehouseLocation"": ""Warehouse Aisle C \u2013 Shelf 5-1"", ""InspectionDate"": ""2026-09-01T00:00:00Z"", ""CalibrationValidUntil"": ""2027-09-01T00:00:00Z"", ""AssetClass"": ""High-Value Serialized Spare""}",,org-maintenance,Warehouse Aisle C – Shelf 5-1,InStorage,,,,False,Assembly,,
HardwareComponent,SPARE-BALL-RFID-RWD-0501,Synthetic Balluff BIS-M 13.56MHz High-Temp RFID Reader #501,Plant Maintenance (Synthetic AI Guild),Balluff,Direct Automation Europe,SN-FAKE-BALL-0501,,,,"{""CostInHUF"": 480000, ""Status"": ""InStorage"", ""WarehouseLocation"": ""Warehouse Aisle D \u2013 Shelf 6-2"", ""InspectionDate"": ""2026-09-01T00:00:00Z"", ""CalibrationValidUntil"": ""2027-09-01T00:00:00Z"", ""AssetClass"": ""High-Value Serialized Spare""}",,org-maintenance,Warehouse Aisle D – Shelf 6-2,InStorage,,,,False,Test,,
HardwareComponent,SPARE-TRUMPF-OPTIC-0502,Synthetic Trumpf BEO D70 Laser Seam Optical Focus Head #502,Plant Maintenance (Synthetic AI Guild),Trumpf,Direct Automation Europe,SN-FAKE-TRUM-0502,,,,"{""CostInHUF"": 4500000, ""Status"": ""InStorage"", ""WarehouseLocation"": ""Warehouse Aisle E \u2013 Shelf 7-3"", ""InspectionDate"": ""2026-09-01T00:00:00Z"", ""CalibrationValidUntil"": ""2027-09-01T00:00:00Z"", ""AssetClass"": ""High-Value Serialized Spare""}",,org-maintenance,Warehouse Aisle E – Shelf 7-3,InStorage,,,,False,Welding,,
HardwareComponent,SPARE-TOX-E-PRESS-0503,Synthetic TOX ElectricDrive 50kN Servo Press Drive #503,Plant Maintenance (Synthetic AI Guild),TOX Pressotechnik,Direct Automation Europe,SN-FAKE-TOX -0503,,,,"{""CostInHUF"": 4800000, ""Status"": ""InStorage"", ""WarehouseLocation"": ""Warehouse Aisle F \u2013 Shelf 8-4"", ""InspectionDate"": ""2026-09-01T00:00:00Z"", ""CalibrationValidUntil"": ""2027-09-01T00:00:00Z"", ""AssetClass"": ""High-Value Serialized Spare""}",,org-maintenance,Warehouse Aisle F – Shelf 8-4,InStorage,,,,False,Fastening,,
HardwareComponent,SPARE-HIRS-BOBCAT-0504,Synthetic Hirschmann BRS20 Industrial Managed Switch #504,Plant Maintenance (Synthetic AI Guild),Hirschmann,Direct Automation Europe,SN-FAKE-HIRS-0504,,,,"{""CostInHUF"": 720000, ""Status"": ""InStorage"", ""WarehouseLocation"": ""Warehouse Aisle G \u2013 Shelf 1-5"", ""InspectionDate"": ""2026-09-01T00:00:00Z"", ""CalibrationValidUntil"": ""2027-09-01T00:00:00Z"", ""AssetClass"": ""High-Value Serialized Spare""}",,org-maintenance,Warehouse Aisle G – Shelf 1-5,InStorage,,,,False,Platform Operations,,
HardwareComponent,SPARE-SIEM-S7-1500-0505,Synthetic Siemens S7-1500 CPU 1516-3 PN/DP (Spare) #505,Plant Maintenance (Synthetic AI Guild),Siemens,Direct Automation Europe,SN-FAKE-SIEM-0505,,,,"{""CostInHUF"": 2850000, ""Status"": ""InStorage"", ""WarehouseLocation"": ""Warehouse Aisle A \u2013 Shelf 2-1"", ""InspectionDate"": ""2026-09-01T00:00:00Z"", ""CalibrationValidUntil"": ""2027-09-01T00:00:00Z"", ""AssetClass"": ""High-Value Serialized Spare""}",,org-maintenance,Warehouse Aisle A – Shelf 2-1,InStorage,,,,False,Assembly,,
HardwareComponent,SPARE-BECK-AX5000-0506,Synthetic Beckhoff AX5000 Servo Drive 12A (Spare) #506,Plant Maintenance (Synthetic AI Guild),Beckhoff,Direct Automation Europe,SN-FAKE-BECK-0506,,,,"{""CostInHUF"": 1450000, ""Status"": ""InStorage"", ""WarehouseLocation"": ""Warehouse Aisle B \u2013 Shelf 3-2"", ""InspectionDate"": ""2026-09-01T00:00:00Z"", ""CalibrationValidUntil"": ""2027-09-01T00:00:00Z"", ""AssetClass"": ""High-Value Serialized Spare""}",,org-maintenance,Warehouse Aisle B – Shelf 3-2,InStorage,,,,False,Robotics,,
HardwareComponent,SPARE-COGN-IN9912-0507,Synthetic Cognex In-Sight 9912 12MP Inspection Camera #507,Plant Maintenance (Synthetic AI Guild),Cognex,Direct Automation Europe,SN-FAKE-COGN-0507,,,,"{""CostInHUF"": 2200000, ""Status"": ""InStorage"", ""WarehouseLocation"": ""Warehouse Aisle C \u2013 Shelf 4-3"", ""InspectionDate"": ""2026-09-01T00:00:00Z"", ""CalibrationValidUntil"": ""2027-09-01T00:00:00Z"", ""AssetClass"": ""High-Value Serialized Spare""}",,org-maintenance,Warehouse Aisle C – Shelf 4-3,InStorage,,,,False,Test,,
HardwareComponent,SPARE-KUKA-KRC4-PC-0508,Synthetic KUKA KRC4 Industrial Robot Controller PC #508,Plant Maintenance (Synthetic AI Guild),KUKA,Direct Automation Europe,SN-FAKE-KUKA-0508,,,,"{""CostInHUF"": 3900000, ""Status"": ""InStorage"", ""WarehouseLocation"": ""Warehouse Aisle D \u2013 Shelf 5-4"", ""InspectionDate"": ""2026-09-01T00:00:00Z"", ""CalibrationValidUntil"": ""2027-09-01T00:00:00Z"", ""AssetClass"": ""High-Value Serialized Spare""}",,org-maintenance,Warehouse Aisle D – Shelf 5-4,InStorage,,,,False,Robotics,,
HardwareComponent,SPARE-FEST-VTUG-16-0509,Synthetic Festo VTUG Valve Terminal 16-Valve Multi #509,Plant Maintenance (Synthetic AI Guild),Festo,Direct Automation Europe,SN-FAKE-FEST-0509,,,,"{""CostInHUF"": 850000, ""Status"": ""InStorage"", ""WarehouseLocation"": ""Warehouse Aisle E \u2013 Shelf 6-5"", ""InspectionDate"": ""2026-09-01T00:00:00Z"", ""CalibrationValidUntil"": ""2027-09-01T00:00:00Z"", ""AssetClass"": ""High-Value Serialized Spare""}",,org-maintenance,Warehouse Aisle E – Shelf 6-5,InStorage,,,,False,Assembly,,
HardwareComponent,SPARE-ATLAS-STR-61-0510,Synthetic Atlas Copco Tensor STR-61 Tightening Spindle #510,Plant Maintenance (Synthetic AI Guild),Atlas Copco,Direct Automation Europe,SN-FAKE-ATLA-0510,,,,"{""CostInHUF"": 3100000, ""Status"": ""InStorage"", ""WarehouseLocation"": ""Warehouse Aisle F \u2013 Shelf 7-1"", ""InspectionDate"": ""2026-09-01T00:00:00Z"", ""CalibrationValidUntil"": ""2027-09-01T00:00:00Z"", ""AssetClass"": ""High-Value Serialized Spare""}",,org-maintenance,Warehouse Aisle F – Shelf 7-1,InStorage,,,,False,Fastening,,
HardwareComponent,SPARE-SICK-MICROSCAN-0511,Synthetic SICK microScan3 Core Safety Laser Scanner #511,Plant Maintenance (Synthetic AI Guild),SICK,Direct Automation Europe,SN-FAKE-SICK-0511,,,,"{""CostInHUF"": 1250000, ""Status"": ""InStorage"", ""WarehouseLocation"": ""Warehouse Aisle G \u2013 Shelf 8-2"", ""InspectionDate"": ""2026-09-01T00:00:00Z"", ""CalibrationValidUntil"": ""2027-09-01T00:00:00Z"", ""AssetClass"": ""High-Value Serialized Spare""}",,org-maintenance,Warehouse Aisle G – Shelf 8-2,InStorage,,,,False,Assembly,,
HardwareComponent,SPARE-SEW-MOVIPRO-0512,Synthetic SEW Eurodrive MOVIPRO Decentralized Inverter #512,Plant Maintenance (Synthetic AI Guild),SEW Eurodrive,Direct Automation Europe,SN-FAKE-SEW -0512,,,,"{""CostInHUF"": 1600000, ""Status"": ""InStorage"", ""WarehouseLocation"": ""Warehouse Aisle A \u2013 Shelf 1-3"", ""InspectionDate"": ""2026-09-01T00:00:00Z"", ""CalibrationValidUntil"": ""2027-09-01T00:00:00Z"", ""AssetClass"": ""High-Value Serialized Spare""}",,org-maintenance,Warehouse Aisle A – Shelf 1-3,InStorage,,,,False,Assembly,,
HardwareComponent,SPARE-BALL-RFID-RWD-0513,Synthetic Balluff BIS-M 13.56MHz High-Temp RFID Reader #513,Plant Maintenance (Synthetic AI Guild),Balluff,Direct Automation Europe,SN-FAKE-BALL-0513,,,,"{""CostInHUF"": 480000, ""Status"": ""InStorage"", ""WarehouseLocation"": ""Warehouse Aisle B \u2013 Shelf 2-4"", ""InspectionDate"": ""2026-09-01T00:00:00Z"", ""CalibrationValidUntil"": ""2027-09-01T00:00:00Z"", ""AssetClass"": ""High-Value Serialized Spare""}",,org-maintenance,Warehouse Aisle B – Shelf 2-4,InStorage,,,,False,Test,,
HardwareComponent,SPARE-TRUMPF-OPTIC-0514,Synthetic Trumpf BEO D70 Laser Seam Optical Focus Head #514,Plant Maintenance (Synthetic AI Guild),Trumpf,Direct Automation Europe,SN-FAKE-TRUM-0514,,,,"{""CostInHUF"": 4500000, ""Status"": ""InStorage"", ""WarehouseLocation"": ""Warehouse Aisle C \u2013 Shelf 3-5"", ""InspectionDate"": ""2026-09-01T00:00:00Z"", ""CalibrationValidUntil"": ""2027-09-01T00:00:00Z"", ""AssetClass"": ""High-Value Serialized Spare""}",,org-maintenance,Warehouse Aisle C – Shelf 3-5,InStorage,,,,False,Welding,,
HardwareComponent,SPARE-TOX-E-PRESS-0515,Synthetic TOX ElectricDrive 50kN Servo Press Drive #515,Plant Maintenance (Synthetic AI Guild),TOX Pressotechnik,Direct Automation Europe,SN-FAKE-TOX -0515,,,,"{""CostInHUF"": 4800000, ""Status"": ""InStorage"", ""WarehouseLocation"": ""Warehouse Aisle D \u2013 Shelf 4-1"", ""InspectionDate"": ""2026-09-01T00:00:00Z"", ""CalibrationValidUntil"": ""2027-09-01T00:00:00Z"", ""AssetClass"": ""High-Value Serialized Spare""}",,org-maintenance,Warehouse Aisle D – Shelf 4-1,InStorage,,,,False,Fastening,,
HardwareComponent,SPARE-HIRS-BOBCAT-0516,Synthetic Hirschmann BRS20 Industrial Managed Switch #516,Plant Maintenance (Synthetic AI Guild),Hirschmann,Direct Automation Europe,SN-FAKE-HIRS-0516,,,,"{""CostInHUF"": 720000, ""Status"": ""InStorage"", ""WarehouseLocation"": ""Warehouse Aisle E \u2013 Shelf 5-2"", ""InspectionDate"": ""2026-09-01T00:00:00Z"", ""CalibrationValidUntil"": ""2027-09-01T00:00:00Z"", ""AssetClass"": ""High-Value Serialized Spare""}",,org-maintenance,Warehouse Aisle E – Shelf 5-2,InStorage,,,,False,Platform Operations,,
HardwareComponent,SPARE-SIEM-S7-1500-0517,Synthetic Siemens S7-1500 CPU 1516-3 PN/DP (Spare) #517,Plant Maintenance (Synthetic AI Guild),Siemens,Direct Automation Europe,SN-FAKE-SIEM-0517,,,,"{""CostInHUF"": 2850000, ""Status"": ""InStorage"", ""WarehouseLocation"": ""Warehouse Aisle F \u2013 Shelf 6-3"", ""InspectionDate"": ""2026-09-01T00:00:00Z"", ""CalibrationValidUntil"": ""2027-09-01T00:00:00Z"", ""AssetClass"": ""High-Value Serialized Spare""}",,org-maintenance,Warehouse Aisle F – Shelf 6-3,InStorage,,,,False,Assembly,,
HardwareComponent,SPARE-BECK-AX5000-0518,Synthetic Beckhoff AX5000 Servo Drive 12A (Spare) #518,Plant Maintenance (Synthetic AI Guild),Beckhoff,Direct Automation Europe,SN-FAKE-BECK-0518,,,,"{""CostInHUF"": 1450000, ""Status"": ""InStorage"", ""WarehouseLocation"": ""Warehouse Aisle G \u2013 Shelf 7-4"", ""InspectionDate"": ""2026-09-01T00:00:00Z"", ""CalibrationValidUntil"": ""2027-09-01T00:00:00Z"", ""AssetClass"": ""High-Value Serialized Spare""}",,org-maintenance,Warehouse Aisle G – Shelf 7-4,InStorage,,,,False,Robotics,,
HardwareComponent,SPARE-COGN-IN9912-0519,Synthetic Cognex In-Sight 9912 12MP Inspection Camera #519,Plant Maintenance (Synthetic AI Guild),Cognex,Direct Automation Europe,SN-FAKE-COGN-0519,,,,"{""CostInHUF"": 2200000, ""Status"": ""InStorage"", ""WarehouseLocation"": ""Warehouse Aisle A \u2013 Shelf 8-5"", ""InspectionDate"": ""2026-09-01T00:00:00Z"", ""CalibrationValidUntil"": ""2027-09-01T00:00:00Z"", ""AssetClass"": ""High-Value Serialized Spare""}",,org-maintenance,Warehouse Aisle A – Shelf 8-5,InStorage,,,,False,Test,,
HardwareComponent,SPARE-KUKA-KRC4-PC-0520,Synthetic KUKA KRC4 Industrial Robot Controller PC #520,Plant Maintenance (Synthetic AI Guild),KUKA,Direct Automation Europe,SN-FAKE-KUKA-0520,,,,"{""CostInHUF"": 3900000, ""Status"": ""InStorage"", ""WarehouseLocation"": ""Warehouse Aisle B \u2013 Shelf 1-1"", ""InspectionDate"": ""2026-09-01T00:00:00Z"", ""CalibrationValidUntil"": ""2027-09-01T00:00:00Z"", ""AssetClass"": ""High-Value Serialized Spare""}",,org-maintenance,Warehouse Aisle B – Shelf 1-1,InStorage,,,,False,Robotics,,
HardwareComponent,SPARE-FEST-VTUG-16-0521,Synthetic Festo VTUG Valve Terminal 16-Valve Multi #521,Plant Maintenance (Synthetic AI Guild),Festo,Direct Automation Europe,SN-FAKE-FEST-0521,,,,"{""CostInHUF"": 850000, ""Status"": ""InStorage"", ""WarehouseLocation"": ""Warehouse Aisle C \u2013 Shelf 2-2"", ""InspectionDate"": ""2026-09-01T00:00:00Z"", ""CalibrationValidUntil"": ""2027-09-01T00:00:00Z"", ""AssetClass"": ""High-Value Serialized Spare""}",,org-maintenance,Warehouse Aisle C – Shelf 2-2,InStorage,,,,False,Assembly,,
HardwareComponent,SPARE-ATLAS-STR-61-0522,Synthetic Atlas Copco Tensor STR-61 Tightening Spindle #522,Plant Maintenance (Synthetic AI Guild),Atlas Copco,Direct Automation Europe,SN-FAKE-ATLA-0522,,,,"{""CostInHUF"": 3100000, ""Status"": ""InStorage"", ""WarehouseLocation"": ""Warehouse Aisle D \u2013 Shelf 3-3"", ""InspectionDate"": ""2026-09-01T00:00:00Z"", ""CalibrationValidUntil"": ""2027-09-01T00:00:00Z"", ""AssetClass"": ""High-Value Serialized Spare""}",,org-maintenance,Warehouse Aisle D – Shelf 3-3,InStorage,,,,False,Fastening,,
HardwareComponent,SPARE-SICK-MICROSCAN-0523,Synthetic SICK microScan3 Core Safety Laser Scanner #523,Plant Maintenance (Synthetic AI Guild),SICK,Direct Automation Europe,SN-FAKE-SICK-0523,,,,"{""CostInHUF"": 1250000, ""Status"": ""InStorage"", ""WarehouseLocation"": ""Warehouse Aisle E \u2013 Shelf 4-4"", ""InspectionDate"": ""2026-09-01T00:00:00Z"", ""CalibrationValidUntil"": ""2027-09-01T00:00:00Z"", ""AssetClass"": ""High-Value Serialized Spare""}",,org-maintenance,Warehouse Aisle E – Shelf 4-4,InStorage,,,,False,Assembly,,
HardwareComponent,SPARE-SEW-MOVIPRO-0524,Synthetic SEW Eurodrive MOVIPRO Decentralized Inverter #524,Plant Maintenance (Synthetic AI Guild),SEW Eurodrive,Direct Automation Europe,SN-FAKE-SEW -0524,,,,"{""CostInHUF"": 1600000, ""Status"": ""InStorage"", ""WarehouseLocation"": ""Warehouse Aisle F \u2013 Shelf 5-5"", ""InspectionDate"": ""2026-09-01T00:00:00Z"", ""CalibrationValidUntil"": ""2027-09-01T00:00:00Z"", ""AssetClass"": ""High-Value Serialized Spare""}",,org-maintenance,Warehouse Aisle F – Shelf 5-5,InStorage,,,,False,Assembly,,
HardwareComponent,SPARE-BALL-RFID-RWD-0525,Synthetic Balluff BIS-M 13.56MHz High-Temp RFID Reader #525,Plant Maintenance (Synthetic AI Guild),Balluff,Direct Automation Europe,SN-FAKE-BALL-0525,,,,"{""CostInHUF"": 480000, ""Status"": ""InStorage"", ""WarehouseLocation"": ""Warehouse Aisle G \u2013 Shelf 6-1"", ""InspectionDate"": ""2026-09-01T00:00:00Z"", ""CalibrationValidUntil"": ""2027-09-01T00:00:00Z"", ""AssetClass"": ""High-Value Serialized Spare""}",,org-maintenance,Warehouse Aisle G – Shelf 6-1,InStorage,,,,False,Test,,
HardwareComponent,SPARE-TRUMPF-OPTIC-0526,Synthetic Trumpf BEO D70 Laser Seam Optical Focus Head #526,Plant Maintenance (Synthetic AI Guild),Trumpf,Direct Automation Europe,SN-FAKE-TRUM-0526,,,,"{""CostInHUF"": 4500000, ""Status"": ""InStorage"", ""WarehouseLocation"": ""Warehouse Aisle A \u2013 Shelf 7-2"", ""InspectionDate"": ""2026-09-01T00:00:00Z"", ""CalibrationValidUntil"": ""2027-09-01T00:00:00Z"", ""AssetClass"": ""High-Value Serialized Spare""}",,org-maintenance,Warehouse Aisle A – Shelf 7-2,InStorage,,,,False,Welding,,
HardwareComponent,SPARE-TOX-E-PRESS-0527,Synthetic TOX ElectricDrive 50kN Servo Press Drive #527,Plant Maintenance (Synthetic AI Guild),TOX Pressotechnik,Direct Automation Europe,SN-FAKE-TOX -0527,,,,"{""CostInHUF"": 4800000, ""Status"": ""InStorage"", ""WarehouseLocation"": ""Warehouse Aisle B \u2013 Shelf 8-3"", ""InspectionDate"": ""2026-09-01T00:00:00Z"", ""CalibrationValidUntil"": ""2027-09-01T00:00:00Z"", ""AssetClass"": ""High-Value Serialized Spare""}",,org-maintenance,Warehouse Aisle B – Shelf 8-3,InStorage,,,,False,Fastening,,
HardwareComponent,SPARE-HIRS-BOBCAT-0528,Synthetic Hirschmann BRS20 Industrial Managed Switch #528,Plant Maintenance (Synthetic AI Guild),Hirschmann,Direct Automation Europe,SN-FAKE-HIRS-0528,,,,"{""CostInHUF"": 720000, ""Status"": ""InStorage"", ""WarehouseLocation"": ""Warehouse Aisle C \u2013 Shelf 1-4"", ""InspectionDate"": ""2026-09-01T00:00:00Z"", ""CalibrationValidUntil"": ""2027-09-01T00:00:00Z"", ""AssetClass"": ""High-Value Serialized Spare""}",,org-maintenance,Warehouse Aisle C – Shelf 1-4,InStorage,,,,False,Platform Operations,,
HardwareComponent,SPARE-SIEM-S7-1500-0529,Synthetic Siemens S7-1500 CPU 1516-3 PN/DP (Spare) #529,Plant Maintenance (Synthetic AI Guild),Siemens,Direct Automation Europe,SN-FAKE-SIEM-0529,,,,"{""CostInHUF"": 2850000, ""Status"": ""InStorage"", ""WarehouseLocation"": ""Warehouse Aisle D \u2013 Shelf 2-5"", ""InspectionDate"": ""2026-09-01T00:00:00Z"", ""CalibrationValidUntil"": ""2027-09-01T00:00:00Z"", ""AssetClass"": ""High-Value Serialized Spare""}",,org-maintenance,Warehouse Aisle D – Shelf 2-5,InStorage,,,,False,Assembly,,
HardwareComponent,SPARE-BECK-AX5000-0530,Synthetic Beckhoff AX5000 Servo Drive 12A (Spare) #530,Plant Maintenance (Synthetic AI Guild),Beckhoff,Direct Automation Europe,SN-FAKE-BECK-0530,,,,"{""CostInHUF"": 1450000, ""Status"": ""InStorage"", ""WarehouseLocation"": ""Warehouse Aisle E \u2013 Shelf 3-1"", ""InspectionDate"": ""2026-09-01T00:00:00Z"", ""CalibrationValidUntil"": ""2027-09-01T00:00:00Z"", ""AssetClass"": ""High-Value Serialized Spare""}",,org-maintenance,Warehouse Aisle E – Shelf 3-1,InStorage,,,,False,Robotics,,
HardwareComponent,SPARE-COGN-IN9912-0531,Synthetic Cognex In-Sight 9912 12MP Inspection Camera #531,Plant Maintenance (Synthetic AI Guild),Cognex,Direct Automation Europe,SN-FAKE-COGN-0531,,,,"{""CostInHUF"": 2200000, ""Status"": ""InStorage"", ""WarehouseLocation"": ""Warehouse Aisle F \u2013 Shelf 4-2"", ""InspectionDate"": ""2026-09-01T00:00:00Z"", ""CalibrationValidUntil"": ""2027-09-01T00:00:00Z"", ""AssetClass"": ""High-Value Serialized Spare""}",,org-maintenance,Warehouse Aisle F – Shelf 4-2,InStorage,,,,False,Test,,
HardwareComponent,SPARE-KUKA-KRC4-PC-0532,Synthetic KUKA KRC4 Industrial Robot Controller PC #532,Plant Maintenance (Synthetic AI Guild),KUKA,Direct Automation Europe,SN-FAKE-KUKA-0532,,,,"{""CostInHUF"": 3900000, ""Status"": ""InStorage"", ""WarehouseLocation"": ""Warehouse Aisle G \u2013 Shelf 5-3"", ""InspectionDate"": ""2026-09-01T00:00:00Z"", ""CalibrationValidUntil"": ""2027-09-01T00:00:00Z"", ""AssetClass"": ""High-Value Serialized Spare""}",,org-maintenance,Warehouse Aisle G – Shelf 5-3,InStorage,,,,False,Robotics,,
HardwareComponent,SPARE-FEST-VTUG-16-0533,Synthetic Festo VTUG Valve Terminal 16-Valve Multi #533,Plant Maintenance (Synthetic AI Guild),Festo,Direct Automation Europe,SN-FAKE-FEST-0533,,,,"{""CostInHUF"": 850000, ""Status"": ""InStorage"", ""WarehouseLocation"": ""Warehouse Aisle A \u2013 Shelf 6-4"", ""InspectionDate"": ""2026-09-01T00:00:00Z"", ""CalibrationValidUntil"": ""2027-09-01T00:00:00Z"", ""AssetClass"": ""High-Value Serialized Spare""}",,org-maintenance,Warehouse Aisle A – Shelf 6-4,InStorage,,,,False,Assembly,,
HardwareComponent,SPARE-ATLAS-STR-61-0534,Synthetic Atlas Copco Tensor STR-61 Tightening Spindle #534,Plant Maintenance (Synthetic AI Guild),Atlas Copco,Direct Automation Europe,SN-FAKE-ATLA-0534,,,,"{""CostInHUF"": 3100000, ""Status"": ""InStorage"", ""WarehouseLocation"": ""Warehouse Aisle B \u2013 Shelf 7-5"", ""InspectionDate"": ""2026-09-01T00:00:00Z"", ""CalibrationValidUntil"": ""2027-09-01T00:00:00Z"", ""AssetClass"": ""High-Value Serialized Spare""}",,org-maintenance,Warehouse Aisle B – Shelf 7-5,InStorage,,,,False,Fastening,,
HardwareComponent,SPARE-SICK-MICROSCAN-0535,Synthetic SICK microScan3 Core Safety Laser Scanner #535,Plant Maintenance (Synthetic AI Guild),SICK,Direct Automation Europe,SN-FAKE-SICK-0535,,,,"{""CostInHUF"": 1250000, ""Status"": ""InStorage"", ""WarehouseLocation"": ""Warehouse Aisle C \u2013 Shelf 8-1"", ""InspectionDate"": ""2026-09-01T00:00:00Z"", ""CalibrationValidUntil"": ""2027-09-01T00:00:00Z"", ""AssetClass"": ""High-Value Serialized Spare""}",,org-maintenance,Warehouse Aisle C – Shelf 8-1,InStorage,,,,False,Assembly,,
HardwareComponent,SPARE-SEW-MOVIPRO-0536,Synthetic SEW Eurodrive MOVIPRO Decentralized Inverter #536,Plant Maintenance (Synthetic AI Guild),SEW Eurodrive,Direct Automation Europe,SN-FAKE-SEW -0536,,,,"{""CostInHUF"": 1600000, ""Status"": ""InStorage"", ""WarehouseLocation"": ""Warehouse Aisle D \u2013 Shelf 1-2"", ""InspectionDate"": ""2026-09-01T00:00:00Z"", ""CalibrationValidUntil"": ""2027-09-01T00:00:00Z"", ""AssetClass"": ""High-Value Serialized Spare""}",,org-maintenance,Warehouse Aisle D – Shelf 1-2,InStorage,,,,False,Assembly,,
HardwareComponent,SPARE-BALL-RFID-RWD-0537,Synthetic Balluff BIS-M 13.56MHz High-Temp RFID Reader #537,Plant Maintenance (Synthetic AI Guild),Balluff,Direct Automation Europe,SN-FAKE-BALL-0537,,,,"{""CostInHUF"": 480000, ""Status"": ""InStorage"", ""WarehouseLocation"": ""Warehouse Aisle E \u2013 Shelf 2-3"", ""InspectionDate"": ""2026-09-01T00:00:00Z"", ""CalibrationValidUntil"": ""2027-09-01T00:00:00Z"", ""AssetClass"": ""High-Value Serialized Spare""}",,org-maintenance,Warehouse Aisle E – Shelf 2-3,InStorage,,,,False,Test,,
HardwareComponent,SPARE-TRUMPF-OPTIC-0538,Synthetic Trumpf BEO D70 Laser Seam Optical Focus Head #538,Plant Maintenance (Synthetic AI Guild),Trumpf,Direct Automation Europe,SN-FAKE-TRUM-0538,,,,"{""CostInHUF"": 4500000, ""Status"": ""InStorage"", ""WarehouseLocation"": ""Warehouse Aisle F \u2013 Shelf 3-4"", ""InspectionDate"": ""2026-09-01T00:00:00Z"", ""CalibrationValidUntil"": ""2027-09-01T00:00:00Z"", ""AssetClass"": ""High-Value Serialized Spare""}",,org-maintenance,Warehouse Aisle F – Shelf 3-4,InStorage,,,,False,Welding,,
HardwareComponent,SPARE-TOX-E-PRESS-0539,Synthetic TOX ElectricDrive 50kN Servo Press Drive #539,Plant Maintenance (Synthetic AI Guild),TOX Pressotechnik,Direct Automation Europe,SN-FAKE-TOX -0539,,,,"{""CostInHUF"": 4800000, ""Status"": ""InStorage"", ""WarehouseLocation"": ""Warehouse Aisle G \u2013 Shelf 4-5"", ""InspectionDate"": ""2026-09-01T00:00:00Z"", ""CalibrationValidUntil"": ""2027-09-01T00:00:00Z"", ""AssetClass"": ""High-Value Serialized Spare""}",,org-maintenance,Warehouse Aisle G – Shelf 4-5,InStorage,,,,False,Fastening,,
HardwareComponent,SPARE-HIRS-BOBCAT-0540,Synthetic Hirschmann BRS20 Industrial Managed Switch #540,Plant Maintenance (Synthetic AI Guild),Hirschmann,Direct Automation Europe,SN-FAKE-HIRS-0540,,,,"{""CostInHUF"": 720000, ""Status"": ""InStorage"", ""WarehouseLocation"": ""Warehouse Aisle A \u2013 Shelf 5-1"", ""InspectionDate"": ""2026-09-01T00:00:00Z"", ""CalibrationValidUntil"": ""2027-09-01T00:00:00Z"", ""AssetClass"": ""High-Value Serialized Spare""}",,org-maintenance,Warehouse Aisle A – Shelf 5-1,InStorage,,,,False,Platform Operations,,
HardwareComponent,SPARE-SIEM-S7-1500-0541,Synthetic Siemens S7-1500 CPU 1516-3 PN/DP (Spare) #541,Plant Maintenance (Synthetic AI Guild),Siemens,Direct Automation Europe,SN-FAKE-SIEM-0541,,,,"{""CostInHUF"": 2850000, ""Status"": ""InStorage"", ""WarehouseLocation"": ""Warehouse Aisle B \u2013 Shelf 6-2"", ""InspectionDate"": ""2026-09-01T00:00:00Z"", ""CalibrationValidUntil"": ""2027-09-01T00:00:00Z"", ""AssetClass"": ""High-Value Serialized Spare""}",,org-maintenance,Warehouse Aisle B – Shelf 6-2,InStorage,,,,False,Assembly,,
HardwareComponent,SPARE-BECK-AX5000-0542,Synthetic Beckhoff AX5000 Servo Drive 12A (Spare) #542,Plant Maintenance (Synthetic AI Guild),Beckhoff,Direct Automation Europe,SN-FAKE-BECK-0542,,,,"{""CostInHUF"": 1450000, ""Status"": ""InStorage"", ""WarehouseLocation"": ""Warehouse Aisle C \u2013 Shelf 7-3"", ""InspectionDate"": ""2026-09-01T00:00:00Z"", ""CalibrationValidUntil"": ""2027-09-01T00:00:00Z"", ""AssetClass"": ""High-Value Serialized Spare""}",,org-maintenance,Warehouse Aisle C – Shelf 7-3,InStorage,,,,False,Robotics,,
HardwareComponent,SPARE-COGN-IN9912-0543,Synthetic Cognex In-Sight 9912 12MP Inspection Camera #543,Plant Maintenance (Synthetic AI Guild),Cognex,Direct Automation Europe,SN-FAKE-COGN-0543,,,,"{""CostInHUF"": 2200000, ""Status"": ""InStorage"", ""WarehouseLocation"": ""Warehouse Aisle D \u2013 Shelf 8-4"", ""InspectionDate"": ""2026-09-01T00:00:00Z"", ""CalibrationValidUntil"": ""2027-09-01T00:00:00Z"", ""AssetClass"": ""High-Value Serialized Spare""}",,org-maintenance,Warehouse Aisle D – Shelf 8-4,InStorage,,,,False,Test,,
HardwareComponent,SPARE-KUKA-KRC4-PC-0544,Synthetic KUKA KRC4 Industrial Robot Controller PC #544,Plant Maintenance (Synthetic AI Guild),KUKA,Direct Automation Europe,SN-FAKE-KUKA-0544,,,,"{""CostInHUF"": 3900000, ""Status"": ""InStorage"", ""WarehouseLocation"": ""Warehouse Aisle E \u2013 Shelf 1-5"", ""InspectionDate"": ""2026-09-01T00:00:00Z"", ""CalibrationValidUntil"": ""2027-09-01T00:00:00Z"", ""AssetClass"": ""High-Value Serialized Spare""}",,org-maintenance,Warehouse Aisle E – Shelf 1-5,InStorage,,,,False,Robotics,,
HardwareComponent,SPARE-FEST-VTUG-16-0545,Synthetic Festo VTUG Valve Terminal 16-Valve Multi #545,Plant Maintenance (Synthetic AI Guild),Festo,Direct Automation Europe,SN-FAKE-FEST-0545,,,,"{""CostInHUF"": 850000, ""Status"": ""InStorage"", ""WarehouseLocation"": ""Warehouse Aisle F \u2013 Shelf 2-1"", ""InspectionDate"": ""2026-09-01T00:00:00Z"", ""CalibrationValidUntil"": ""2027-09-01T00:00:00Z"", ""AssetClass"": ""High-Value Serialized Spare""}",,org-maintenance,Warehouse Aisle F – Shelf 2-1,InStorage,,,,False,Assembly,,
HardwareComponent,SPARE-ATLAS-STR-61-0546,Synthetic Atlas Copco Tensor STR-61 Tightening Spindle #546,Plant Maintenance (Synthetic AI Guild),Atlas Copco,Direct Automation Europe,SN-FAKE-ATLA-0546,,,,"{""CostInHUF"": 3100000, ""Status"": ""InStorage"", ""WarehouseLocation"": ""Warehouse Aisle G \u2013 Shelf 3-2"", ""InspectionDate"": ""2026-09-01T00:00:00Z"", ""CalibrationValidUntil"": ""2027-09-01T00:00:00Z"", ""AssetClass"": ""High-Value Serialized Spare""}",,org-maintenance,Warehouse Aisle G – Shelf 3-2,InStorage,,,,False,Fastening,,
HardwareComponent,SPARE-SICK-MICROSCAN-0547,Synthetic SICK microScan3 Core Safety Laser Scanner #547,Plant Maintenance (Synthetic AI Guild),SICK,Direct Automation Europe,SN-FAKE-SICK-0547,,,,"{""CostInHUF"": 1250000, ""Status"": ""InStorage"", ""WarehouseLocation"": ""Warehouse Aisle A \u2013 Shelf 4-3"", ""InspectionDate"": ""2026-09-01T00:00:00Z"", ""CalibrationValidUntil"": ""2027-09-01T00:00:00Z"", ""AssetClass"": ""High-Value Serialized Spare""}",,org-maintenance,Warehouse Aisle A – Shelf 4-3,InStorage,,,,False,Assembly,,
HardwareComponent,SPARE-SEW-MOVIPRO-0548,Synthetic SEW Eurodrive MOVIPRO Decentralized Inverter #548,Plant Maintenance (Synthetic AI Guild),SEW Eurodrive,Direct Automation Europe,SN-FAKE-SEW -0548,,,,"{""CostInHUF"": 1600000, ""Status"": ""InStorage"", ""WarehouseLocation"": ""Warehouse Aisle B \u2013 Shelf 5-4"", ""InspectionDate"": ""2026-09-01T00:00:00Z"", ""CalibrationValidUntil"": ""2027-09-01T00:00:00Z"", ""AssetClass"": ""High-Value Serialized Spare""}",,org-maintenance,Warehouse Aisle B – Shelf 5-4,InStorage,,,,False,Assembly,,
HardwareComponent,SPARE-BALL-RFID-RWD-0549,Synthetic Balluff BIS-M 13.56MHz High-Temp RFID Reader #549,Plant Maintenance (Synthetic AI Guild),Balluff,Direct Automation Europe,SN-FAKE-BALL-0549,,,,"{""CostInHUF"": 480000, ""Status"": ""InStorage"", ""WarehouseLocation"": ""Warehouse Aisle C \u2013 Shelf 6-5"", ""InspectionDate"": ""2026-09-01T00:00:00Z"", ""CalibrationValidUntil"": ""2027-09-01T00:00:00Z"", ""AssetClass"": ""High-Value Serialized Spare""}",,org-maintenance,Warehouse Aisle C – Shelf 6-5,InStorage,,,,False,Test,,
HardwareComponent,SPARE-TRUMPF-OPTIC-0550,Synthetic Trumpf BEO D70 Laser Seam Optical Focus Head #550,Plant Maintenance (Synthetic AI Guild),Trumpf,Direct Automation Europe,SN-FAKE-TRUM-0550,,,,"{""CostInHUF"": 4500000, ""Status"": ""InStorage"", ""WarehouseLocation"": ""Warehouse Aisle D \u2013 Shelf 7-1"", ""InspectionDate"": ""2026-09-01T00:00:00Z"", ""CalibrationValidUntil"": ""2027-09-01T00:00:00Z"", ""AssetClass"": ""High-Value Serialized Spare""}",,org-maintenance,Warehouse Aisle D – Shelf 7-1,InStorage,,,,False,Welding,,
HardwareComponent,STK-PNEU-QS4,Simulated Festo QS-1/8-4 Quick Push-In Fittings,Plant Maintenance (Synthetic AI Guild),Festo,RS Components,LOT-2026-AI-001,,,,"{""StockQuantity"": 180, ""MinStockThreshold"": 40, ""StorageBin"": ""Bin PNEU-01"", ""LotNumber"": ""LOT-2026-AI-001"", ""UnitOfMeasure"": ""Units / Packs""}",,org-maintenance,Bin PNEU-01,InStorage,,180,40,True,Assembly,,
HardwareComponent,STK-PNEU-QS6,Simulated Festo QS-1/4-6 Quick Couplers,Plant Maintenance (Synthetic AI Guild),Festo,RS Components,LOT-2026-AI-002,,,,"{""StockQuantity"": 240, ""MinStockThreshold"": 50, ""StorageBin"": ""Bin PNEU-02"", ""LotNumber"": ""LOT-2026-AI-002"", ""UnitOfMeasure"": ""Units / Packs""}",,org-maintenance,Bin PNEU-02,InStorage,,240,50,True,Assembly,,
HardwareComponent,STK-PNEU-QS8,Simulated Festo QS-1/4-8 Pneumatic Fittings,Plant Maintenance (Synthetic AI Guild),Festo,RS Components,LOT-2026-AI-003,,,,"{""StockQuantity"": 310, ""MinStockThreshold"": 60, ""StorageBin"": ""Bin PNEU-03"", ""LotNumber"": ""LOT-2026-AI-003"", ""UnitOfMeasure"": ""Units / Packs""}",,org-maintenance,Bin PNEU-03,InStorage,,310,60,True,Assembly,,
HardwareComponent,STK-PNEU-QS10,Simulated Festo QS-3/8-10 Heavy Pneumatic Couplers,Plant Maintenance (Synthetic AI Guild),Festo,RS Components,LOT-2026-AI-004,,,,"{""StockQuantity"": 140, ""MinStockThreshold"": 30, ""StorageBin"": ""Bin PNEU-04"", ""LotNumber"": ""LOT-2026-AI-004"", ""UnitOfMeasure"": ""Units / Packs""}",,org-maintenance,Bin PNEU-04,InStorage,,140,30,True,Assembly,,
HardwareComponent,STK-TUBE-PU8-BL,Simulated Festo PUN-H-8x1.25 Blue Tubing (50m Roll),Plant Maintenance (Synthetic AI Guild),Festo,RS Components,LOT-2026-AI-005,,,,"{""StockQuantity"": 25, ""MinStockThreshold"": 5, ""StorageBin"": ""Bin PNEU-05"", ""LotNumber"": ""LOT-2026-AI-005"", ""UnitOfMeasure"": ""Units / Packs""}",,org-maintenance,Bin PNEU-05,InStorage,,25,5,True,Assembly,,
HardwareComponent,STK-TUBE-PU6-BK,Simulated Festo PUN-H-6x1.0 Black Tubing (50m Roll),Plant Maintenance (Synthetic AI Guild),Festo,RS Components,LOT-2026-AI-006,,,,"{""StockQuantity"": 30, ""MinStockThreshold"": 8, ""StorageBin"": ""Bin PNEU-06"", ""LotNumber"": ""LOT-2026-AI-006"", ""UnitOfMeasure"": ""Units / Packs""}",,org-maintenance,Bin PNEU-06,InStorage,,30,8,True,Assembly,,
HardwareComponent,STK-SCRW-M3-10,Simulated Würth DIN 912 M3x10mm Socket Head Screws (100x Box),Plant Maintenance (Synthetic AI Guild),Würth,RS Components,LOT-2026-AI-007,,,,"{""StockQuantity"": 85, ""MinStockThreshold"": 20, ""StorageBin"": ""Bin FAST-01"", ""LotNumber"": ""LOT-2026-AI-007"", ""UnitOfMeasure"": ""Units / Packs""}",,org-maintenance,Bin FAST-01,InStorage,,85,20,True,Fastening,,
HardwareComponent,STK-SCRW-M4-16,Simulated Würth DIN 912 M4x16mm Socket Head Screws (100x Box),Plant Maintenance (Synthetic AI Guild),Würth,RS Components,LOT-2026-AI-008,,,,"{""StockQuantity"": 120, ""MinStockThreshold"": 25, ""StorageBin"": ""Bin FAST-02"", ""LotNumber"": ""LOT-2026-AI-008"", ""UnitOfMeasure"": ""Units / Packs""}",,org-maintenance,Bin FAST-02,InStorage,,120,25,True,Fastening,,
HardwareComponent,STK-SCRW-M5-20,Simulated Würth DIN 912 M5x20mm High-Tensile Bolts (100x Box),Plant Maintenance (Synthetic AI Guild),Würth,RS Components,LOT-2026-AI-009,,,,"{""StockQuantity"": 95, ""MinStockThreshold"": 20, ""StorageBin"": ""Bin FAST-03"", ""LotNumber"": ""LOT-2026-AI-009"", ""UnitOfMeasure"": ""Units / Packs""}",,org-maintenance,Bin FAST-03,InStorage,,95,20,True,Fastening,,
HardwareComponent,STK-SCRW-M6-25,Simulated Würth DIN 912 M6x25mm Grade 8.8 Screws (100x Box),Plant Maintenance (Synthetic AI Guild),Würth,RS Components,LOT-2026-AI-010,,,,"{""StockQuantity"": 150, ""MinStockThreshold"": 30, ""StorageBin"": ""Bin FAST-04"", ""LotNumber"": ""LOT-2026-AI-010"", ""UnitOfMeasure"": ""Units / Packs""}",,org-maintenance,Bin FAST-04,InStorage,,150,30,True,Fastening,,
HardwareComponent,STK-SCRW-M8-30,Simulated Würth DIN 912 M8x30mm Grade 10.9 Bolts (50x Box),Plant Maintenance (Synthetic AI Guild),Würth,RS Components,LOT-2026-AI-011,,,,"{""StockQuantity"": 80, ""MinStockThreshold"": 20, ""StorageBin"": ""Bin FAST-05"", ""LotNumber"": ""LOT-2026-AI-011"", ""UnitOfMeasure"": ""Units / Packs""}",,org-maintenance,Bin FAST-05,InStorage,,80,20,True,Fastening,,
HardwareComponent,STK-NUT-M8-FLG,Simulated Würth DIN 6923 M8 Hex Flange Locking Nuts (100x Box),Plant Maintenance (Synthetic AI Guild),Würth,RS Components,LOT-2026-AI-012,,,,"{""StockQuantity"": 110, ""MinStockThreshold"": 25, ""StorageBin"": ""Bin FAST-06"", ""LotNumber"": ""LOT-2026-AI-012"", ""UnitOfMeasure"": ""Units / Packs""}",,org-maintenance,Bin FAST-06,InStorage,,110,25,True,Fastening,,
HardwareComponent,STK-BOLT-M10-40,Simulated Würth DIN 7991 M10x40mm Countersunk Hex Bolts (50x),Plant Maintenance (Synthetic AI Guild),Würth,RS Components,LOT-2026-AI-013,,,,"{""StockQuantity"": 60, ""MinStockThreshold"": 15, ""StorageBin"": ""Bin FAST-07"", ""LotNumber"": ""LOT-2026-AI-013"", ""UnitOfMeasure"": ""Units / Packs""}",,org-maintenance,Bin FAST-07,InStorage,,60,15,True,Fastening,,
HardwareComponent,STK-ALUM-4040-1M,Simulated Bosch Rexroth 40x40 Strut Profile (1000mm Cut),Plant Maintenance (Synthetic AI Guild),Bosch Rexroth,RS Components,LOT-2026-AI-014,,,,"{""StockQuantity"": 45, ""MinStockThreshold"": 10, ""StorageBin"": ""Rack STRUT-A1"", ""LotNumber"": ""LOT-2026-AI-014"", ""UnitOfMeasure"": ""Units / Packs""}",,org-maintenance,Rack STRUT-A1,InStorage,,45,10,True,Assembly,,
HardwareComponent,STK-ALUM-4040-2M,Simulated Bosch Rexroth 40x40 Strut Profile (2000mm Bar),Plant Maintenance (Synthetic AI Guild),Bosch Rexroth,RS Components,LOT-2026-AI-015,,,,"{""StockQuantity"": 35, ""MinStockThreshold"": 8, ""StorageBin"": ""Rack STRUT-A2"", ""LotNumber"": ""LOT-2026-AI-015"", ""UnitOfMeasure"": ""Units / Packs""}",,org-maintenance,Rack STRUT-A2,InStorage,,35,8,True,Assembly,,
HardwareComponent,STK-ALUM-4545-1M,Simulated Bosch Rexroth 45x45 Heavy Modular Strut (1000mm),Plant Maintenance (Synthetic AI Guild),Bosch Rexroth,RS Components,LOT-2026-AI-016,,,,"{""StockQuantity"": 50, ""MinStockThreshold"": 12, ""StorageBin"": ""Rack STRUT-B1"", ""LotNumber"": ""LOT-2026-AI-016"", ""UnitOfMeasure"": ""Units / Packs""}",,org-maintenance,Rack STRUT-B1,InStorage,,50,12,True,Assembly,,
HardwareComponent,STK-ALUM-4590-2M,Simulated Bosch Rexroth 45x90 Structural Beam (2000mm Bar),Plant Maintenance (Synthetic AI Guild),Bosch Rexroth,RS Components,LOT-2026-AI-017,,,,"{""StockQuantity"": 20, ""MinStockThreshold"": 5, ""StorageBin"": ""Rack STRUT-B2"", ""LotNumber"": ""LOT-2026-AI-017"", ""UnitOfMeasure"": ""Units / Packs""}",,org-maintenance,Rack STRUT-B2,InStorage,,20,5,True,Assembly,,
HardwareComponent,STK-ALUM-BRKT-40,Simulated Bosch Rexroth 40x40 Cast Aluminum Corner Brackets,Plant Maintenance (Synthetic AI Guild),Bosch Rexroth,RS Components,LOT-2026-AI-018,,,,"{""StockQuantity"": 250, ""MinStockThreshold"": 50, ""StorageBin"": ""Bin STRUT-C1"", ""LotNumber"": ""LOT-2026-AI-018"", ""UnitOfMeasure"": ""Units / Packs""}",,org-maintenance,Bin STRUT-C1,InStorage,,250,50,True,Assembly,,
HardwareComponent,STK-ALUM-TNUT-M8,Simulated Bosch Rexroth M8 T-Slot Roll-In Spring Nuts (100x),Plant Maintenance (Synthetic AI Guild),Bosch Rexroth,RS Components,LOT-2026-AI-019,,,,"{""StockQuantity"": 180, ""MinStockThreshold"": 40, ""StorageBin"": ""Bin STRUT-C2"", ""LotNumber"": ""LOT-2026-AI-019"", ""UnitOfMeasure"": ""Units / Packs""}",,org-maintenance,Bin STRUT-C2,InStorage,,180,40,True,Assembly,,
HardwareComponent,STK-TERM-PT25,Simulated Phoenix Contact PT 2.5 DIN Rail Terminal Blocks,Plant Maintenance (Synthetic AI Guild),Phoenix Contact,RS Components,LOT-2026-AI-020,,,,"{""StockQuantity"": 350, ""MinStockThreshold"": 80, ""StorageBin"": ""Bin ELEC-01"", ""LotNumber"": ""LOT-2026-AI-020"", ""UnitOfMeasure"": ""Units / Packs""}",,org-maintenance,Bin ELEC-01,InStorage,,350,80,True,Assembly,,
HardwareComponent,STK-FERR-15MM,Simulated Phoenix Contact Insulated Wire Ferrules 1.5mm² (500x),Plant Maintenance (Synthetic AI Guild),Phoenix Contact,RS Components,LOT-2026-AI-021,,,,"{""StockQuantity"": 90, ""MinStockThreshold"": 20, ""StorageBin"": ""Bin ELEC-02"", ""LotNumber"": ""LOT-2026-AI-021"", ""UnitOfMeasure"": ""Units / Packs""}",,org-maintenance,Bin ELEC-02,InStorage,,90,20,True,Assembly,,
HardwareComponent,STK-TIE-200MM,Simulated UV-Resistant Industrial Zip Cable Ties 200mm (500x),Plant Maintenance (Synthetic AI Guild),HellermannTyton,RS Components,LOT-2026-AI-022,,,,"{""StockQuantity"": 140, ""MinStockThreshold"": 30, ""StorageBin"": ""Bin ELEC-03"", ""LotNumber"": ""LOT-2026-AI-022"", ""UnitOfMeasure"": ""Units / Packs""}",,org-maintenance,Bin ELEC-03,InStorage,,140,30,True,Assembly,,
HardwareComponent,STK-DISP-NZ25,Simulated Nordson Precision Dispenser Nozzles 0.25mm Luer Lock,Plant Maintenance (Synthetic AI Guild),Nordson,RS Components,LOT-2026-AI-023,,,,"{""StockQuantity"": 65, ""MinStockThreshold"": 15, ""StorageBin"": ""Bin DISP-01"", ""LotNumber"": ""LOT-2026-AI-023"", ""UnitOfMeasure"": ""Units / Packs""}",,org-maintenance,Bin DISP-01,InStorage,,65,15,True,Dispensing,,
